
/*!40101 SET @OLD_CHARACTER_SET_CLIENT=@@CHARACTER_SET_CLIENT */;
/*!40101 SET @OLD_CHARACTER_SET_RESULTS=@@CHARACTER_SET_RESULTS */;
/*!40101 SET @OLD_COLLATION_CONNECTION=@@COLLATION_CONNECTION */;
/*!40101 SET NAMES utf8mb4 */;
/*!40103 SET @OLD_TIME_ZONE=@@TIME_ZONE */;
/*!40103 SET TIME_ZONE='+00:00' */;
/*!40014 SET @OLD_UNIQUE_CHECKS=@@UNIQUE_CHECKS, UNIQUE_CHECKS=0 */;
/*!40014 SET @OLD_FOREIGN_KEY_CHECKS=@@FOREIGN_KEY_CHECKS, FOREIGN_KEY_CHECKS=0 */;
/*!40101 SET @OLD_SQL_MODE=@@SQL_MODE, SQL_MODE='NO_AUTO_VALUE_ON_ZERO' */;
/*!40111 SET @OLD_SQL_NOTES=@@SQL_NOTES, SQL_NOTES=0 */;
DROP TABLE IF EXISTS `cabang`;
/*!40101 SET @saved_cs_client     = @@character_set_client */;
/*!40101 SET character_set_client = utf8 */;
CREATE TABLE `cabang` (
  `id` bigint(20) unsigned NOT NULL AUTO_INCREMENT,
  `kode_cabang` varchar(15) COLLATE utf8mb4_unicode_ci NOT NULL,
  `cabang` varchar(255) COLLATE utf8mb4_unicode_ci NOT NULL,
  `alamat` varchar(255) COLLATE utf8mb4_unicode_ci NOT NULL,
  `created_at` timestamp NULL DEFAULT NULL,
  `updated_at` timestamp NULL DEFAULT NULL,
  PRIMARY KEY (`id`),
  UNIQUE KEY `cabang_kode_cabang_unique` (`kode_cabang`)
) ENGINE=InnoDB AUTO_INCREMENT=33 DEFAULT CHARSET=utf8mb4 COLLATE=utf8mb4_unicode_ci;
/*!40101 SET character_set_client = @saved_cs_client */;

LOCK TABLES `cabang` WRITE;
/*!40000 ALTER TABLE `cabang` DISABLE KEYS */;
INSERT INTO `cabang` VALUES (1,'001','Surabaya','JL. Ciliwung No.11',NULL,NULL),(2,'002','Pamekasan','Jl. Jokotole No. 8 Kec. Pademawu, Pamekasan',NULL,NULL),(3,'003','Bangkalan','Jl. Teuku Umar No. 33A, Bangkalan',NULL,NULL),(4,'004','Banyuwangi','Jl. Letkol Istiqlah No. 09, Banyuwangi',NULL,NULL),(5,'005','Lumajang','Jl. Veteran No. 18B, Lumajang',NULL,NULL),(6,'006','Probolinggo','Jl. KH. Hasan Genggong No. 244 Kebonsari Wetan, Probolinggo',NULL,NULL),(7,'007','Pasuruan','Jl. KH. Ahmad Dahlan No. 10, Pasuruan',NULL,NULL),(8,'008','Malang','Jl. R. Tumenggung Suryo No. 35 Kav. 7, Malang',NULL,NULL),(9,'009','Ngawi','Jl. S. Parman No. 8, Ngawi',NULL,NULL),(10,'010','Blitar','Jl. Kalimantan No.59 Sananwetan, Blitar',NULL,NULL),(11,'011','Kediri','jl. kilisuci No. 81 C-D RT:28/RW:6 Kel. Singonegaran Kec.Pesantren Kota Kediri',NULL,NULL),(12,'012','Mojokerto','Jl. Majapahit No. 381 Prajurit Kulon, Mojokerto',NULL,NULL),(13,'013','Jombang','Jl. Dr. Sutomo No. 7 Kepanjen, Jombang',NULL,NULL),(14,'014','Nganjuk','Jl. Merdeka Kav 2 No. 2B, Kec Nganjuk, Kab Nganjuk',NULL,NULL),(15,'015','Madiun','Jl. Parikesit No. 6, Madiun',NULL,NULL),(16,'016','Tulungagung','Jl. Ki Mangun Sarkoro Vila Satwika No. A 1, Tulungagung',NULL,NULL),(17,'017','Trenggalek','Jl. Jaksa Agung Suprapto No. 17, Trenggalek',NULL,NULL),(18,'018','Ponorogo','Jl. MH. Thamrin No. 51, Ponorogo',NULL,NULL),(19,'019','Gresik','JL. Jaksa Agung Suprapto No. 08, Gresik',NULL,NULL),(20,'020','Lamongan','Jl. Wahidin Sudiro Husodo No. 96 Banjar Mendalan, Lamongan',NULL,NULL),(21,'021','Magetan','Jl. Raya Gorang-Gareng Maospati, Magetan',NULL,NULL),(22,'022','Pacitan','Jl. Tentara Pelajar No. 165, Pacitan',NULL,NULL),(23,'023','Sidoarjo','Jl. Raya Gelam No. 49 Kec. Candi, Sidoarjo',NULL,NULL),(24,'024','Jember','Jl. Darmawangsa Ruko Graha Wijaya Kav. 14 Kec. Sukorambi, Jember',NULL,NULL),(25,'025','Tuban','Jl. Pramuka No. 10A Kel Ronggomulyo Kec./Kab. Tuban',NULL,NULL),(26,'026','Batu','Jl. Ahmad Yani no 4 RT:3/RW:7 Kelurahan Ngaklik, Kota Batu',NULL,NULL),(27,'027','Situbondo','Jl. Wijaya Kusuma 82A RT.04 RW.01 Des/Kel.Dawuhan Kec/Kab. Situbondo.',NULL,NULL),(28,'028','Bojonegoro','Jl. Teuku Umar 30, Bojonegoro',NULL,NULL),(29,'029','Bondowoso','Jl. Kyai Haji Wahid Hasyim Nomor 168, Ruko Crown Plaza Kavling 3 Bondowoso Kabupaten Bondowoso',NULL,NULL),(30,'030','Sumenep','Jl Trunojoyo, Desa Kolor, Kec Kota Sumenep, Kab Sumenep (Komplek Ruko Arya Wiraraja)',NULL,NULL),(31,'031','Kepanjen','Jl. Kawi, Kec Kepanjen, Kab Malang (Ruko Kepanjen City)',NULL,NULL),(32,'032','Sampang','Jl. Rajawali No. 48, Kel. Karangdalem, Kec. Sampang, Kab. Sampang',NULL,NULL);
/*!40000 ALTER TABLE `cabang` ENABLE KEYS */;
UNLOCK TABLES;
DROP TABLE IF EXISTS `calon_nasabah`;
/*!40101 SET @saved_cs_client     = @@character_set_client */;
/*!40101 SET character_set_client = utf8 */;
CREATE TABLE `calon_nasabah` (
  `id` bigint(20) unsigned NOT NULL AUTO_INCREMENT,
  `nama` varchar(255) COLLATE utf8mb4_unicode_ci NOT NULL,
  `alamat_rumah` text COLLATE utf8mb4_unicode_ci NOT NULL,
  `alamat_usaha` text COLLATE utf8mb4_unicode_ci NOT NULL,
  `no_ktp` varchar(16) COLLATE utf8mb4_unicode_ci NOT NULL,
  `tempat_lahir` varchar(255) COLLATE utf8mb4_unicode_ci NOT NULL,
  `tanggal_lahir` date NOT NULL,
  `status` varchar(255) COLLATE utf8mb4_unicode_ci NOT NULL,
  `sektor_kredit` varchar(255) COLLATE utf8mb4_unicode_ci NOT NULL,
  `jenis_usaha` varchar(255) COLLATE utf8mb4_unicode_ci NOT NULL,
  `jumlah_kredit` varchar(255) COLLATE utf8mb4_unicode_ci NOT NULL,
  `tujuan_kredit` text COLLATE utf8mb4_unicode_ci NOT NULL,
  `jaminan_kredit` text COLLATE utf8mb4_unicode_ci NOT NULL,
  `hubungan_bank` text COLLATE utf8mb4_unicode_ci NOT NULL,
  `verifikasi_umum` text COLLATE utf8mb4_unicode_ci NOT NULL,
  `id_user` bigint(20) unsigned NOT NULL,
  `id_kabupaten` bigint(20) unsigned NOT NULL,
  `id_kecamatan` bigint(20) unsigned NOT NULL,
  `id_desa` bigint(20) unsigned NOT NULL,
  `created_at` timestamp NULL DEFAULT NULL,
  `updated_at` timestamp NULL DEFAULT NULL,
  `id_pengajuan` bigint(20) unsigned NOT NULL,
  `tenor_yang_diminta` tinyint(4) DEFAULT NULL,
  PRIMARY KEY (`id`),
  KEY `calon_nasabah_id_user_foreign` (`id_user`),
  KEY `calon_nasabah_id_kabupaten_foreign` (`id_kabupaten`),
  KEY `calon_nasabah_id_kecamatan_foreign` (`id_kecamatan`),
  KEY `calon_nasabah_id_desa_foreign` (`id_desa`),
  KEY `calon_nasabah_id_pengajuan_foreign` (`id_pengajuan`)
) ENGINE=InnoDB AUTO_INCREMENT=25 DEFAULT CHARSET=utf8mb4 COLLATE=utf8mb4_unicode_ci;
/*!40101 SET character_set_client = @saved_cs_client */;

LOCK TABLES `calon_nasabah` WRITE;
/*!40000 ALTER TABLE `calon_nasabah` DISABLE KEYS */;
INSERT INTO `calon_nasabah` VALUES (1,'Yan Dwi S','Jambangan','dwa','3511111706990007','Bandung','1999-06-17','menikah','perdagangan','Dagang Ayam','10000000','wad','dwa','dwad','dwad',5,3501,350101,3501012001,'2022-09-21 04:52:23','2022-09-21 04:52:23',1,1),(2,'Adri Kurniawan','Jl. Setail','dwada','231','wad','1999-06-17','menikah','perdagangan','Kelontong','10000000','dwadwa','dwad','wdadw','dwadwa',5,3501,350102,3501022002,'2022-09-21 13:37:31','2022-09-21 13:37:31',2,1),(9,'Arsyad Arthan N','Jl. Brigpol Sudarlan RT.08 RW.03','Jl. Brigpol Sudarlan RT.08 RW.03','3511111706990007','Bandung','1999-06-17','menikah','perdagangan','daw','10000000','oke','oke','ok','ok',5,3511,351101,3511012001,'2022-09-30 14:21:17','2022-09-30 14:21:17',9,1),(10,'Arsyad Arthan Nurrohim','Jl. Brigpol Sudarlan RT.08 RW.03','Jl. Brigpol Sudarlan RT.08 RW.03','3511111706990007','dwa','1999-06-17','menikah','perdagangan','dwa','10000000','23121309','2131','dwad','231',5,3511,351102,3511022001,'2022-10-05 06:15:26','2022-10-05 06:15:26',10,1),(11,'Arsyad Arthan N','Jl. Brigpol Sudarlan RT.08 RW.03','Jl. Brigpol Sudarlan RT.08 RW.03','3511111706990007','Bandung','1999-06-17','menikah','perdagangan','dwad','10000000','dwad','dwad','dwa','wda',5,3511,351101,3511012001,'2022-10-05 10:50:29','2022-10-11 07:23:42',11,1),(12,'Ananda Dian P L','Jl. Kembang','Jl. Kembang','3578060705920002','Bandung','1999-06-17','menikah','perdagangan','dwa','10000000','wda','dwad','dwa','wdad',5,3526,352601,3526011001,'2022-10-11 15:04:03','2022-10-13 02:30:02',12,1),(18,'Arsyad Arthan N','Jl. Brigpol Sudarlan RT.08 RW.03','Jl. Brigpol Sudarlan RT.08 RW.03','3511111706990007','Bandung','1999-06-17','menikah','perdagangan','dwda','10000000','dwa','dwa','dwa','dwa',5,3511,351101,3511012001,'2022-11-15 06:48:08','2022-11-15 06:48:08',20,1),(19,'Maulana Malik Ibrahim','Perum Pancoran mas blok F1 desa Pancoran, kecamatan Bondowoso, kabupaten Bondowoso','Lorem ipsum dolor sit amet, consectetur adipiscing elit, sed do eiusmod tempor incididunt ut labore et dolore magna aliqua','245354376246','Bondowoso','2022-11-16','belum menikah','perindustrian','Lorem ipsum dolor sit amet, consectetur adipiscing elit, sed do eiusmod tempor incididunt ut labore et dolore magna aliqua','50000000','Lorem ipsum dolor sit amet, consectetur adipiscing elit, sed do eiusmod tempor incididunt ut labore et dolore magna aliqua','Lorem ipsum dolor sit amet, consectetur adipiscing elit, sed do eiusmod tempor incididunt ut labore et dolore magna aliqua','Lorem ipsum dolor sit amet, consectetur adipiscing elit, sed do eiusmod tempor incididunt ut labore et dolore magna aliqua','Lorem ipsum dolor sit amet, consectetur adipiscing elit, sed do eiusmod tempor incididunt ut labore et dolore magna aliqua',5,3511,351111,3511112001,'2022-11-17 03:21:24','2022-11-17 03:21:24',21,3),(20,'Hafidz Fadhillah Febrianto','Jln Nangka','Jln Nangka','3445576878979878','Lumajang','2004-02-21','belum menikah','perdagangan','Gatau','100000000','Gatau','Gatau','Gatau','Gatau',5,3508,350810,3508101012,'2023-01-14 15:03:12','2023-01-14 15:03:12',22,1),(21,'Budi','Jln. Nangka, Kepuharjo, Lumajang, RW 03 RT 03','Jln. Nangka, Kepuharjo, Lumajang, RW 03 RT 03','3614893174134813','Lumajang','0004-02-21','menikah','perdagangan','Gatau','1000000','Gatau','Gatau','Gatau','Gatau',5,3503,350301,3503012001,'2023-01-16 02:25:40','2023-01-16 02:25:40',24,1),(22,'Elaine Brock','Qui duis ad praesent','Et est non voluptat','850','12','2003-04-02','menikah','perindustrian','In adipisci cupidata','200000','Est deleniti dolore','Excepturi id minima','Nostrud excepturi pl','Porro duis et est do',5,3513,351301,3513012002,'2023-01-16 12:57:50','2023-01-16 12:57:50',25,4),(23,'Gilang Ramadhan','Jln. Nangka, Kepuharjo, Lumajang, RW 03 RT 03','Jln. Nangka, Kepuharjo, Lumajang, RW 03 RT 03','3578491204031483','Lumajang','2004-02-21','belum menikah','perindustrian','Gatau','100000000','Gatau','Gatau','Gatau','Gatau',5,3509,350923,3509232004,'2023-01-19 04:01:29','2023-01-19 04:01:29',26,1),(24,'Mamat','Jln. Nangka, Kepuharjo, Lumajang, RW 03 RT 03','Jln. Nangka, Kepuharjo, Lumajang, RW 03 RT 03','35634737438438','Lumajang','2004-02-21','belum menikah','perdagangan','Gatau','100000','Gatau','Gatau','Gatau','Gatau',5,3501,350101,3501012001,'2023-01-20 06:22:08','2023-01-20 06:26:21',27,1);
/*!40000 ALTER TABLE `calon_nasabah` ENABLE KEYS */;
UNLOCK TABLES;
DROP TABLE IF EXISTS `desa`;
/*!40101 SET @saved_cs_client     = @@character_set_client */;
/*!40101 SET character_set_client = utf8 */;
CREATE TABLE `desa` (
  `id` bigint(20) unsigned NOT NULL AUTO_INCREMENT,
  `id_kabupaten` bigint(20) NOT NULL,
  `id_kecamatan` bigint(20) NOT NULL,
  `desa` varchar(255) COLLATE utf8mb4_unicode_ci NOT NULL,
  `created_at` timestamp NULL DEFAULT NULL,
  `updated_at` timestamp NULL DEFAULT NULL,
  PRIMARY KEY (`id`)
) ENGINE=InnoDB AUTO_INCREMENT=3579032008 DEFAULT CHARSET=utf8mb4 COLLATE=utf8mb4_unicode_ci;
/*!40101 SET character_set_client = @saved_cs_client */;

LOCK TABLES `desa` WRITE;
/*!40000 ALTER TABLE `desa` DISABLE KEYS */;
INSERT INTO `desa` VALUES (3501012001,3501,350101,'WIDORO',NULL,NULL),(3501012002,3501,350101,'SAWAHAN',NULL,NULL),(3501012003,3501,350101,'KALAK',NULL,NULL),(3501012004,3501,350101,'SENDANG',NULL,NULL),(3501012005,3501,350101,'KLEPU',NULL,NULL),(3501012006,3501,350101,'GEDOMPOL',NULL,NULL),(3501012007,3501,350101,'CEMENG',NULL,NULL),(3501012008,3501,350101,'GENDARAN',NULL,NULL),(3501012009,3501,350101,'SUKODONO',NULL,NULL),(3501012010,3501,350101,'SEKAR',NULL,NULL),(3501012011,3501,350101,'DONOROJO',NULL,NULL),(3501012012,3501,350101,'BELAH',NULL,NULL),(3501022001,3501,350102,'DERSONO',NULL,NULL),(3501022002,3501,350102,'SUGIHWARAS',NULL,NULL),(3501022003,3501,350102,'WATUKARUNG',NULL,NULL),(3501022004,3501,350102,'JLUBANG',NULL,NULL),(3501022005,3501,350102,'CANDI',NULL,NULL),(3501022006,3501,350102,'POKO',NULL,NULL),(3501022007,3501,350102,'DADAPAN',NULL,NULL),(3501022008,3501,350102,'PRINGKUKU',NULL,NULL),(3501022009,3501,350102,'SOBO',NULL,NULL),(3501022010,3501,350102,'NGADIREJAN',NULL,NULL),(3501022011,3501,350102,'GLINGGANGAN',NULL,NULL),(3501022012,3501,350102,'PELEM',NULL,NULL),(3501022013,3501,350102,'TAMANASRI',NULL,NULL),(3501032001,3501,350103,'BOMO',NULL,NULL),(3501032002,3501,350103,'SOOKA',NULL,NULL),(3501032003,3501,350103,'PUNUNG',NULL,NULL),(3501032004,3501,350103,'MENDOLO KIDUL',NULL,NULL),(3501032005,3501,350103,'PITON',NULL,NULL),(3501032006,3501,350103,'KENDAL',NULL,NULL),(3501032007,3501,350103,'WARENG',NULL,NULL),(3501032008,3501,350103,'MANTREN',NULL,NULL),(3501032009,3501,350103,'MENDOLO LOR',NULL,NULL),(3501032010,3501,350103,'PLOSO',NULL,NULL),(3501032011,3501,350103,'GONDOSARI',NULL,NULL),(3501032012,3501,350103,'KEBONSARI',NULL,NULL),(3501032013,3501,350103,'TINATAR',NULL,NULL),(3501041001,3501,350104,'SIDOHARJO',NULL,NULL),(3501041002,3501,350104,'PLOSO',NULL,NULL),(3501041008,3501,350104,'BALEHARJO',NULL,NULL),(3501041012,3501,350104,'PUCANGSEWU',NULL,NULL),(3501041013,3501,350104,'PACITAN',NULL,NULL),(3501042003,3501,350104,'KEMBANG',NULL,NULL),(3501042004,3501,350104,'SUKOHARJO',NULL,NULL),(3501042005,3501,350104,'KAYEN',NULL,NULL),(3501042006,3501,350104,'SIRNOBOYO',NULL,NULL),(3501042007,3501,350104,'ARJOWINANGUN',NULL,NULL),(3501042009,3501,350104,'BANGUNSARI',NULL,NULL),(3501042010,3501,350104,'SEDENG',NULL,NULL),(3501042011,3501,350104,'SUMBERHARJO',NULL,NULL),(3501042014,3501,350104,'TANJUNGSARI',NULL,NULL),(3501042015,3501,350104,'MENADI',NULL,NULL),(3501042016,3501,350104,'MENTORO',NULL,NULL),(3501042017,3501,350104,'PURWOREJO',NULL,NULL),(3501042018,3501,350104,'NANGGUNGAN',NULL,NULL),(3501042019,3501,350104,'WIDORO',NULL,NULL),(3501042020,3501,350104,'SEMANTEN',NULL,NULL),(3501042021,3501,350104,'SAMBONG',NULL,NULL),(3501042022,3501,350104,'BANJARSARI',NULL,NULL),(3501042023,3501,350104,'BOLOSINGO',NULL,NULL),(3501042024,3501,350104,'PONGGOK',NULL,NULL),(3501042025,3501,350104,'TAMBAKREJO',NULL,NULL),(3501052001,3501,350105,'PLUMBUNGAN',NULL,NULL),(3501052002,3501,350105,'KARANGNONGKO',NULL,NULL),(3501052003,3501,350105,'KALIPELUS',NULL,NULL),(3501052004,3501,350105,'KARANGANYAR',NULL,NULL),(3501052005,3501,350105,'KATIPUGAL',NULL,NULL),(3501052006,3501,350105,'KLESEM',NULL,NULL),(3501052007,3501,350105,'SIDOMULYO',NULL,NULL),(3501052008,3501,350105,'WORAWARI',NULL,NULL),(3501052009,3501,350105,'MANTREN',NULL,NULL),(3501052010,3501,350105,'GAWANG',NULL,NULL),(3501052011,3501,350105,'KEBONAGUNG',NULL,NULL),(3501052012,3501,350105,'PURWOASRI',NULL,NULL),(3501052013,3501,350105,'BANJARJO',NULL,NULL),(3501052014,3501,350105,'GEMBUK',NULL,NULL),(3501052015,3501,350105,'SANGGRAHAN',NULL,NULL),(3501052016,3501,350105,'PUNJUNG',NULL,NULL),(3501052017,3501,350105,'WONOGONDO',NULL,NULL),(3501052018,3501,350105,'KETEPUNG',NULL,NULL),(3501052019,3501,350105,'KETRO',NULL,NULL),(3501062001,3501,350106,'MLATI',NULL,NULL),(3501062002,3501,350106,'SEDAYU',NULL,NULL),(3501062003,3501,350106,'TREMAS',NULL,NULL),(3501062004,3501,350106,'ARJOSARI',NULL,NULL),(3501062005,3501,350106,'GUNUNGSARI',NULL,NULL),(3501062006,3501,350106,'PAGUTAN',NULL,NULL),(3501062007,3501,350106,'GEMBONG',NULL,NULL),(3501062008,3501,350106,'BORANG',NULL,NULL),(3501062009,3501,350106,'GEGERAN',NULL,NULL),(3501062010,3501,350106,'KEDUNGBENDO',NULL,NULL),(3501062011,3501,350106,'MANGUNHARJO',NULL,NULL),(3501062012,3501,350106,'JETISKIDUL',NULL,NULL),(3501062013,3501,350106,'TEMON',NULL,NULL),(3501062014,3501,350106,'KARANGGEDE',NULL,NULL),(3501062015,3501,350106,'GAYUHAN',NULL,NULL),(3501062016,3501,350106,'KARANGREJO',NULL,NULL),(3501062017,3501,350106,'JATIMALANG',NULL,NULL),(3501072001,3501,350107,'GONDANG',NULL,NULL),(3501072002,3501,350107,'MUJING',NULL,NULL),(3501072003,3501,350107,'SEMPU',NULL,NULL),(3501072004,3501,350107,'NAWANGAN',NULL,NULL),(3501072005,3501,350107,'TOKAWI',NULL,NULL),(3501072006,3501,350107,'JETIS LOR',NULL,NULL),(3501072007,3501,350107,'PENGGUNG',NULL,NULL),(3501072008,3501,350107,'PAKIS BARU',NULL,NULL),(3501072009,3501,350107,'NGROMO',NULL,NULL),(3501082001,3501,350108,'PETUNGSINARANG',NULL,NULL),(3501082002,3501,350108,'NGUNUT',NULL,NULL),(3501082003,3501,350108,'BANDAR',NULL,NULL),(3501082004,3501,350108,'KLEDUNG',NULL,NULL),(3501082005,3501,350108,'TUMPUK',NULL,NULL),(3501082006,3501,350108,'WATUPATOK',NULL,NULL),(3501082007,3501,350108,'BANGUNSARI',NULL,NULL),(3501082008,3501,350108,'JERUK',NULL,NULL),(3501092001,3501,350109,'KEBONDALEM',NULL,NULL),(3501092002,3501,350109,'GEDANGAN',NULL,NULL),(3501092003,3501,350109,'NGRECO',NULL,NULL),(3501092004,3501,350109,'KASIHAN',NULL,NULL),(3501092005,3501,350109,'PUCANGOMBO',NULL,NULL),(3501092006,3501,350109,'GEMAHARJO',NULL,NULL),(3501092007,3501,350109,'PLOSO',NULL,NULL),(3501092008,3501,350109,'TEGALOMBO',NULL,NULL),(3501092009,3501,350109,'KEMUNING',NULL,NULL),(3501092010,3501,350109,'TAHUNAN',NULL,NULL),(3501092011,3501,350109,'TAHUNAN BARU',NULL,NULL),(3501102001,3501,350110,'JETAK',NULL,NULL),(3501102002,3501,350110,'NGLARAN',NULL,NULL),(3501102003,3501,350110,'WONOANTI',NULL,NULL),(3501102004,3501,350110,'PADI',NULL,NULL),(3501102005,3501,350110,'KLUWIH',NULL,NULL),(3501102006,3501,350110,'BUNGUR',NULL,NULL),(3501102007,3501,350110,'TULAKAN',NULL,NULL),(3501102008,3501,350110,'JATIGUNUNG',NULL,NULL),(3501102009,3501,350110,'GASANG',NULL,NULL),(3501102010,3501,350110,'KALIKUNING',NULL,NULL),(3501102011,3501,350110,'NGILE',NULL,NULL),(3501102012,3501,350110,'BUBAKAN',NULL,NULL),(3501102013,3501,350110,'LOSARI',NULL,NULL),(3501102014,3501,350110,'NGUMBUL',NULL,NULL),(3501102015,3501,350110,'WONOSIDI',NULL,NULL),(3501102016,3501,350110,'KETRO',NULL,NULL),(3501112001,3501,350111,'SIDOMULYO',NULL,NULL),(3501112002,3501,350111,'HADIWARNO',NULL,NULL),(3501112003,3501,350111,'TANJUNGPURO',NULL,NULL),(3501112004,3501,350111,'HADILUWIH',NULL,NULL),(3501112005,3501,350111,'PAGEREJO',NULL,NULL),(3501112006,3501,350111,'WIYORO',NULL,NULL),(3501112007,3501,350111,'NGADIROJO',NULL,NULL),(3501112008,3501,350111,'BOGOHARJO',NULL,NULL),(3501112009,3501,350111,'COKROKEMBANG',NULL,NULL),(3501112010,3501,350111,'BODAG',NULL,NULL),(3501112011,3501,350111,'TANJUNGLOR',NULL,NULL),(3501112012,3501,350111,'NOGOSARI',NULL,NULL),(3501112013,3501,350111,'CANGKRING',NULL,NULL),(3501112014,3501,350111,'WONODADI WETAN',NULL,NULL),(3501112015,3501,350111,'WONODADI KULON',NULL,NULL),(3501112016,3501,350111,'WONOKARTO',NULL,NULL),(3501112017,3501,350111,'WONOSOBO',NULL,NULL),(3501112018,3501,350111,'WONOASRI',NULL,NULL),(3501122001,3501,350112,'PAGERKIDUL',NULL,NULL),(3501122002,3501,350112,'PAGERLOR',NULL,NULL),(3501122003,3501,350112,'SUKOREJO',NULL,NULL),(3501122004,3501,350112,'SUDIMORO',NULL,NULL),(3501122005,3501,350112,'KETANGGUNG',NULL,NULL),(3501122006,3501,350112,'KLEPU',NULL,NULL),(3501122007,3501,350112,'SEMBOWO',NULL,NULL),(3501122008,3501,350112,'KARANGMULYO',NULL,NULL),(3501122009,3501,350112,'GUNUNGREJO',NULL,NULL),(3501122010,3501,350112,'SUMBEREJO',NULL,NULL),(3502012001,3502,350201,'TUGUREJO',NULL,NULL),(3502012002,3502,350201,'SENEPO',NULL,NULL),(3502012003,3502,350201,'SLAHUNG',NULL,NULL),(3502012004,3502,350201,'CALUK',NULL,NULL),(3502012005,3502,350201,'BROTO',NULL,NULL),(3502012006,3502,350201,'MENGGARE',NULL,NULL),(3502012007,3502,350201,'KAMBENG',NULL,NULL),(3502012008,3502,350201,'WATES',NULL,NULL),(3502012009,3502,350201,'NGILO-ILO',NULL,NULL),(3502012010,3502,350201,'DURI',NULL,NULL),(3502012011,3502,350201,'NGLONING',NULL,NULL),(3502012012,3502,350201,'PLANCUNGAN',NULL,NULL),(3502012013,3502,350201,'JEBENG',NULL,NULL),(3502012014,3502,350201,'GALAK',NULL,NULL),(3502012015,3502,350201,'TRUNENG',NULL,NULL),(3502012016,3502,350201,'SIMO',NULL,NULL),(3502012017,3502,350201,'CRABAK',NULL,NULL),(3502012018,3502,350201,'MOJOPITU',NULL,NULL),(3502012019,3502,350201,'GUNDIK',NULL,NULL),(3502012020,3502,350201,'NAILAN',NULL,NULL),(3502012021,3502,350201,'GOMBANG',NULL,NULL),(3502012022,3502,350201,'JANTI',NULL,NULL),(3502022001,3502,350202,'WONODADI',NULL,NULL),(3502022002,3502,350202,'SENDANG',NULL,NULL),(3502022003,3502,350202,'BAOSAN KIDUL',NULL,NULL),(3502022004,3502,350202,'BINADE',NULL,NULL),(3502022005,3502,350202,'MRAYAN',NULL,NULL),(3502022006,3502,350202,'BAOSAN LOR',NULL,NULL),(3502022007,3502,350202,'TEMON',NULL,NULL),(3502022008,3502,350202,'SELUR',NULL,NULL),(3502022009,3502,350202,'NGRAYUN',NULL,NULL),(3502022010,3502,350202,'CEPOKO',NULL,NULL),(3502022011,3502,350202,'GEDANGAN',NULL,NULL),(3502032001,3502,350203,'PELEM',NULL,NULL),(3502032002,3502,350203,'KORIPAN',NULL,NULL),(3502032003,3502,350203,'BEKARE',NULL,NULL),(3502032004,3502,350203,'NAMBAK',NULL,NULL),(3502032005,3502,350203,'KALISAT',NULL,NULL),(3502032006,3502,350203,'MUNGGU',NULL,NULL),(3502032007,3502,350203,'PAGER',NULL,NULL),(3502032008,3502,350203,'BELANG',NULL,NULL),(3502032009,3502,350203,'BUNGKAL',NULL,NULL),(3502032010,3502,350203,'KETONGGO',NULL,NULL),(3502032011,3502,350203,'KUNTI',NULL,NULL),(3502032012,3502,350203,'BANCAR',NULL,NULL),(3502032013,3502,350203,'PADAS',NULL,NULL),(3502032014,3502,350203,'BUNGU',NULL,NULL),(3502032015,3502,350203,'KUPUK',NULL,NULL),(3502032016,3502,350203,'SAMBILAWANG',NULL,NULL),(3502032017,3502,350203,'KWAJON',NULL,NULL),(3502032018,3502,350203,'BEDIWETAN',NULL,NULL),(3502032019,3502,350203,'BEDIKULON',NULL,NULL),(3502042001,3502,350204,'GAJAH',NULL,NULL),(3502042002,3502,350204,'WRINGINANOM',NULL,NULL),(3502042003,3502,350204,'NGADISANAN',NULL,NULL),(3502042004,3502,350204,'MAGUWAN',NULL,NULL),(3502042005,3502,350204,'NGLEWAN',NULL,NULL),(3502042006,3502,350204,'BEDINGIN',NULL,NULL),(3502042007,3502,350204,'BANCANGAN',NULL,NULL),(3502042008,3502,350204,'CAMPUREJO',NULL,NULL),(3502042009,3502,350204,'CAMPURSARI',NULL,NULL),(3502042010,3502,350204,'BULU',NULL,NULL),(3502042011,3502,350204,'SAMBIT',NULL,NULL),(3502042012,3502,350204,'BESUKI',NULL,NULL),(3502042013,3502,350204,'WILANGAN',NULL,NULL),(3502042014,3502,350204,'BANGSALAN',NULL,NULL),(3502042015,3502,350204,'KEMUNING',NULL,NULL),(3502042016,3502,350204,'JRAKAH',NULL,NULL),(3502052001,3502,350205,'TUMPUK',NULL,NULL),(3502052002,3502,350205,'PANGKAL',NULL,NULL),(3502052003,3502,350205,'TUMPAK PELEM',NULL,NULL),(3502052004,3502,350205,'TEMPURAN',NULL,NULL),(3502052005,3502,350205,'SRITI',NULL,NULL),(3502052006,3502,350205,'TEMON',NULL,NULL),(3502052007,3502,350205,'SAWOO',NULL,NULL),(3502052008,3502,350205,'PRAYUNGAN',NULL,NULL),(3502052009,3502,350205,'TUGUREJO',NULL,NULL),(3502052010,3502,350205,'GROGOL',NULL,NULL),(3502052011,3502,350205,'KETRO',NULL,NULL),(3502052012,3502,350205,'KORI',NULL,NULL),(3502052013,3502,350205,'BONDRANG',NULL,NULL),(3502052014,3502,350205,'NGINDENG',NULL,NULL),(3502062001,3502,350206,'NGADIROJO',NULL,NULL),(3502062002,3502,350206,'KLEPU',NULL,NULL),(3502062003,3502,350206,'SURU',NULL,NULL),(3502062004,3502,350206,'SOOKO',NULL,NULL),(3502062005,3502,350206,'BEDOHO',NULL,NULL),(3502062006,3502,350206,'JURUG',NULL,NULL),(3502072001,3502,350207,'KARANGPATIHAN',NULL,NULL),(3502072002,3502,350207,'TEGALREJO',NULL,NULL),(3502072003,3502,350207,'BEDRUG',NULL,NULL),(3502072004,3502,350207,'WAGIR KIDUL',NULL,NULL),(3502072005,3502,350207,'SINGGAHAN',NULL,NULL),(3502072006,3502,350207,'PATIK',NULL,NULL),(3502072007,3502,350207,'PULUNG',NULL,NULL),(3502072008,3502,350207,'PULUNG MERDIKO',NULL,NULL),(3502072009,3502,350207,'SIDOHARJO',NULL,NULL),(3502072010,3502,350207,'WOTAN',NULL,NULL),(3502072011,3502,350207,'PLUNTURAN',NULL,NULL),(3502072012,3502,350207,'POMAHAN',NULL,NULL),(3502072013,3502,350207,'KESUGIHAN',NULL,NULL),(3502072014,3502,350207,'SERAG',NULL,NULL),(3502072015,3502,350207,'WAYANG',NULL,NULL),(3502072016,3502,350207,'MUNGGUNG',NULL,NULL),(3502072017,3502,350207,'BEKIRING',NULL,NULL),(3502072018,3502,350207,'BANARAN',NULL,NULL),(3502082001,3502,350208,'TUGU',NULL,NULL),(3502082002,3502,350208,'CANDI',NULL,NULL),(3502082003,3502,350208,'TOTOKAN',NULL,NULL),(3502082004,3502,350208,'NGRUKEM',NULL,NULL),(3502082005,3502,350208,'SIWALAN',NULL,NULL),(3502082006,3502,350208,'JORESAN',NULL,NULL),(3502082007,3502,350208,'NGLUMPANG',NULL,NULL),(3502082008,3502,350208,'GONTOR',NULL,NULL),(3502082009,3502,350208,'GANDU',NULL,NULL),(3502082010,3502,350208,'JABUNG',NULL,NULL),(3502082011,3502,350208,'BAJANG',NULL,NULL),(3502082012,3502,350208,'MLARAK',NULL,NULL),(3502082013,3502,350208,'SERANGAN',NULL,NULL),(3502082014,3502,350208,'SUREN',NULL,NULL),(3502082015,3502,350208,'KAPONAN',NULL,NULL),(3502092001,3502,350209,'NGASINAN',NULL,NULL),(3502092002,3502,350209,'KUTU KULON',NULL,NULL),(3502092003,3502,350209,'KUTU WETAN',NULL,NULL),(3502092004,3502,350209,'KRADENAN',NULL,NULL),(3502092005,3502,350209,'MOJOMATI',NULL,NULL),(3502092006,3502,350209,'COPER',NULL,NULL),(3502092007,3502,350209,'MOJOREJO',NULL,NULL),(3502092008,3502,350209,'KARANGGEBANG',NULL,NULL),(3502092009,3502,350209,'JETIS',NULL,NULL),(3502092010,3502,350209,'TEGALSARI',NULL,NULL),(3502092011,3502,350209,'WONOKETRO',NULL,NULL),(3502092012,3502,350209,'JOSARI',NULL,NULL),(3502092013,3502,350209,'TURI',NULL,NULL),(3502092014,3502,350209,'WINONG',NULL,NULL),(3502101017,3502,350210,'RONOWIJAYAN',NULL,NULL),(3502101018,3502,350210,'MANGUNSUMAN',NULL,NULL),(3502102001,3502,350210,'DEMANGAN',NULL,NULL),(3502102002,3502,350210,'NGABAR',NULL,NULL),(3502102003,3502,350210,'MADUSARI',NULL,NULL),(3502102004,3502,350210,'BETON',NULL,NULL),(3502102005,3502,350210,'SEKARAN',NULL,NULL),(3502102006,3502,350210,'BRAHU',NULL,NULL),(3502102007,3502,350210,'KEPUHRUBUH',NULL,NULL),(3502102008,3502,350210,'SAWUH',NULL,NULL),(3502102009,3502,350210,'JARAK',NULL,NULL),(3502102010,3502,350210,'TRANJANG',NULL,NULL),(3502102011,3502,350210,'PIJERAN',NULL,NULL),(3502102012,3502,350210,'MANUK',NULL,NULL),(3502102013,3502,350210,'SIMAN',NULL,NULL),(3502102014,3502,350210,'PATIHAN KIDUL',NULL,NULL),(3502102015,3502,350210,'RONOSENTANAN',NULL,NULL),(3502102016,3502,350210,'TAJUG',NULL,NULL),(3502112001,3502,350211,'PANDAK',NULL,NULL),(3502112002,3502,350211,'BULU KIDUL',NULL,NULL),(3502112003,3502,350211,'BULAK',NULL,NULL),(3502112004,3502,350211,'NGENDUT',NULL,NULL),(3502112005,3502,350211,'KARANGPATIHAN',NULL,NULL),(3502112006,3502,350211,'SUMBEREJO',NULL,NULL),(3502112007,3502,350211,'NGUMPUL',NULL,NULL),(3502112008,3502,350211,'NGRAKET',NULL,NULL),(3502112009,3502,350211,'DADAPAN',NULL,NULL),(3502112010,3502,350211,'SINGKIL',NULL,NULL),(3502112011,3502,350211,'KARANGAN',NULL,NULL),(3502112012,3502,350211,'BAJANG',NULL,NULL),(3502112013,3502,350211,'BALONG',NULL,NULL),(3502112014,3502,350211,'JALEN',NULL,NULL),(3502112015,3502,350211,'KARANGMOJO',NULL,NULL),(3502112016,3502,350211,'SEDARAT',NULL,NULL),(3502112017,3502,350211,'PURWOREJO',NULL,NULL),(3502112018,3502,350211,'TATUNG',NULL,NULL),(3502112019,3502,350211,'MUNENG',NULL,NULL),(3502112020,3502,350211,'NGAMPEL',NULL,NULL),(3502122001,3502,350212,'TEGALOMBO',NULL,NULL),(3502122002,3502,350212,'NONGKODONO',NULL,NULL),(3502122003,3502,350212,'SUKOSARI',NULL,NULL),(3502122004,3502,350212,'NGRANDU',NULL,NULL),(3502122005,3502,350212,'NGLARANGAN',NULL,NULL),(3502122006,3502,350212,'BRINGIN',NULL,NULL),(3502122007,3502,350212,'PENGKOL',NULL,NULL),(3502122008,3502,350212,'GABEL',NULL,NULL),(3502122009,3502,350212,'CILUK',NULL,NULL),(3502122010,3502,350212,'SEMANDING',NULL,NULL),(3502122011,3502,350212,'TOSANAN',NULL,NULL),(3502122012,3502,350212,'MARON',NULL,NULL),(3502122013,3502,350212,'SOMOROTO',NULL,NULL),(3502122014,3502,350212,'PLOSOJENAR',NULL,NULL),(3502122015,3502,350212,'CARAT',NULL,NULL),(3502122016,3502,350212,'KAUMAN',NULL,NULL),(3502132001,3502,350213,'DAYAKAN',NULL,NULL),(3502132002,3502,350213,'KARANGAN',NULL,NULL),(3502132003,3502,350213,'TANJUNGGUNUNG',NULL,NULL),(3502132004,3502,350213,'KARANGJOHO',NULL,NULL),(3502132005,3502,350213,'TANJUNGREJO',NULL,NULL),(3502132006,3502,350213,'BANDARALIM',NULL,NULL),(3502132007,3502,350213,'KAPURAN',NULL,NULL),(3502132008,3502,350213,'WATUBONANG',NULL,NULL),(3502132009,3502,350213,'BITING',NULL,NULL),(3502132010,3502,350213,'BADEGAN',NULL,NULL),(3502142001,3502,350214,'SAMPUNG',NULL,NULL),(3502142002,3502,350214,'POHIJO',NULL,NULL),(3502142003,3502,350214,'JENANGAN',NULL,NULL),(3502142004,3502,350214,'NGLURUP',NULL,NULL),(3502142005,3502,350214,'TULUNG',NULL,NULL),(3502142006,3502,350214,'CARANGREJO',NULL,NULL),(3502142007,3502,350214,'PAGERUKIR',NULL,NULL),(3502142008,3502,350214,'KUNTI',NULL,NULL),(3502142009,3502,350214,'GLINGGANG',NULL,NULL),(3502142010,3502,350214,'GELANGKULON',NULL,NULL),(3502142011,3502,350214,'KARANGWALUH',NULL,NULL),(3502142012,3502,350214,'RINGINPUTIH',NULL,NULL),(3502152001,3502,350215,'SUKOREJO',NULL,NULL),(3502152002,3502,350215,'BANGUNREJO',NULL,NULL),(3502152003,3502,350215,'SIDOREJO',NULL,NULL),(3502152004,3502,350215,'NAMBANGREJO',NULL,NULL),(3502152005,3502,350215,'LENGKONG',NULL,NULL),(3502152006,3502,350215,'GELANG LOR',NULL,NULL),(3502152007,3502,350215,'SERANGAN',NULL,NULL),(3502152008,3502,350215,'NAMPAN',NULL,NULL),(3502152009,3502,350215,'KRANGGAN',NULL,NULL),(3502152010,3502,350215,'GOLAN',NULL,NULL),(3502152011,3502,350215,'PRAJEGAN',NULL,NULL),(3502152012,3502,350215,'KEDUNGBANTENG',NULL,NULL),(3502152013,3502,350215,'KARANGLO LOR',NULL,NULL),(3502152014,3502,350215,'GEGERAN',NULL,NULL),(3502152015,3502,350215,'GANDUKEPUH',NULL,NULL),(3502152016,3502,350215,'KALIMALANG',NULL,NULL),(3502152017,3502,350215,'SRAGI',NULL,NULL),(3502152018,3502,350215,'MOROSARI',NULL,NULL),(3502161001,3502,350216,'KERTOSARI',NULL,NULL),(3502161003,3502,350216,'PATIHAN WETAN',NULL,NULL),(3502161005,3502,350216,'KADIPATEN',NULL,NULL),(3502162002,3502,350216,'CEKOK',NULL,NULL),(3502162004,3502,350216,'JAPAN',NULL,NULL),(3502162006,3502,350216,'GUPOLO',NULL,NULL),(3502162007,3502,350216,'POLOREJO',NULL,NULL),(3502162008,3502,350216,'BARENG',NULL,NULL),(3502162009,3502,350216,'NGUNUT',NULL,NULL),(3502162010,3502,350216,'SUKOSARI',NULL,NULL),(3502162011,3502,350216,'LEMBAH',NULL,NULL),(3502162012,3502,350216,'PONDOK',NULL,NULL),(3502162013,3502,350216,'BABADAN',NULL,NULL),(3502162014,3502,350216,'PURWOSARI',NULL,NULL),(3502162015,3502,350216,'TRISONO',NULL,NULL),(3502171001,3502,350217,'PAJU',NULL,NULL),(3502171002,3502,350217,'BROTONEGARAN',NULL,NULL),(3502171003,3502,350217,'PAKUNDEN',NULL,NULL),(3502171004,3502,350217,'KEPATIHAN',NULL,NULL),(3502171005,3502,350217,'SURODIKRAMAN',NULL,NULL),(3502171006,3502,350217,'PURBOSUMAN',NULL,NULL),(3502171007,3502,350217,'TONATAN',NULL,NULL),(3502171008,3502,350217,'BANGUNSARI',NULL,NULL),(3502171009,3502,350217,'TAMANARUM',NULL,NULL),(3502171010,3502,350217,'KAUMAN',NULL,NULL),(3502171011,3502,350217,'TAMBAKBAYAN',NULL,NULL),(3502171012,3502,350217,'PINGGIRSARI',NULL,NULL),(3502171013,3502,350217,'MANGKUJAYAN',NULL,NULL),(3502171014,3502,350217,'BANYUDONO',NULL,NULL),(3502171015,3502,350217,'NOLOGATEN',NULL,NULL),(3502171016,3502,350217,'COKROMENGGALAN',NULL,NULL),(3502171017,3502,350217,'KENITEN',NULL,NULL),(3502171018,3502,350217,'JINGGLONG',NULL,NULL),(3502171019,3502,350217,'BEDURI',NULL,NULL),(3502181001,3502,350218,'SETONO',NULL,NULL),(3502181002,3502,350218,'SINGOSAREN',NULL,NULL),(3502182003,3502,350218,'MRICAN',NULL,NULL),(3502182004,3502,350218,'PLALANGAN',NULL,NULL),(3502182005,3502,350218,'NGLAYANG',NULL,NULL),(3502182006,3502,350218,'JENANGAN',NULL,NULL),(3502182007,3502,350218,'JIMBE',NULL,NULL),(3502182008,3502,350218,'NGRUPIT',NULL,NULL),(3502182009,3502,350218,'PINTU',NULL,NULL),(3502182010,3502,350218,'SEDAH',NULL,NULL),(3502182011,3502,350218,'PANJENG',NULL,NULL),(3502182012,3502,350218,'SRATEN',NULL,NULL),(3502182013,3502,350218,'SEMANDING',NULL,NULL),(3502182014,3502,350218,'TANJUNGSARI',NULL,NULL),(3502182015,3502,350218,'PARINGAN',NULL,NULL),(3502182016,3502,350218,'WATES',NULL,NULL),(3502182017,3502,350218,'KEMIRI',NULL,NULL),(3502192001,3502,350219,'NGROGUNG',NULL,NULL),(3502192002,3502,350219,'SAHANG',NULL,NULL),(3502192003,3502,350219,'WAGIR LOR',NULL,NULL),(3502192004,3502,350219,'TALUN',NULL,NULL),(3502192005,3502,350219,'GONDOWIDO',NULL,NULL),(3502192006,3502,350219,'PUPUS',NULL,NULL),(3502192007,3502,350219,'NGEBEL',NULL,NULL),(3502192008,3502,350219,'SEMPU',NULL,NULL),(3502202001,3502,350220,'JONGGOL',NULL,NULL),(3502202002,3502,350220,'POKO',NULL,NULL),(3502202003,3502,350220,'SENDANG',NULL,NULL),(3502202004,3502,350220,'BRINGINAN',NULL,NULL),(3502202005,3502,350220,'KARANGLO KIDUL',NULL,NULL),(3502202006,3502,350220,'KREBET',NULL,NULL),(3502202007,3502,350220,'BULU LOR',NULL,NULL),(3502202008,3502,350220,'JAMBON',NULL,NULL),(3502202009,3502,350220,'BLEMBEM',NULL,NULL),(3502202010,3502,350220,'PULOSARI',NULL,NULL),(3502202011,3502,350220,'MENANG',NULL,NULL),(3502202012,3502,350220,'SRANDIL',NULL,NULL),(3502202013,3502,350220,'SIDOHARJO',NULL,NULL),(3502212001,3502,350221,'BARENG',NULL,NULL),(3502212002,3502,350221,'TAMBANG',NULL,NULL),(3502212003,3502,350221,'KRISIK',NULL,NULL),(3502212004,3502,350221,'PUDAK WETAN',NULL,NULL),(3502212005,3502,350221,'BANJAREJO',NULL,NULL),(3502212006,3502,350221,'PUDAK KULON',NULL,NULL),(3503012001,3503,350301,'BESUKI',NULL,NULL),(3503012002,3503,350301,'TERBIS',NULL,NULL),(3503012003,3503,350301,'KARANGTENGAH',NULL,NULL),(3503012004,3503,350301,'WONOCOYO',NULL,NULL),(3503012005,3503,350301,'DEPOK',NULL,NULL),(3503012006,3503,350301,'KERTOSONO',NULL,NULL),(3503012007,3503,350301,'GAYAM',NULL,NULL),(3503012008,3503,350301,'PANGGUL',NULL,NULL),(3503012009,3503,350301,'BODAG',NULL,NULL),(3503012010,3503,350301,'TANGKIL',NULL,NULL),(3503012011,3503,350301,'NGLEBENG',NULL,NULL),(3503012012,3503,350301,'BANJAR',NULL,NULL),(3503012013,3503,350301,'NGRENCAK',NULL,NULL),(3503012014,3503,350301,'BARANG',NULL,NULL),(3503012015,3503,350301,'SAWAHAN',NULL,NULL),(3503012016,3503,350301,'MANGGIS',NULL,NULL),(3503012017,3503,350301,'NGRAMBINGAN',NULL,NULL),(3503022001,3503,350302,'NGULUNGKULON',NULL,NULL),(3503022002,3503,350302,'SOBO',NULL,NULL),(3503022003,3503,350302,'NGULUNGWETAN',NULL,NULL),(3503022004,3503,350302,'CRAKEN',NULL,NULL),(3503022005,3503,350302,'MASARAN',NULL,NULL),(3503022006,3503,350302,'TAWING',NULL,NULL),(3503022007,3503,350302,'KARANGTURI',NULL,NULL),(3503022008,3503,350302,'MUNJUNGAN',NULL,NULL),(3503022009,3503,350302,'BESUKI',NULL,NULL),(3503022010,3503,350302,'BENDOROTO',NULL,NULL),(3503022011,3503,350302,'BANGUN',NULL,NULL),(3503032001,3503,350303,'SIDOMULYO',NULL,NULL),(3503032002,3503,350303,'PUYUNG',NULL,NULL),(3503032003,3503,350303,'JOHO',NULL,NULL),(3503032004,3503,350303,'KEMBANGAN',NULL,NULL),(3503032005,3503,350303,'PAKEL',NULL,NULL),(3503032006,3503,350303,'PULE',NULL,NULL),(3503032007,3503,350303,'TANGGARAN',NULL,NULL),(3503032008,3503,350303,'KARANGANYAR',NULL,NULL),(3503032009,3503,350303,'JOMBOK',NULL,NULL),(3503032010,3503,350303,'SUKOKIDUL',NULL,NULL),(3503042001,3503,350304,'CAKUL',NULL,NULL),(3503042002,3503,350304,'SIKI',NULL,NULL),(3503042003,3503,350304,'WATUAGUNG',NULL,NULL),(3503042004,3503,350304,'PANDEAN',NULL,NULL),(3503042005,3503,350304,'PETUNG',NULL,NULL),(3503042006,3503,350304,'SALAMWATES',NULL,NULL),(3503042007,3503,350304,'DONGKO',NULL,NULL),(3503042008,3503,350304,'SUMBERBENING',NULL,NULL),(3503042009,3503,350304,'NGERDANI',NULL,NULL),(3503042010,3503,350304,'PRINGAPUS',NULL,NULL),(3503052001,3503,350305,'NGLINGGIS',NULL,NULL),(3503052002,3503,350305,'GADING',NULL,NULL),(3503052003,3503,350305,'DUREN',NULL,NULL),(3503052004,3503,350305,'PUCANGANAK',NULL,NULL),(3503052005,3503,350305,'NGEPEH',NULL,NULL),(3503052006,3503,350305,'JAMBU',NULL,NULL),(3503052007,3503,350305,'DERMOSARI',NULL,NULL),(3503052008,3503,350305,'SUKOREJO',NULL,NULL),(3503052009,3503,350305,'TUMPUK',NULL,NULL),(3503052010,3503,350305,'WINONG',NULL,NULL),(3503052011,3503,350305,'TEGAREN',NULL,NULL),(3503052012,3503,350305,'GONDANG',NULL,NULL),(3503052013,3503,350305,'NGLONGSOR',NULL,NULL),(3503052014,3503,350305,'BANARAN',NULL,NULL),(3503052015,3503,350305,'PRAMBON',NULL,NULL),(3503062001,3503,350306,'KAYEN',NULL,NULL),(3503062002,3503,350306,'JATI',NULL,NULL),(3503062003,3503,350306,'KARANGAN',NULL,NULL),(3503062004,3503,350306,'KERJO',NULL,NULL),(3503062005,3503,350306,'KEDUNGSIGIT',NULL,NULL),(3503062006,3503,350306,'SALAMREJO',NULL,NULL),(3503062007,3503,350306,'SUKOWETAN',NULL,NULL),(3503062008,3503,350306,'NGENTRONG',NULL,NULL),(3503062009,3503,350306,'SUMBER',NULL,NULL),(3503062010,3503,350306,'BULUAGUNG',NULL,NULL),(3503062011,3503,350306,'SUMBERINGIN',NULL,NULL),(3503062012,3503,350306,'JATIPRAHU',NULL,NULL),(3503072001,3503,350307,'NGADIMULYO',NULL,NULL),(3503072002,3503,350307,'BOGORAN',NULL,NULL),(3503072003,3503,350307,'TIMAHAN',NULL,NULL),(3503072004,3503,350307,'BENDOAGUNG',NULL,NULL),(3503072005,3503,350307,'KARANGREJO',NULL,NULL),(3503072006,3503,350307,'SUGIHAN',NULL,NULL),(3503072007,3503,350307,'SENDEN',NULL,NULL),(3503082001,3503,350308,'KARANGGANDU',NULL,NULL),(3503082002,3503,350308,'SAWAHAN',NULL,NULL),(3503082003,3503,350308,'DUKUH',NULL,NULL),(3503082004,3503,350308,'PAKEL',NULL,NULL),(3503082005,3503,350308,'MARGOMULYO',NULL,NULL),(3503082006,3503,350308,'NGEMBEL',NULL,NULL),(3503082007,3503,350308,'SLAWE',NULL,NULL),(3503082008,3503,350308,'GEMAHARJO',NULL,NULL),(3503082009,3503,350308,'WATULIMO',NULL,NULL),(3503082010,3503,350308,'WATUAGUNG',NULL,NULL),(3503082011,3503,350308,'PRIGI',NULL,NULL),(3503082012,3503,350308,'TASIKMADU',NULL,NULL),(3503092001,3503,350309,'MASARAN',NULL,NULL),(3503092002,3503,350309,'SENGON',NULL,NULL),(3503092003,3503,350309,'SURENLOR',NULL,NULL),(3503092004,3503,350309,'SUMURUP',NULL,NULL),(3503092005,3503,350309,'SRABAH',NULL,NULL),(3503092006,3503,350309,'DOMPYONG',NULL,NULL),(3503092007,3503,350309,'DEPOK',NULL,NULL),(3503092008,3503,350309,'BOTOPUTIH',NULL,NULL),(3503102001,3503,350310,'NGRAYUNG',NULL,NULL),(3503102002,3503,350310,'WONOREJO',NULL,NULL),(3503102003,3503,350310,'SUKOREJO',NULL,NULL),(3503102004,3503,350310,'WONOANTI',NULL,NULL),(3503102005,3503,350310,'JAJAR',NULL,NULL),(3503102006,3503,350310,'GANDUSARI',NULL,NULL),(3503102007,3503,350310,'WIDORO',NULL,NULL),(3503102008,3503,350310,'KARANGANYAR',NULL,NULL),(3503102009,3503,350310,'MELIS',NULL,NULL),(3503102010,3503,350310,'KRANDEGAN',NULL,NULL),(3503102011,3503,350310,'SUKORAME',NULL,NULL),(3503111002,3503,350311,'TAMANAN',NULL,NULL),(3503111003,3503,350311,'NGANTRU',NULL,NULL),(3503111005,3503,350311,'KELUTAN',NULL,NULL),(3503111006,3503,350311,'SURODAKAN',NULL,NULL),(3503111007,3503,350311,'SUMBERGEDONG',NULL,NULL),(3503112001,3503,350311,'NGARES',NULL,NULL),(3503112004,3503,350311,'KARANGSOKO',NULL,NULL),(3503112008,3503,350311,'SAMBIREJO',NULL,NULL),(3503112009,3503,350311,'SUMBERDADI',NULL,NULL),(3503112010,3503,350311,'REJOWINANGUN',NULL,NULL),(3503112011,3503,350311,'SUKOSARI',NULL,NULL),(3503112012,3503,350311,'PARAKAN',NULL,NULL),(3503112013,3503,350311,'DAWUHAN',NULL,NULL),(3503122001,3503,350312,'WONOCOYO',NULL,NULL),(3503122002,3503,350312,'NGETAL',NULL,NULL),(3503122003,3503,350312,'NGADIRENGGO',NULL,NULL),(3503122004,3503,350312,'POGALAN',NULL,NULL),(3503122005,3503,350312,'NGULANGKULON',NULL,NULL),(3503122006,3503,350312,'BENDOREJO',NULL,NULL),(3503122007,3503,350312,'GEMBLEB',NULL,NULL),(3503122008,3503,350312,'NGADIREJO',NULL,NULL),(3503122009,3503,350312,'NGULANWETAN',NULL,NULL),(3503122010,3503,350312,'KEDUNGLURAH',NULL,NULL),(3503132001,3503,350313,'NGADISUKO',NULL,NULL),(3503132002,3503,350313,'GADOR',NULL,NULL),(3503132003,3503,350313,'KENDALREJO',NULL,NULL),(3503132004,3503,350313,'SEMARUM',NULL,NULL),(3503132005,3503,350313,'SUMBEREJO',NULL,NULL),(3503132006,3503,350313,'DURENAN',NULL,NULL),(3503132007,3503,350313,'PAKIS',NULL,NULL),(3503132008,3503,350313,'PANDEAN',NULL,NULL),(3503132009,3503,350313,'PANGGUNGSARI',NULL,NULL),(3503132010,3503,350313,'SUMBERGAYAM',NULL,NULL),(3503132011,3503,350313,'KAMULAN',NULL,NULL),(3503132012,3503,350313,'MALASAN',NULL,NULL),(3503132013,3503,350313,'BARUHARJO',NULL,NULL),(3503132014,3503,350313,'KARANGANOM',NULL,NULL),(3503142001,3503,350314,'PURU',NULL,NULL),(3503142002,3503,350314,'WONOKERTO',NULL,NULL),(3503142003,3503,350314,'NGLEBO',NULL,NULL),(3503142004,3503,350314,'NGRANDU',NULL,NULL),(3503142005,3503,350314,'GAMPING',NULL,NULL),(3503142006,3503,350314,'SURUH',NULL,NULL),(3503142007,3503,350314,'MLINJON',NULL,NULL),(3504011001,3504,350401,'KEDUNGSOKO',NULL,NULL),(3504011002,3504,350401,'TERTEK',NULL,NULL),(3504011003,3504,350401,'KARANGWARU',NULL,NULL),(3504011004,3504,350401,'TAMANAN',NULL,NULL),(3504011005,3504,350401,'JEPUN',NULL,NULL),(3504011006,3504,350401,'BAGO',NULL,NULL),(3504011007,3504,350401,'KEPATIHAN',NULL,NULL),(3504011008,3504,350401,'KENAYAN',NULL,NULL),(3504011009,3504,350401,'KAMPUNGDALEM',NULL,NULL),(3504011010,3504,350401,'KAUMAN',NULL,NULL),(3504011011,3504,350401,'KUTOANYAR',NULL,NULL),(3504011012,3504,350401,'SEMBUNG',NULL,NULL),(3504011013,3504,350401,'PANGGUNGREJO',NULL,NULL),(3504011014,3504,350401,'BOTORAN',NULL,NULL),(3504022001,3504,350402,'WAJAK KIDUL',NULL,NULL),(3504022002,3504,350402,'SANGGRAHAN',NULL,NULL),(3504022003,3504,350402,'PUCUNG KIDUL',NULL,NULL),(3504022004,3504,350402,'BOYOLANGU',NULL,NULL),(3504022005,3504,350402,'NGRANTI',NULL,NULL),(3504022006,3504,350402,'KENDALBULUR',NULL,NULL),(3504022007,3504,350402,'BONO',NULL,NULL),(3504022008,3504,350402,'WAUNG',NULL,NULL),(3504022009,3504,350402,'MOYOKETEN',NULL,NULL),(3504022010,3504,350402,'WAJAK LOR',NULL,NULL),(3504022011,3504,350402,'KARANGREJO',NULL,NULL),(3504022012,3504,350402,'KEPUH',NULL,NULL),(3504022013,3504,350402,'TANJUNGSARI',NULL,NULL),(3504022014,3504,350402,'SERUT',NULL,NULL),(3504022015,3504,350402,'BEJI',NULL,NULL),(3504022016,3504,350402,'SOBONTORO',NULL,NULL),(3504022017,3504,350402,'GEDANGSEWU',NULL,NULL),(3504032001,3504,350403,'PLOSOKANDANG',NULL,NULL),(3504032002,3504,350403,'TUNGGULSARI',NULL,NULL),(3504032003,3504,350403,'RINGINPITU',NULL,NULL),(3504032004,3504,350403,'LODERESAN',NULL,NULL),(3504032005,3504,350403,'BULUSARI',NULL,NULL),(3504032006,3504,350403,'BANGOAN',NULL,NULL),(3504032007,3504,350403,'BORO',NULL,NULL),(3504032008,3504,350403,'TAPAN',NULL,NULL),(3504032009,3504,350403,'REJOAGUNG',NULL,NULL),(3504032010,3504,350403,'KEDUNGWARU',NULL,NULL),(3504032011,3504,350403,'PLANDAAN',NULL,NULL),(3504032012,3504,350403,'KETANON',NULL,NULL),(3504032013,3504,350403,'TAWANGSARI',NULL,NULL),(3504032014,3504,350403,'MANGUNSARI',NULL,NULL),(3504032015,3504,350403,'WINONG',NULL,NULL),(3504032016,3504,350403,'MAJAN',NULL,NULL),(3504032017,3504,350403,'SIMO',NULL,NULL),(3504032018,3504,350403,'GENDINGAN',NULL,NULL),(3504032019,3504,350403,'NGUJANG',NULL,NULL),(3504042001,3504,350404,'PAKEL',NULL,NULL),(3504042002,3504,350404,'PUCUNG LOR',NULL,NULL),(3504042003,3504,350404,'SRIKATON',NULL,NULL),(3504042004,3504,350404,'PADANGAN',NULL,NULL),(3504042005,3504,350404,'BANJARSARI',NULL,NULL),(3504042006,3504,350404,'PULEREJO',NULL,NULL),(3504042007,3504,350404,'BENDOSARI',NULL,NULL),(3504042008,3504,350404,'NGANTRU',NULL,NULL),(3504042009,3504,350404,'MOJOAGUNG',NULL,NULL),(3504042010,3504,350404,'BATOKAN',NULL,NULL),(3504042011,3504,350404,'KEPUHREJO',NULL,NULL),(3504042012,3504,350404,'POJOK',NULL,NULL),(3504042013,3504,350404,'PINGGIRSARI',NULL,NULL),(3504052001,3504,350405,'BOLOREJO',NULL,NULL),(3504052002,3504,350405,'KAUMAN',NULL,NULL),(3504052003,3504,350405,'BALEREJO',NULL,NULL),(3504052004,3504,350405,'BATANGSAREN',NULL,NULL),(3504052005,3504,350405,'PANGGUNGREJO',NULL,NULL),(3504052006,3504,350405,'KALANGBRET',NULL,NULL),(3504052007,3504,350405,'SIDOREJO',NULL,NULL),(3504052008,3504,350405,'MOJOSARI',NULL,NULL),(3504052009,3504,350405,'KARANGANOM',NULL,NULL),(3504052010,3504,350405,'PUCANGAN',NULL,NULL),(3504052011,3504,350405,'KATES',NULL,NULL),(3504052012,3504,350405,'BANARAN',NULL,NULL),(3504052013,3504,350405,'JATIMULYO',NULL,NULL),(3504062001,3504,350406,'WONOREJO',NULL,NULL),(3504062002,3504,350406,'KEDUNGCANGKRING',NULL,NULL),(3504062003,3504,350406,'MULYOSARI',NULL,NULL),(3504062004,3504,350406,'SEGAWE',NULL,NULL),(3504062005,3504,350406,'SAMAR',NULL,NULL),(3504062006,3504,350406,'PENJOR',NULL,NULL),(3504062007,3504,350406,'PAGERWOJO',NULL,NULL),(3504062008,3504,350406,'KRADINAN',NULL,NULL),(3504062009,3504,350406,'SIDOMULYO',NULL,NULL),(3504062010,3504,350406,'GONDANGGUNUNG',NULL,NULL),(3504062011,3504,350406,'GAMBIRAN',NULL,NULL),(3504072001,3504,350407,'KEDOYO',NULL,NULL),(3504072002,3504,350407,'NGLUTUNG',NULL,NULL),(3504072003,3504,350407,'TALANG',NULL,NULL),(3504072004,3504,350407,'KROSOK',NULL,NULL),(3504072005,3504,350407,'DONO',NULL,NULL),(3504072006,3504,350407,'TUGU',NULL,NULL),(3504072007,3504,350407,'PICISAN',NULL,NULL),(3504072008,3504,350407,'NYAWANGAN',NULL,NULL),(3504072009,3504,350407,'SENDANG',NULL,NULL),(3504072010,3504,350407,'NGLURUP',NULL,NULL),(3504072011,3504,350407,'GEGER',NULL,NULL),(3504082001,3504,350408,'BUNGUR',NULL,NULL),(3504082002,3504,350408,'BABADAN',NULL,NULL),(3504082003,3504,350408,'SUKOWIYONO',NULL,NULL),(3504082004,3504,350408,'SEMBON',NULL,NULL),(3504082005,3504,350408,'SUKOWIDODO',NULL,NULL),(3504082006,3504,350408,'TANJUNGSARI',NULL,NULL),(3504082007,3504,350408,'GEDANGAN',NULL,NULL),(3504082008,3504,350408,'SUKODONO',NULL,NULL),(3504082009,3504,350408,'KARANGREJO',NULL,NULL),(3504082010,3504,350408,'SUKOREJO',NULL,NULL),(3504082011,3504,350408,'PUNJUL',NULL,NULL),(3504082012,3504,350408,'JELI',NULL,NULL),(3504082013,3504,350408,'TULUNGREJO',NULL,NULL),(3504092001,3504,350409,'KENDAL',NULL,NULL),(3504092002,3504,350409,'TAWING',NULL,NULL),(3504092003,3504,350409,'GONDOSULI',NULL,NULL),(3504092004,3504,350409,'DUKUH',NULL,NULL),(3504092005,3504,350409,'SEPATAN',NULL,NULL),(3504092006,3504,350409,'MACANBANG',NULL,NULL),(3504092007,3504,350409,'KIPING',NULL,NULL),(3504092008,3504,350409,'REJOSARI',NULL,NULL),(3504092009,3504,350409,'BENDO',NULL,NULL),(3504092010,3504,350409,'NGRENDENG',NULL,NULL),(3504092011,3504,350409,'GONDANG',NULL,NULL),(3504092012,3504,350409,'BENDUNGAN',NULL,NULL),(3504092013,3504,350409,'NOTOREJO',NULL,NULL),(3504092014,3504,350409,'SIDEM',NULL,NULL),(3504092015,3504,350409,'SIDOMULYO',NULL,NULL),(3504092016,3504,350409,'BLENDIS',NULL,NULL),(3504092017,3504,350409,'MOJOARUM',NULL,NULL),(3504092018,3504,350409,'TIUDAN',NULL,NULL),(3504092019,3504,350409,'JARAKAN',NULL,NULL),(3504092020,3504,350409,'WONOKROMO',NULL,NULL),(3504102001,3504,350410,'SAMBIDOPLANG',NULL,NULL),(3504102002,3504,350410,'WATES',NULL,NULL),(3504102003,3504,350410,'MIRIGAMBAR',NULL,NULL),(3504102004,3504,350410,'TRENCENG',NULL,NULL),(3504102005,3504,350410,'BENDILWUNGU',NULL,NULL),(3504102006,3504,350410,'SAMBIJAJAR',NULL,NULL),(3504102007,3504,350410,'PODOREJO',NULL,NULL),(3504102008,3504,350410,'DOROAMPEL',NULL,NULL),(3504102009,3504,350410,'JUNJUNG',NULL,NULL),(3504102010,3504,350410,'TAMBAKREJO',NULL,NULL),(3504102011,3504,350410,'WONOREJO',NULL,NULL),(3504102012,3504,350410,'BENDILJATI KULON',NULL,NULL),(3504102013,3504,350410,'BENDILJATI WETAN',NULL,NULL),(3504102014,3504,350410,'SUMBERDADI',NULL,NULL),(3504102015,3504,350410,'JABALSARI',NULL,NULL),(3504102016,3504,350410,'SAMBIROBYONG',NULL,NULL),(3504102017,3504,350410,'BUKUR',NULL,NULL),(3504112001,3504,350411,'KARANGSONO',NULL,NULL),(3504112002,3504,350411,'SAMIR',NULL,NULL),(3504112003,3504,350411,'KACANGAN',NULL,NULL),(3504112004,3504,350411,'SELOREJO',NULL,NULL),(3504112005,3504,350411,'BALESONO',NULL,NULL),(3504112006,3504,350411,'PANDANSARI',NULL,NULL),(3504112007,3504,350411,'SUMBERINGIN KULON',NULL,NULL),(3504112008,3504,350411,'SUMBERINGIN KIDUL',NULL,NULL),(3504112009,3504,350411,'KALIWUNGU',NULL,NULL),(3504112010,3504,350411,'SUMBEREJO WETAN',NULL,NULL),(3504112011,3504,350411,'NGUNUT',NULL,NULL),(3504112012,3504,350411,'KALANGAN',NULL,NULL),(3504112013,3504,350411,'GILANG',NULL,NULL),(3504112014,3504,350411,'SUMBEREJO KULON',NULL,NULL),(3504112015,3504,350411,'PURWOREJO',NULL,NULL),(3504112016,3504,350411,'KROMASAN',NULL,NULL),(3504112017,3504,350411,'PULOSARI',NULL,NULL),(3504112018,3504,350411,'PULOTONDO',NULL,NULL),(3504122001,3504,350412,'PUCANGLABAN',NULL,NULL),(3504122002,3504,350412,'KALIDAWE',NULL,NULL),(3504122003,3504,350412,'PANGGUNGKALAK',NULL,NULL),(3504122004,3504,350412,'KALIGENTONG',NULL,NULL),(3504122005,3504,350412,'SUMBERBENDO',NULL,NULL),(3504122006,3504,350412,'MANDING',NULL,NULL),(3504122007,3504,350412,'PANGGUNGUNI',NULL,NULL),(3504122008,3504,350412,'SUMBERDADAP',NULL,NULL),(3504122009,3504,350412,'DEMUK',NULL,NULL),(3504132001,3504,350413,'TENGGUR',NULL,NULL),(3504132002,3504,350413,'PANJEREJO',NULL,NULL),(3504132003,3504,350413,'KARANGSARI',NULL,NULL),(3504132004,3504,350413,'TUGU',NULL,NULL),(3504132005,3504,350413,'SUKOREJO WETAN',NULL,NULL),(3504132006,3504,350413,'JATIDOWO',NULL,NULL),(3504132007,3504,350413,'BANJAREJO',NULL,NULL),(3504132008,3504,350413,'TANEN',NULL,NULL),(3504132009,3504,350413,'SUMBERAGUNG',NULL,NULL),(3504132010,3504,350413,'BLIMBING',NULL,NULL),(3504132011,3504,350413,'REJOTANGAN',NULL,NULL),(3504132012,3504,350413,'PAKISREJO',NULL,NULL),(3504132013,3504,350413,'TEGALREJO',NULL,NULL),(3504132014,3504,350413,'ARIYOJEDING',NULL,NULL),(3504132015,3504,350413,'TENGGONG',NULL,NULL),(3504132016,3504,350413,'BUNTARAN',NULL,NULL),(3504142001,3504,350414,'KALIBATUR',NULL,NULL),(3504142002,3504,350414,'REJOSARI',NULL,NULL),(3504142003,3504,350414,'SUKOREJO KULON',NULL,NULL),(3504142004,3504,350414,'KALIDAWIR',NULL,NULL),(3504142005,3504,350414,'KARANGTALUN',NULL,NULL),(3504142006,3504,350414,'BANYUURIP',NULL,NULL),(3504142007,3504,350414,'WINONG',NULL,NULL),(3504142008,3504,350414,'JOHO',NULL,NULL),(3504142009,3504,350414,'PAKISAJI',NULL,NULL),(3504142010,3504,350414,'JABON',NULL,NULL),(3504142011,3504,350414,'TUNGGANGRI',NULL,NULL),(3504142012,3504,350414,'SALAKKEMBANG',NULL,NULL),(3504142013,3504,350414,'NGUBALAN',NULL,NULL),(3504142014,3504,350414,'DOMASAN',NULL,NULL),(3504142015,3504,350414,'TANJUNG',NULL,NULL),(3504142016,3504,350414,'BETAK',NULL,NULL),(3504142017,3504,350414,'PAGERSARI',NULL,NULL),(3504152001,3504,350415,'BESOLE',NULL,NULL),(3504152002,3504,350415,'TANGGULWELAHAN',NULL,NULL),(3504152003,3504,350415,'BESUKI',NULL,NULL),(3504152004,3504,350415,'KEBOIRENG',NULL,NULL),(3504152005,3504,350415,'TANGGULTURUS',NULL,NULL),(3504152006,3504,350415,'SEDAYUGUNUNG',NULL,NULL),(3504152007,3504,350415,'TANGGULKUNDUNG',NULL,NULL),(3504152008,3504,350415,'WATESKROYO',NULL,NULL),(3504152009,3504,350415,'SITOYOBAGUS',NULL,NULL),(3504152010,3504,350415,'TULUNGREJO',NULL,NULL),(3504162001,3504,350416,'NGENTRONG',NULL,NULL),(3504162002,3504,350416,'GEDANGAN',NULL,NULL),(3504162003,3504,350416,'SAWO',NULL,NULL),(3504162004,3504,350416,'GAMPING',NULL,NULL),(3504162005,3504,350416,'CAMPURDARAT',NULL,NULL),(3504162006,3504,350416,'WATES',NULL,NULL),(3504162007,3504,350416,'PELEM',NULL,NULL),(3504162008,3504,350416,'POJOK',NULL,NULL),(3504162009,3504,350416,'TANGGUNG',NULL,NULL),(3504172001,3504,350417,'NGLAMPIR',NULL,NULL),(3504172002,3504,350417,'TALUN KULON',NULL,NULL),(3504172003,3504,350417,'BANTENGAN',NULL,NULL),(3504172004,3504,350417,'KEDUNGWILUT',NULL,NULL),(3504172005,3504,350417,'SUWARU',NULL,NULL),(3504172006,3504,350417,'NGUNGGAHAN',NULL,NULL),(3504172007,3504,350417,'SURUHAN KIDUL',NULL,NULL),(3504172008,3504,350417,'BANDUNG',NULL,NULL),(3504172009,3504,350417,'MERGAYU',NULL,NULL),(3504172010,3504,350417,'SEBALOR',NULL,NULL),(3504172011,3504,350417,'SUKOHARJO',NULL,NULL),(3504172012,3504,350417,'SOKO',NULL,NULL),(3504172013,3504,350417,'SINGGIT',NULL,NULL),(3504172014,3504,350417,'NGEPEH',NULL,NULL),(3504172015,3504,350417,'SURUHAN LOR',NULL,NULL),(3504172016,3504,350417,'BULUS',NULL,NULL),(3504172017,3504,350417,'KESAMBI',NULL,NULL),(3504172018,3504,350417,'GANDONG',NULL,NULL),(3504182001,3504,350418,'SAMBITAN',NULL,NULL),(3504182002,3504,350418,'BONO',NULL,NULL),(3504182003,3504,350418,'SUKOANYAR',NULL,NULL),(3504182004,3504,350418,'DUWET',NULL,NULL),(3504182005,3504,350418,'TAMBAN',NULL,NULL),(3504182006,3504,350418,'NGEBONG',NULL,NULL),(3504182007,3504,350418,'SODO',NULL,NULL),(3504182008,3504,350418,'GOMBANG',NULL,NULL),(3504182009,3504,350418,'PAKEL',NULL,NULL),(3504182010,3504,350418,'SUWALUH',NULL,NULL),(3504182011,3504,350418,'PECUK',NULL,NULL),(3504182012,3504,350418,'BANGUNMULYO',NULL,NULL),(3504182013,3504,350418,'KASREMAN',NULL,NULL),(3504182014,3504,350418,'SANAN',NULL,NULL),(3504182015,3504,350418,'BANGUNJAYA',NULL,NULL),(3504182016,3504,350418,'NGRANCE',NULL,NULL),(3504182017,3504,350418,'GEBANG',NULL,NULL),(3504182018,3504,350418,'GESIKAN',NULL,NULL),(3504182019,3504,350418,'GEMPOLAN',NULL,NULL),(3504192001,3504,350419,'KRESIKAN',NULL,NULL),(3504192002,3504,350419,'JENGGLUNGHARJO',NULL,NULL),(3504192003,3504,350419,'NGREJO',NULL,NULL),(3504192004,3504,350419,'TANGGUNGGUNUNG',NULL,NULL),(3504192005,3504,350419,'NGEPOH',NULL,NULL),(3504192006,3504,350419,'TENGGAREJO',NULL,NULL),(3504192007,3504,350419,'PAKISREJO',NULL,NULL),(3505012001,3505,350501,'JATEN',NULL,NULL),(3505012002,3505,350501,'SALAM',NULL,NULL),(3505012003,3505,350501,'REJOSARI',NULL,NULL),(3505012004,3505,350501,'KALIBOTO',NULL,NULL),(3505012005,3505,350501,'WONODADI',NULL,NULL),(3505012006,3505,350501,'TAWANGREJO',NULL,NULL),(3505012007,3505,350501,'KEBONAGUNG',NULL,NULL),(3505012008,3505,350501,'PIKATAN',NULL,NULL),(3505012009,3505,350501,'GANDEKAN',NULL,NULL),(3505012010,3505,350501,'KUNIR',NULL,NULL),(3505012011,3505,350501,'KOLOMAYAN',NULL,NULL),(3505022001,3505,350502,'JATI',NULL,NULL),(3505022002,3505,350502,'TEMENGGUNGAN',NULL,NULL),(3505022003,3505,350502,'BESUKI',NULL,NULL),(3505022004,3505,350502,'TUNJUNG',NULL,NULL),(3505022005,3505,350502,'BAKUNG',NULL,NULL),(3505022006,3505,350502,'MANGUNAN',NULL,NULL),(3505022007,3505,350502,'KARANGGONDANG',NULL,NULL),(3505022008,3505,350502,'RINGINANOM',NULL,NULL),(3505022009,3505,350502,'SUKOREJO',NULL,NULL),(3505022010,3505,350502,'SLEMANAN',NULL,NULL),(3505022011,3505,350502,'SUMBERSARI',NULL,NULL),(3505022012,3505,350502,'BENDOREJO',NULL,NULL),(3505031004,3505,350503,'TOGOGAN',NULL,NULL),(3505031007,3505,350503,'SRENGAT',NULL,NULL),(3505031009,3505,350503,'DANDONG',NULL,NULL),(3505031010,3505,350503,'KAUMAN',NULL,NULL),(3505032001,3505,350503,'KARANGGAYAM',NULL,NULL),(3505032002,3505,350503,'DERMOJAYAN',NULL,NULL),(3505032003,3505,350503,'KERJEN',NULL,NULL),(3505032005,3505,350503,'PAKISREJO',NULL,NULL),(3505032006,3505,350503,'PURWOKERTO',NULL,NULL),(3505032008,3505,350503,'WONOREJO',NULL,NULL),(3505032011,3505,350503,'MARON',NULL,NULL),(3505032012,3505,350503,'BAGELENAN',NULL,NULL),(3505032013,3505,350503,'KANDANGAN',NULL,NULL),(3505032014,3505,350503,'KENDALREJO',NULL,NULL),(3505032015,3505,350503,'SELOKAJANG',NULL,NULL),(3505032016,3505,350503,'NGAGLIK',NULL,NULL),(3505041011,3505,350504,'KADEMANGAN',NULL,NULL),(3505042001,3505,350504,'PANGGUNGDUWET',NULL,NULL),(3505042002,3505,350504,'MARON',NULL,NULL),(3505042003,3505,350504,'PAKISAJI',NULL,NULL),(3505042004,3505,350504,'KEBONSARI',NULL,NULL),(3505042005,3505,350504,'BENDOSARI',NULL,NULL),(3505042006,3505,350504,'SUMBERJO',NULL,NULL),(3505042007,3505,350504,'SURUHWADANG',NULL,NULL),(3505042008,3505,350504,'PLUMPUNGREJO',NULL,NULL),(3505042009,3505,350504,'JIMBE',NULL,NULL),(3505042010,3505,350504,'DAWUHAN',NULL,NULL),(3505042012,3505,350504,'SUMBERJATI',NULL,NULL),(3505042013,3505,350504,'REJOWINANGUN',NULL,NULL),(3505042014,3505,350504,'PLOSOREJO',NULL,NULL),(3505042015,3505,350504,'DARUNGAN',NULL,NULL),(3505052001,3505,350505,'PULEREJO',NULL,NULL),(3505052002,3505,350505,'TUMPAKOYOT',NULL,NULL),(3505052003,3505,350505,'PLANDIREJO',NULL,NULL),(3505052004,3505,350505,'SUMBERDADI',NULL,NULL),(3505052005,3505,350505,'BAKUNG',NULL,NULL),(3505052006,3505,350505,'NGREJO',NULL,NULL),(3505052007,3505,350505,'BULULAWANG',NULL,NULL),(3505052008,3505,350505,'KEDUNGBANTENG',NULL,NULL),(3505052009,3505,350505,'SIDOMULYO',NULL,NULL),(3505052010,3505,350505,'LOREJO',NULL,NULL),(3505052011,3505,350505,'TUMPAKKEPUH',NULL,NULL),(3505062001,3505,350506,'DADAPLANGU',NULL,NULL),(3505062002,3505,350506,'LANGON',NULL,NULL),(3505062003,3505,350506,'GEMBONGAN',NULL,NULL),(3505062004,3505,350506,'RINGINANYAR',NULL,NULL),(3505062005,3505,350506,'KEBONDUREN',NULL,NULL),(3505062006,3505,350506,'BACEM',NULL,NULL),(3505062007,3505,350506,'PONGGOK',NULL,NULL),(3505062008,3505,350506,'POJOK',NULL,NULL),(3505062009,3505,350506,'KAWEDUSAN',NULL,NULL),(3505062010,3505,350506,'JATILENGGER',NULL,NULL),(3505062011,3505,350506,'BENDO',NULL,NULL),(3505062012,3505,350506,'SIDOREJO',NULL,NULL),(3505062013,3505,350506,'MALIRAN',NULL,NULL),(3505062014,3505,350506,'CANDIREJO',NULL,NULL),(3505062015,3505,350506,'KARANGBENDO',NULL,NULL),(3505072001,3505,350507,'KALIPUCUNG',NULL,NULL),(3505072002,3505,350507,'BENDOSARI',NULL,NULL),(3505072003,3505,350507,'SUMBER',NULL,NULL),(3505072004,3505,350507,'SANANKULON',NULL,NULL),(3505072005,3505,350507,'SUMBERINGIN',NULL,NULL),(3505072006,3505,350507,'PURWOREJO',NULL,NULL),(3505072007,3505,350507,'BENDOWULUNG',NULL,NULL),(3505072008,3505,350507,'TULISKRIYO',NULL,NULL),(3505072009,3505,350507,'SUMBERJO',NULL,NULL),(3505072010,3505,350507,'GLEDUG',NULL,NULL),(3505072011,3505,350507,'JEDING',NULL,NULL),(3505072012,3505,350507,'PLOSOARANG',NULL,NULL),(3505082001,3505,350508,'PASIRAMAN',NULL,NULL),(3505082002,3505,350508,'KALIGRENJENG',NULL,NULL),(3505082003,3505,350508,'TAMBAKREJO',NULL,NULL),(3505082004,3505,350508,'SUMBERBOTO',NULL,NULL),(3505082005,3505,350508,'GUNUNGGEDE',NULL,NULL),(3505082006,3505,350508,'WONOTIRTO',NULL,NULL),(3505082007,3505,350508,'NGENI',NULL,NULL),(3505082008,3505,350508,'NGADIPURO',NULL,NULL),(3505091009,3505,350509,'NGLEGOK',NULL,NULL),(3505092001,3505,350509,'SUMBERASRI',NULL,NULL),(3505092002,3505,350509,'KEDAWUNG',NULL,NULL),(3505092003,3505,350509,'NGORAN',NULL,NULL),(3505092004,3505,350509,'DAYU',NULL,NULL),(3505092005,3505,350509,'BANGSRI',NULL,NULL),(3505092006,3505,350509,'KEMLOKO',NULL,NULL),(3505092007,3505,350509,'PENATARAN',NULL,NULL),(3505092008,3505,350509,'KRENCENG',NULL,NULL),(3505092010,3505,350509,'JIWUT',NULL,NULL),(3505092011,3505,350509,'MODANGAN',NULL,NULL),(3505101008,3505,350510,'KANIGORO',NULL,NULL),(3505101010,3505,350510,'SATREYAN',NULL,NULL),(3505102001,3505,350510,'MINGGIRSARI',NULL,NULL),(3505102002,3505,350510,'JATINOM',NULL,NULL),(3505102003,3505,350510,'GOGODESO',NULL,NULL),(3505102004,3505,350510,'GAPRANG',NULL,NULL),(3505102005,3505,350510,'PAPUNGAN',NULL,NULL),(3505102006,3505,350510,'TLOGO',NULL,NULL),(3505102007,3505,350510,'KARANGSONO',NULL,NULL),(3505102009,3505,350510,'BANGGLE',NULL,NULL),(3505102011,3505,350510,'SAWENTAR',NULL,NULL),(3505102012,3505,350510,'KUNINGAN',NULL,NULL),(3505111002,3505,350511,'SUMBERDIREN',NULL,NULL),(3505111003,3505,350511,'TAWANGSARI',NULL,NULL),(3505111004,3505,350511,'GARUM',NULL,NULL),(3505111006,3505,350511,'BENCE',NULL,NULL),(3505112001,3505,350511,'POJOK',NULL,NULL),(3505112005,3505,350511,'TINGAL',NULL,NULL),(3505112007,3505,350511,'SLOROK',NULL,NULL),(3505112008,3505,350511,'SIDODADI',NULL,NULL),(3505112009,3505,350511,'KARANGREJO',NULL,NULL),(3505121002,3505,350512,'KEDUNGBUNDER',NULL,NULL),(3505121003,3505,350512,'KEMBANGARUM',NULL,NULL),(3505121004,3505,350512,'KALIPANG',NULL,NULL),(3505121005,3505,350512,'SUTOJAYAN',NULL,NULL),(3505121006,3505,350512,'JINGGLONG',NULL,NULL),(3505121007,3505,350512,'SUKOREJO',NULL,NULL),(3505121008,3505,350512,'JEGU',NULL,NULL),(3505122001,3505,350512,'PANDANARUM',NULL,NULL),(3505122009,3505,350512,'BACEM',NULL,NULL),(3505122010,3505,350512,'SUMBERJO',NULL,NULL),(3505122011,3505,350512,'KAULON',NULL,NULL),(3505132001,3505,350513,'SERANG',NULL,NULL),(3505132002,3505,350513,'KALITENGAH',NULL,NULL),(3505132003,3505,350513,'MARGOMULYO',NULL,NULL),(3505132004,3505,350513,'PANGGUNGREJO',NULL,NULL),(3505132005,3505,350513,'SUMBERSIH',NULL,NULL),(3505132006,3505,350513,'KALIGAMBIR',NULL,NULL),(3505132007,3505,350513,'BUMIAYU',NULL,NULL),(3505132008,3505,350513,'PANGGUNGASRI',NULL,NULL),(3505132009,3505,350513,'SUMBERAGUNG',NULL,NULL),(3505132010,3505,350513,'BALEREJO',NULL,NULL),(3505141008,3505,350514,'TALUN',NULL,NULL),(3505141009,3505,350514,'KAMULAN',NULL,NULL),(3505141013,3505,350514,'BAJANG',NULL,NULL),(3505141014,3505,350514,'KAWERON',NULL,NULL),(3505142001,3505,350514,'TUMPANG',NULL,NULL),(3505142002,3505,350514,'KENDALREJO',NULL,NULL),(3505142003,3505,350514,'PASIRHARJO',NULL,NULL),(3505142004,3505,350514,'JEBLOG',NULL,NULL),(3505142005,3505,350514,'JABUNG',NULL,NULL),(3505142006,3505,350514,'BENDOSEWU',NULL,NULL),(3505142007,3505,350514,'WONOREJO',NULL,NULL),(3505142010,3505,350514,'DUREN',NULL,NULL),(3505142011,3505,350514,'SRAGI',NULL,NULL),(3505142012,3505,350514,'JAJAR',NULL,NULL),(3505152001,3505,350515,'SUMBERAGUNG',NULL,NULL),(3505152002,3505,350515,'GADUNGAN',NULL,NULL),(3505152003,3505,350515,'KOTES',NULL,NULL),(3505152004,3505,350515,'SUKOSEWU',NULL,NULL),(3505152005,3505,350515,'GONDANG',NULL,NULL),(3505152006,3505,350515,'TAMBAKAN',NULL,NULL),(3505152007,3505,350515,'GANDUSARI',NULL,NULL),(3505152008,3505,350515,'BUTUN',NULL,NULL),(3505152009,3505,350515,'NGARINGAN',NULL,NULL),(3505152010,3505,350515,'SOSO',NULL,NULL),(3505152011,3505,350515,'SLUMBUNG',NULL,NULL),(3505152012,3505,350515,'SEMEN',NULL,NULL),(3505152013,3505,350515,'TULUNGREJO',NULL,NULL),(3505152014,3505,350515,'KRISIK',NULL,NULL),(3505162001,3505,350516,'KEDUNGWUNGU',NULL,NULL),(3505162002,3505,350516,'SALAMREJO',NULL,NULL),(3505162003,3505,350516,'SUMBERKEMBAR',NULL,NULL),(3505162004,3505,350516,'BINANGUN',NULL,NULL),(3505162005,3505,350516,'REJOSO',NULL,NULL),(3505162006,3505,350516,'NGEMBUL',NULL,NULL),(3505162007,3505,350516,'SAMBIGEDE',NULL,NULL),(3505162008,3505,350516,'TAWANGREJO',NULL,NULL),(3505162009,3505,350516,'UMBULDAMAR',NULL,NULL),(3505162010,3505,350516,'NGADRI',NULL,NULL),(3505162011,3505,350516,'BIROWO',NULL,NULL),(3505162012,3505,350516,'SUKORAME',NULL,NULL),(3505171001,3505,350517,'BERU',NULL,NULL),(3505171002,3505,350517,'BABADAN',NULL,NULL),(3505171003,3505,350517,'TANGKIL',NULL,NULL),(3505171004,3505,350517,'WLINGI',NULL,NULL),(3505171006,3505,350517,'KLEMUNAN',NULL,NULL),(3505172005,3505,350517,'TEMBALANG',NULL,NULL),(3505172007,3505,350517,'NGADIRENGGO',NULL,NULL),(3505172008,3505,350517,'TEGALASRI',NULL,NULL),(3505172009,3505,350517,'BALEREJO',NULL,NULL),(3505182001,3505,350518,'SLOROK',NULL,NULL),(3505182002,3505,350518,'SURU',NULL,NULL),(3505182003,3505,350518,'PLUMBANGAN',NULL,NULL),(3505182004,3505,350518,'SUMBERURIP',NULL,NULL),(3505182005,3505,350518,'GENENGAN',NULL,NULL),(3505182006,3505,350518,'DOKO',NULL,NULL),(3505182007,3505,350518,'JAMBEPAWON',NULL,NULL),(3505182008,3505,350518,'SIDOREJO',NULL,NULL),(3505182009,3505,350518,'RESAPOMBO',NULL,NULL),(3505182010,3505,350518,'KALIMANIS',NULL,NULL),(3505192001,3505,350519,'SIRAMAN',NULL,NULL),(3505192002,3505,350519,'KESAMBEN',NULL,NULL),(3505192003,3505,350519,'JUGO',NULL,NULL),(3505192004,3505,350519,'PAGERWOJO',NULL,NULL),(3505192005,3505,350519,'PAGERGUNUNG',NULL,NULL),(3505192006,3505,350519,'TEPAS',NULL,NULL),(3505192007,3505,350519,'KEMIRIGEDE',NULL,NULL),(3505192008,3505,350519,'TAPAKREJO',NULL,NULL),(3505192009,3505,350519,'BUMIREJO',NULL,NULL),(3505192010,3505,350519,'SUKOANYAR',NULL,NULL),(3505202001,3505,350520,'PURWOREJO',NULL,NULL),(3505202002,3505,350520,'TULUNGREJO',NULL,NULL),(3505202003,3505,350520,'SUMBERARUM',NULL,NULL),(3505202004,3505,350520,'RINGINREJO',NULL,NULL),(3505202005,3505,350520,'MOJOREJO',NULL,NULL),(3505202006,3505,350520,'SUKOREJO',NULL,NULL),(3505202007,3505,350520,'WATES',NULL,NULL),(3505202008,3505,350520,'TUGUREJO',NULL,NULL),(3505212001,3505,350521,'BANJARSARI',NULL,NULL),(3505212002,3505,350521,'POHGAJIH',NULL,NULL),(3505212003,3505,350521,'SELOREJO',NULL,NULL),(3505212004,3505,350521,'SUMBERAGUNG',NULL,NULL),(3505212005,3505,350521,'NGRENDENG',NULL,NULL),(3505212006,3505,350521,'SIDOMULYO',NULL,NULL),(3505212007,3505,350521,'AMPELGADING',NULL,NULL),(3505212008,3505,350521,'OLAK ALEN',NULL,NULL),(3505212009,3505,350521,'BORO',NULL,NULL),(3505212010,3505,350521,'NGRECO',NULL,NULL),(3505222001,3505,350522,'MANDESAN',NULL,NULL),(3505222002,3505,350522,'JATITENGAH',NULL,NULL),(3505222003,3505,350522,'JAMBEWANGI',NULL,NULL),(3505222004,3505,350522,'SELOPURO',NULL,NULL),(3505222005,3505,350522,'TEGALREJO',NULL,NULL),(3505222006,3505,350522,'PLOSO',NULL,NULL),(3505222007,3505,350522,'POPOH',NULL,NULL),(3505222008,3505,350522,'MRONJO',NULL,NULL),(3506012001,3506,350601,'BULU',NULL,NULL),(3506012002,3506,350601,'SIDOMULYO',NULL,NULL),(3506012003,3506,350601,'PUHRUBUH',NULL,NULL),(3506012004,3506,350601,'SELOPANGGUNG',NULL,NULL),(3506012005,3506,350601,'KANYORAN',NULL,NULL),(3506012006,3506,350601,'PUHSARANG',NULL,NULL),(3506012007,3506,350601,'BOBANG',NULL,NULL),(3506012008,3506,350601,'SEMEN',NULL,NULL),(3506012009,3506,350601,'TITIK',NULL,NULL),(3506012010,3506,350601,'KEDAK',NULL,NULL),(3506012011,3506,350601,'PAGUNG',NULL,NULL),(3506012012,3506,350601,'JOHO',NULL,NULL),(3506022001,3506,350602,'JUGO',NULL,NULL),(3506022002,3506,350602,'BLIMBING',NULL,NULL),(3506022003,3506,350602,'PAMONGAN',NULL,NULL),(3506022004,3506,350602,'PETUNGROTO',NULL,NULL),(3506022005,3506,350602,'NGETREP',NULL,NULL),(3506022006,3506,350602,'PONGGOK',NULL,NULL),(3506022007,3506,350602,'NGADI',NULL,NULL),(3506022008,3506,350602,'KRANDING',NULL,NULL),(3506022009,3506,350602,'MAESAN',NULL,NULL),(3506022010,3506,350602,'KEDAWUNG',NULL,NULL),(3506022011,3506,350602,'PLOSO',NULL,NULL),(3506022012,3506,350602,'KRATON',NULL,NULL),(3506022013,3506,350602,'TAMBIBENDO',NULL,NULL),(3506022014,3506,350602,'MOJO',NULL,NULL),(3506022015,3506,350602,'MLATI',NULL,NULL),(3506022016,3506,350602,'SURAT',NULL,NULL),(3506022017,3506,350602,'SUKOANYAR',NULL,NULL),(3506022018,3506,350602,'KENITEN',NULL,NULL),(3506022019,3506,350602,'MONDO',NULL,NULL),(3506022020,3506,350602,'PETOK',NULL,NULL),(3506032001,3506,350603,'SETONOREJO',NULL,NULL),(3506032002,3506,350603,'PELAS',NULL,NULL),(3506032003,3506,350603,'BLEBER',NULL,NULL),(3506032004,3506,350603,'BUTUH',NULL,NULL),(3506032005,3506,350603,'JABANG',NULL,NULL),(3506032006,3506,350603,'MOJOSARI',NULL,NULL),(3506032007,3506,350603,'REJOMULYO',NULL,NULL),(3506032008,3506,350603,'KARANGTALUN',NULL,NULL),(3506032009,3506,350603,'NYAWANGAN',NULL,NULL),(3506032010,3506,350603,'PURWODADI',NULL,NULL),(3506032011,3506,350603,'KRAS',NULL,NULL),(3506032012,3506,350603,'BENDOSARI',NULL,NULL),(3506032013,3506,350603,'KANIGORO',NULL,NULL),(3506032014,3506,350603,'KRANDANG',NULL,NULL),(3506032015,3506,350603,'BANJARANYAR',NULL,NULL),(3506032016,3506,350603,'JAMBEAN',NULL,NULL),(3506042001,3506,350604,'TALES',NULL,NULL),(3506042002,3506,350604,'SEKETI',NULL,NULL),(3506042003,3506,350604,'BANGGLE',NULL,NULL),(3506042004,3506,350604,'BRANGGAHAN',NULL,NULL),(3506042005,3506,350604,'SLUMBUNG',NULL,NULL),(3506042006,3506,350604,'DUKUH',NULL,NULL),(3506042007,3506,350604,'PURWOKERTO',NULL,NULL),(3506042008,3506,350604,'NGADILUWIH',NULL,NULL),(3506042009,3506,350604,'BADAL',NULL,NULL),(3506042010,3506,350604,'BADAL PANDEAN',NULL,NULL),(3506042011,3506,350604,'REMBANG',NULL,NULL),(3506042012,3506,350604,'REMBANGKEPUH',NULL,NULL),(3506042013,3506,350604,'BEDUG',NULL,NULL),(3506042014,3506,350604,'MANGUNREJO',NULL,NULL),(3506042015,3506,350604,'BANJAREJO',NULL,NULL),(3506042016,3506,350604,'WONOREJO',NULL,NULL),(3506052001,3506,350605,'SUMBEREJO',NULL,NULL),(3506052002,3506,350605,'SELOSARI',NULL,NULL),(3506052003,3506,350605,'KARANGREJO',NULL,NULL),(3506052004,3506,350605,'KANDAT',NULL,NULL),(3506052005,3506,350605,'CENDONO',NULL,NULL),(3506052006,3506,350605,'RINGINSARI',NULL,NULL),(3506052007,3506,350605,'TEGALAN',NULL,NULL),(3506052008,3506,350605,'NGLETIH',NULL,NULL),(3506052009,3506,350605,'PURWOREJO',NULL,NULL),(3506052010,3506,350605,'PULE',NULL,NULL),(3506052011,3506,350605,'BLABAK',NULL,NULL),(3506052012,3506,350605,'NGRECO',NULL,NULL),(3506062001,3506,350606,'DUWET',NULL,NULL),(3506062002,3506,350606,'POJOK',NULL,NULL),(3506062003,3506,350606,'SEGARAN',NULL,NULL),(3506062004,3506,350606,'GADUNGAN',NULL,NULL),(3506062005,3506,350606,'WATES',NULL,NULL),(3506062006,3506,350606,'TAWANG',NULL,NULL),(3506062007,3506,350606,'JAJAR',NULL,NULL),(3506062008,3506,350606,'TUNGE',NULL,NULL),(3506062009,3506,350606,'TEMPUREJO',NULL,NULL),(3506062010,3506,350606,'PLAOSAN',NULL,NULL),(3506062011,3506,350606,'KARANGANYAR',NULL,NULL),(3506062012,3506,350606,'WONOREJO',NULL,NULL),(3506062013,3506,350606,'PAGU',NULL,NULL),(3506062014,3506,350606,'JOHO',NULL,NULL),(3506062015,3506,350606,'SILIR',NULL,NULL),(3506062016,3506,350606,'SUMBERAGUNG',NULL,NULL),(3506062017,3506,350606,'SIDOMULYO',NULL,NULL),(3506062018,3506,350606,'JANTI',NULL,NULL),(3506072001,3506,350607,'SEMPU',NULL,NULL),(3506072002,3506,350607,'PANDANTOYO',NULL,NULL),(3506072003,3506,350607,'MARGOURIP',NULL,NULL),(3506072004,3506,350607,'BEDALI',NULL,NULL),(3506072005,3506,350607,'KUNJANG',NULL,NULL),(3506072006,3506,350607,'MANGGIS',NULL,NULL),(3506072007,3506,350607,'NGANCAR',NULL,NULL),(3506072008,3506,350607,'SUGIHWARAS',NULL,NULL),(3506072009,3506,350607,'BABADAN',NULL,NULL),(3506072010,3506,350607,'JAGUL',NULL,NULL),(3506082001,3506,350608,'PUNCU',NULL,NULL),(3506082002,3506,350608,'ASMOROBANGUN',NULL,NULL),(3506082003,3506,350608,'MANGGIS',NULL,NULL),(3506082004,3506,350608,'SIDOMULYO',NULL,NULL),(3506082005,3506,350608,'WATUGEDE',NULL,NULL),(3506082006,3506,350608,'GADUNGAN',NULL,NULL),(3506082007,3506,350608,'WONOREJO',NULL,NULL),(3506082008,3506,350608,'SATAK',NULL,NULL),(3506092001,3506,350609,'GONDANG',NULL,NULL),(3506092002,3506,350609,'KAYUNAN',NULL,NULL),(3506092003,3506,350609,'PANJER',NULL,NULL),(3506092004,3506,350609,'JARAK',NULL,NULL),(3506092005,3506,350609,'PLOSO KIDUL',NULL,NULL),(3506092006,3506,350609,'PLOSO LOR',NULL,NULL),(3506092007,3506,350609,'BRENGGOLO',NULL,NULL),(3506092008,3506,350609,'DONGANTI',NULL,NULL),(3506092009,3506,350609,'KAWEDUSAN',NULL,NULL),(3506092010,3506,350609,'KLANDERAN',NULL,NULL),(3506092011,3506,350609,'PUNJUL',NULL,NULL),(3506092012,3506,350609,'PRANGGANG',NULL,NULL),(3506092013,3506,350609,'SUMBERAGUNG',NULL,NULL),(3506092014,3506,350609,'WONOREJO TRISULO',NULL,NULL),(3506092015,3506,350609,'SEPAWON',NULL,NULL),(3506102001,3506,350610,'NGLUMBANG',NULL,NULL),(3506102002,3506,350610,'BLIMBING',NULL,NULL),(3506102003,3506,350610,'NGASEM',NULL,NULL),(3506102004,3506,350610,'BOGEM',NULL,NULL),(3506102005,3506,350610,'KRANGGAN',NULL,NULL),(3506102006,3506,350610,'TURUS',NULL,NULL),(3506102007,3506,350610,'GABRU',NULL,NULL),(3506102008,3506,350610,'WONOJOYO',NULL,NULL),(3506102009,3506,350610,'BANGKOK',NULL,NULL),(3506102010,3506,350610,'GURAH',NULL,NULL),(3506102011,3506,350610,'BANYUANYAR',NULL,NULL),(3506102012,3506,350610,'BESUK',NULL,NULL),(3506102013,3506,350610,'SUMBERCANGKRING',NULL,NULL),(3506102014,3506,350610,'SUKOREJO',NULL,NULL),(3506102015,3506,350610,'KERKEP',NULL,NULL),(3506102016,3506,350610,'GEMPOLAN',NULL,NULL),(3506102017,3506,350610,'TAMBAKREJO',NULL,NULL),(3506102018,3506,350610,'TIRU KIDUL',NULL,NULL),(3506102019,3506,350610,'TIRU LOR',NULL,NULL),(3506102020,3506,350610,'GAYAM',NULL,NULL),(3506102021,3506,350610,'ADAN-ADAN',NULL,NULL),(3506112001,3506,350611,'BULUPASAR',NULL,NULL),(3506112002,3506,350611,'WONOSARI',NULL,NULL),(3506112003,3506,350611,'KAMBINGAN',NULL,NULL),(3506112004,3506,350611,'TANJUNG',NULL,NULL),(3506112005,3506,350611,'WATES',NULL,NULL),(3506112006,3506,350611,'MENANG',NULL,NULL),(3506112007,3506,350611,'TENGGER KIDUL',NULL,NULL),(3506112008,3506,350611,'SEMANDING',NULL,NULL),(3506112009,3506,350611,'SITIMERTO',NULL,NULL),(3506112010,3506,350611,'PAGU',NULL,NULL),(3506112011,3506,350611,'BENDO',NULL,NULL),(3506112012,3506,350611,'SEMEN',NULL,NULL),(3506112016,3506,350611,'JAGUNG',NULL,NULL),(3506122010,3506,350612,'JONGBIRU',NULL,NULL),(3506122011,3506,350612,'PUTIH',NULL,NULL),(3506122012,3506,350612,'SAMBIREJO',NULL,NULL),(3506122016,3506,350612,'KEPUHREJO',NULL,NULL),(3506122017,3506,350612,'KALIBELO',NULL,NULL),(3506122018,3506,350612,'PLOSOREJO',NULL,NULL),(3506122019,3506,350612,'TURUS',NULL,NULL),(3506122020,3506,350612,'SAMBIRESIK',NULL,NULL),(3506122021,3506,350612,'GAMPENG',NULL,NULL),(3506122022,3506,350612,'NGEBRAK',NULL,NULL),(3506122023,3506,350612,'WANENGPATEN',NULL,NULL),(3506132001,3506,350613,'KALIPANG',NULL,NULL),(3506132002,3506,350613,'GROGOL',NULL,NULL),(3506132003,3506,350613,'CERME',NULL,NULL),(3506132004,3506,350613,'WONOASRI',NULL,NULL),(3506132005,3506,350613,'SONOREJO',NULL,NULL),(3506132006,3506,350613,'DATENGAN',NULL,NULL),(3506132007,3506,350613,'SUMBEREJO',NULL,NULL),(3506132008,3506,350613,'GAMBYOK',NULL,NULL),(3506132009,3506,350613,'BAKALAN',NULL,NULL),(3506142001,3506,350614,'PURWOTENGAH',NULL,NULL),(3506142002,3506,350614,'KWARON',NULL,NULL),(3506142003,3506,350614,'MINGGIRAN',NULL,NULL),(3506142004,3506,350614,'PEHKULON',NULL,NULL),(3506142005,3506,350614,'PEHWETAN',NULL,NULL),(3506142006,3506,350614,'DAWUHAN KIDUL',NULL,NULL),(3506142007,3506,350614,'JANTI',NULL,NULL),(3506142008,3506,350614,'NGAMPEL',NULL,NULL),(3506142009,3506,350614,'KEDUNGMALANG',NULL,NULL),(3506142010,3506,350614,'JAMBANGAN',NULL,NULL),(3506142011,3506,350614,'MADURETNO',NULL,NULL),(3506142012,3506,350614,'PAPAR',NULL,NULL),(3506142013,3506,350614,'TANON',NULL,NULL),(3506142014,3506,350614,'SRIKATON',NULL,NULL),(3506142015,3506,350614,'KEPUH',NULL,NULL),(3506142016,3506,350614,'SUKOMORO',NULL,NULL),(3506142017,3506,350614,'PUHJAJAR',NULL,NULL),(3506152001,3506,350615,'JANTOK',NULL,NULL),(3506152002,3506,350615,'PESING',NULL,NULL),(3506152003,3506,350615,'MRANGGEN',NULL,NULL),(3506152004,3506,350615,'PURWOASRI',NULL,NULL),(3506152005,3506,350615,'WONOTENGAH',NULL,NULL),(3506152006,3506,350615,'KETAWANG',NULL,NULL),(3506152007,3506,350615,'BELOR',NULL,NULL),(3506152008,3506,350615,'BLAWE',NULL,NULL),(3506152009,3506,350615,'PANDANSARI',NULL,NULL),(3506152010,3506,350615,'PURWODADI',NULL,NULL),(3506152011,3506,350615,'BULU',NULL,NULL),(3506152012,3506,350615,'TUGU',NULL,NULL),(3506152013,3506,350615,'SIDOMULYO',NULL,NULL),(3506152014,3506,350615,'KLAMPITAN',NULL,NULL),(3506152015,3506,350615,'WOROMARTO',NULL,NULL),(3506152016,3506,350615,'MUNENG',NULL,NULL),(3506152017,3506,350615,'MERJOYO',NULL,NULL),(3506152018,3506,350615,'MEKIKIS',NULL,NULL),(3506152019,3506,350615,'KARANGPAKIS',NULL,NULL),(3506152020,3506,350615,'DAYU',NULL,NULL),(3506152021,3506,350615,'DAWUHAN',NULL,NULL),(3506152022,3506,350615,'KEMPLENG',NULL,NULL),(3506152023,3506,350615,'SUMBERJO',NULL,NULL),(3506162001,3506,350616,'LANGENHARJO',NULL,NULL),(3506162002,3506,350616,'TEGOWANGI',NULL,NULL),(3506162003,3506,350616,'PUHJARAK',NULL,NULL),(3506162004,3506,350616,'MEJONO',NULL,NULL),(3506162005,3506,350616,'PAYAMAN',NULL,NULL),(3506162006,3506,350616,'BOGOKIDUL',NULL,NULL),(3506162007,3506,350616,'KAYEN LOR',NULL,NULL),(3506162008,3506,350616,'WONOKERTO',NULL,NULL),(3506162009,3506,350616,'NGINO',NULL,NULL),(3506162010,3506,350616,'SEBET',NULL,NULL),(3506162011,3506,350616,'BANJAREJO',NULL,NULL),(3506162012,3506,350616,'SIDOWAREK',NULL,NULL),(3506162013,3506,350616,'RINGINPITU',NULL,NULL),(3506162014,3506,350616,'SUKOHARJO',NULL,NULL),(3506162015,3506,350616,'MOJOAYU',NULL,NULL),(3506162016,3506,350616,'PLEMAHAN',NULL,NULL),(3506162017,3506,350616,'MOJOKEREP',NULL,NULL),(3506171009,3506,350617,'PARE',NULL,NULL),(3506172001,3506,350617,'SIDOREJO',NULL,NULL),(3506172002,3506,350617,'SAMBIREJO',NULL,NULL),(3506172003,3506,350617,'GEDANGSEWU',NULL,NULL),(3506172004,3506,350617,'SUMBERBENDO',NULL,NULL),(3506172005,3506,350617,'DARUNGAN',NULL,NULL),(3506172006,3506,350617,'BENDO',NULL,NULL),(3506172007,3506,350617,'PELEM',NULL,NULL),(3506172008,3506,350617,'TULUNGREJO',NULL,NULL),(3506172010,3506,350617,'TERTEK',NULL,NULL),(3506182001,3506,350618,'KEBONREJO',NULL,NULL),(3506182002,3506,350618,'KAMPUNGBARU',NULL,NULL),(3506182003,3506,350618,'BESOWO',NULL,NULL),(3506182004,3506,350618,'SIMAN',NULL,NULL),(3506182005,3506,350618,'BRUMBUNG',NULL,NULL),(3506182006,3506,350618,'KEPUNG',NULL,NULL),(3506182007,3506,350618,'KRENCENG',NULL,NULL),(3506182008,3506,350618,'KENCONG',NULL,NULL),(3506182009,3506,350618,'KELING',NULL,NULL),(3506182010,3506,350618,'DAMARWULAN',NULL,NULL),(3506192001,3506,350619,'KEMIRI',NULL,NULL),(3506192002,3506,350619,'KLAMPISAN',NULL,NULL),(3506192003,3506,350619,'KARANGTENGAH',NULL,NULL),(3506192004,3506,350619,'KASREMAN',NULL,NULL),(3506192005,3506,350619,'JERUKWANGI',NULL,NULL),(3506192006,3506,350619,'JERUKGULUNG',NULL,NULL),(3506192007,3506,350619,'JLUMBANG',NULL,NULL),(3506192008,3506,350619,'BUKUR',NULL,NULL),(3506192009,3506,350619,'KANDANGAN',NULL,NULL),(3506192010,3506,350619,'BANARAN',NULL,NULL),(3506192011,3506,350619,'MLANCU',NULL,NULL),(3506192012,3506,350619,'MEDOWO',NULL,NULL),(3506202001,3506,350620,'KALIRONG',NULL,NULL),(3506202002,3506,350620,'KALIBOTO',NULL,NULL),(3506202003,3506,350620,'BULUSARI',NULL,NULL),(3506202004,3506,350620,'TAROKAN',NULL,NULL),(3506202005,3506,350620,'KEDUNGSARI',NULL,NULL),(3506202006,3506,350620,'SUMBERDUREN',NULL,NULL),(3506202007,3506,350620,'KEREP',NULL,NULL),(3506202008,3506,350620,'BLIMBING',NULL,NULL),(3506202009,3506,350620,'JATI',NULL,NULL),(3506202010,3506,350620,'CENGKOK',NULL,NULL),(3506212001,3506,350621,'KUWIK',NULL,NULL),(3506212002,3506,350621,'BALONGJERUK',NULL,NULL),(3506212003,3506,350621,'KAPAS',NULL,NULL),(3506212004,3506,350621,'KLEPEK',NULL,NULL),(3506212005,3506,350621,'KUNJANG',NULL,NULL),(3506212006,3506,350621,'KAPI',NULL,NULL),(3506212007,3506,350621,'TENGGER LOR',NULL,NULL),(3506212008,3506,350621,'WONOREJO',NULL,NULL),(3506212009,3506,350621,'DUNGUS',NULL,NULL),(3506212010,3506,350621,'JUWET',NULL,NULL),(3506212011,3506,350621,'PAKIS',NULL,NULL),(3506212012,3506,350621,'PARELOR',NULL,NULL),(3506222001,3506,350622,'BANYAKAN',NULL,NULL),(3506222002,3506,350622,'JATIREJO',NULL,NULL),(3506222003,3506,350622,'MANYARAN',NULL,NULL),(3506222004,3506,350622,'TIRON',NULL,NULL),(3506222005,3506,350622,'PARANG',NULL,NULL),(3506222006,3506,350622,'SENDANG',NULL,NULL),(3506222007,3506,350622,'MARON',NULL,NULL),(3506222008,3506,350622,'NGABLAK',NULL,NULL),(3506222009,3506,350622,'JABON',NULL,NULL),(3506232001,3506,350623,'RINGINREJO',NULL,NULL),(3506232002,3506,350623,'BATUAJI',NULL,NULL),(3506232003,3506,350623,'DEYENG',NULL,NULL),(3506232004,3506,350623,'DAWUNG',NULL,NULL),(3506232005,3506,350623,'PURWODADI',NULL,NULL),(3506232006,3506,350623,'SAMBI',NULL,NULL),(3506232007,3506,350623,'SUSUHBANGO',NULL,NULL),(3506232008,3506,350623,'SELODONO',NULL,NULL),(3506232009,3506,350623,'NAMBAKAN',NULL,NULL),(3506232010,3506,350623,'SRIKATON',NULL,NULL),(3506232011,3506,350623,'JEMEKAN',NULL,NULL),(3506242001,3506,350624,'BAYE',NULL,NULL),(3506242002,3506,350624,'BANGSONGAN',NULL,NULL),(3506242003,3506,350624,'SENDEN',NULL,NULL),(3506242004,3506,350624,'SAMBIROBYONG',NULL,NULL),(3506242005,3506,350624,'MUKUH',NULL,NULL),(3506242006,3506,350624,'SUKOHARJO',NULL,NULL),(3506242007,3506,350624,'JAMBU',NULL,NULL),(3506242008,3506,350624,'SEKARAN',NULL,NULL),(3506242009,3506,350624,'PADANGAN',NULL,NULL),(3506242010,3506,350624,'NANGGUNGAN',NULL,NULL),(3506242011,3506,350624,'SEMAMBUNG',NULL,NULL),(3506242012,3506,350624,'KAYEN KIDUL',NULL,NULL),(3506252001,3506,350625,'TUGUREJO',NULL,NULL),(3506252002,3506,350625,'SUMBEREJO',NULL,NULL),(3506252003,3506,350625,'PARON',NULL,NULL),(3506252004,3506,350625,'GOGORANTE',NULL,NULL),(3506252005,3506,350625,'DOKO',NULL,NULL),(3506252006,3506,350625,'SUKOREJO',NULL,NULL),(3506252007,3506,350625,'NGASEM',NULL,NULL),(3506252008,3506,350625,'KARANGREJO',NULL,NULL),(3506252009,3506,350625,'KWADUNGAN',NULL,NULL),(3506252010,3506,350625,'NAMBAAN',NULL,NULL),(3506252011,3506,350625,'TOYORESMI',NULL,NULL),(3506252012,3506,350625,'WONOCATUR',NULL,NULL),(3506262001,3506,350626,'CANGGU',NULL,NULL),(3506262002,3506,350626,'LAMONG',NULL,NULL),(3506262003,3506,350626,'BRINGIN',NULL,NULL),(3506262004,3506,350626,'SEKOTO',NULL,NULL),(3506262005,3506,350626,'TUNGLUR',NULL,NULL),(3506262006,3506,350626,'KRECEK',NULL,NULL),(3506262007,3506,350626,'BLARU',NULL,NULL),(3506262008,3506,350626,'BADAS',NULL,NULL),(3507012001,3507,350701,'TULUNGREJO',NULL,NULL),(3507012002,3507,350701,'BANJAREJO',NULL,NULL),(3507012003,3507,350701,'KEDUNGSALAM',NULL,NULL),(3507012004,3507,350701,'TLOGOSARI',NULL,NULL),(3507012005,3507,350701,'TEMPURSARI',NULL,NULL),(3507012006,3507,350701,'DONOMULYO',NULL,NULL),(3507012007,3507,350701,'PURWOREJO',NULL,NULL),(3507012008,3507,350701,'SUMBEROTO',NULL,NULL),(3507012009,3507,350701,'MENTARAMAN',NULL,NULL),(3507012010,3507,350701,'PURWODADI',NULL,NULL),(3507022001,3507,350702,'SUMBERMANJING KULON',NULL,NULL),(3507022002,3507,350702,'PANDANREJO',NULL,NULL),(3507022003,3507,350702,'SUMBERKERTO',NULL,NULL),(3507022004,3507,350702,'SEMPOL',NULL,NULL),(3507022005,3507,350702,'PAGAK',NULL,NULL),(3507022006,3507,350702,'TLOGOREJO',NULL,NULL),(3507022007,3507,350702,'GAMPINGAN',NULL,NULL),(3507022008,3507,350702,'SUMBEREJO',NULL,NULL),(3507032001,3507,350703,'WONOKERTO',NULL,NULL),(3507032002,3507,350703,'REJOSARI',NULL,NULL),(3507032003,3507,350703,'BANTUR',NULL,NULL),(3507032004,3507,350703,'WONOREJO',NULL,NULL),(3507032005,3507,350703,'SRIGONCO',NULL,NULL),(3507032006,3507,350703,'SUMBERBENING',NULL,NULL),(3507032007,3507,350703,'BANDUNGREJO',NULL,NULL),(3507032008,3507,350703,'PRINGGONDANI',NULL,NULL),(3507032009,3507,350703,'REJOYOSO',NULL,NULL),(3507032010,3507,350703,'KARANGSARI',NULL,NULL),(3507042001,3507,350704,'TAMBAKASRI',NULL,NULL),(3507042002,3507,350704,'TEGALREJO',NULL,NULL),(3507042003,3507,350704,'SEKARBANYU',NULL,NULL),(3507042004,3507,350704,'KLEPU',NULL,NULL),(3507042005,3507,350704,'RINGINKEMBAR',NULL,NULL),(3507042006,3507,350704,'KEDUNGBANTENG',NULL,NULL),(3507042007,3507,350704,'SITIARJO',NULL,NULL),(3507042008,3507,350704,'SUMBERAGUNG',NULL,NULL),(3507042009,3507,350704,'ARGOTIRTO',NULL,NULL),(3507042010,3507,350704,'HARJOKUNCARAN',NULL,NULL),(3507042011,3507,350704,'SUMBERMANJING WETAN',NULL,NULL),(3507042012,3507,350704,'RINGINSARI',NULL,NULL),(3507042013,3507,350704,'DRUJU',NULL,NULL),(3507042014,3507,350704,'TAMBAKREJO',NULL,NULL),(3507042015,3507,350704,'SIDOASRI',NULL,NULL),(3507051007,3507,350705,'DAMPIT',NULL,NULL),(3507052001,3507,350705,'SUKODONO',NULL,NULL),(3507052002,3507,350705,'SUMBERSUKO',NULL,NULL),(3507052003,3507,350705,'SRIMULYO',NULL,NULL),(3507052004,3507,350705,'BATURETNO',NULL,NULL),(3507052005,3507,350705,'BUMIREJO',NULL,NULL),(3507052006,3507,350705,'AMANDANOM',NULL,NULL),(3507052008,3507,350705,'PAMOTAN',NULL,NULL),(3507052009,3507,350705,'MAJANGTENGAH',NULL,NULL),(3507052010,3507,350705,'REMBUN',NULL,NULL),(3507052011,3507,350705,'POJOK',NULL,NULL),(3507052012,3507,350705,'JAMBANGAN',NULL,NULL),(3507062001,3507,350706,'LEBAKHARJO',NULL,NULL),(3507062002,3507,350706,'WIROTAMAN',NULL,NULL),(3507062003,3507,350706,'TAMANASRI',NULL,NULL),(3507062004,3507,350706,'TIRTOMARTO',NULL,NULL),(3507062005,3507,350706,'PURWOHARJO',NULL,NULL),(3507062006,3507,350706,'SIDORENGGO',NULL,NULL),(3507062007,3507,350706,'TIRTOMOYO',NULL,NULL),(3507062008,3507,350706,'ARGOYUWONO',NULL,NULL),(3507062009,3507,350706,'MULYOASRI',NULL,NULL),(3507062010,3507,350706,'TAWANGAGUNG',NULL,NULL),(3507062011,3507,350706,'SIMOJAYAN',NULL,NULL),(3507062012,3507,350706,'TAMANSARI',NULL,NULL),(3507062013,3507,350706,'SONOWANGI',NULL,NULL),(3507072001,3507,350707,'DAWUHAN',NULL,NULL),(3507072002,3507,350707,'SUMBEREJO',NULL,NULL),(3507072003,3507,350707,'PANDANSARI',NULL,NULL),(3507072004,3507,350707,'NGADIRESO',NULL,NULL),(3507072005,3507,350707,'WONOREJO',NULL,NULL),(3507072006,3507,350707,'KARANGNONGKO',NULL,NULL),(3507072007,3507,350707,'KARANGANYAR',NULL,NULL),(3507072008,3507,350707,'JAMBESARI',NULL,NULL),(3507072009,3507,350707,'NGEBRUK',NULL,NULL),(3507072010,3507,350707,'PAJARAN',NULL,NULL),(3507072011,3507,350707,'ARGOSUKO',NULL,NULL),(3507072012,3507,350707,'WONOMULYO',NULL,NULL),(3507072013,3507,350707,'BELUNG',NULL,NULL),(3507072014,3507,350707,'WRINGINANOM',NULL,NULL),(3507072015,3507,350707,'PONCOKUSUMO',NULL,NULL),(3507072016,3507,350707,'GUBUGKLAKAH',NULL,NULL),(3507072017,3507,350707,'NGADAS',NULL,NULL),(3507082001,3507,350708,'SUMBERPUTIH',NULL,NULL),(3507082002,3507,350708,'WONOAYU',NULL,NULL),(3507082003,3507,350708,'BAMBANG',NULL,NULL),(3507082004,3507,350708,'BRINGIN',NULL,NULL),(3507082005,3507,350708,'DADAPAN',NULL,NULL),(3507082006,3507,350708,'PATOKPICIS',NULL,NULL),(3507082007,3507,350708,'BLAYU',NULL,NULL),(3507082008,3507,350708,'CODO',NULL,NULL),(3507082009,3507,350708,'SUKOLILO',NULL,NULL),(3507082010,3507,350708,'KIDANGBANG',NULL,NULL),(3507082011,3507,350708,'SUKOANYAR',NULL,NULL),(3507082012,3507,350708,'WAJAK',NULL,NULL),(3507082013,3507,350708,'NGEMBAL',NULL,NULL),(3507091008,3507,350709,'SEDAYU',NULL,NULL),(3507091011,3507,350709,'TUREN',NULL,NULL),(3507092001,3507,350709,'TAWANGREJENI',NULL,NULL),(3507092002,3507,350709,'KEMULAN',NULL,NULL),(3507092003,3507,350709,'SAWAHAN',NULL,NULL),(3507092004,3507,350709,'UNDAAN',NULL,NULL),(3507092005,3507,350709,'GEDOK KULON',NULL,NULL),(3507092006,3507,350709,'GEDOK WETAN',NULL,NULL),(3507092007,3507,350709,'TALOK',NULL,NULL),(3507092009,3507,350709,'TANGGUNG',NULL,NULL),(3507092010,3507,350709,'JERU',NULL,NULL),(3507092012,3507,350709,'PAGEDANGAN',NULL,NULL),(3507092013,3507,350709,'SANANKERTO',NULL,NULL),(3507092014,3507,350709,'SANANREJO',NULL,NULL),(3507092015,3507,350709,'KEDOK',NULL,NULL),(3507092016,3507,350709,'TALANGSUKO',NULL,NULL),(3507092017,3507,350709,'TUMPUKRENTENG',NULL,NULL),(3507102001,3507,350710,'PUTAT KIDUL',NULL,NULL),(3507102002,3507,350710,'GONDANGLEGI KULON',NULL,NULL),(3507102003,3507,350710,'SUKOSARI',NULL,NULL),(3507102004,3507,350710,'GONDANGLEGI WETAN',NULL,NULL),(3507102005,3507,350710,'SUKOREJO',NULL,NULL),(3507102006,3507,350710,'BULUPITU',NULL,NULL),(3507102007,3507,350710,'PANGGUNGREJO',NULL,NULL),(3507102008,3507,350710,'GANJARAN',NULL,NULL),(3507102009,3507,350710,'PUTAT LOR',NULL,NULL),(3507102010,3507,350710,'UREK - UREK',NULL,NULL),(3507102011,3507,350710,'KETAWANG',NULL,NULL),(3507102012,3507,350710,'PUTUKREJO',NULL,NULL),(3507102013,3507,350710,'SUMBERJAYA',NULL,NULL),(3507102014,3507,350710,'SEPANJANG',NULL,NULL),(3507112001,3507,350711,'PUTUKREJO',NULL,NULL),(3507112002,3507,350711,'KALIPARE',NULL,NULL),(3507112003,3507,350711,'SUMBERPETUNG',NULL,NULL),(3507112004,3507,350711,'SUKOWILANGUN',NULL,NULL),(3507112005,3507,350711,'TUMPAKREJO',NULL,NULL),(3507112006,3507,350711,'ARJOSARI',NULL,NULL),(3507112007,3507,350711,'KALIREJO',NULL,NULL),(3507112008,3507,350711,'ARJOWILANGUN',NULL,NULL),(3507112009,3507,350711,'KALIASRI',NULL,NULL),(3507122001,3507,350712,'TERNYANG',NULL,NULL),(3507122002,3507,350712,'SENGGRENG',NULL,NULL),(3507122003,3507,350712,'SAMBIGEDE',NULL,NULL),(3507122004,3507,350712,'NGEBRUG',NULL,NULL),(3507122005,3507,350712,'JATIGUWI',NULL,NULL),(3507122006,3507,350712,'SUMBERPUCUNG',NULL,NULL),(3507122007,3507,350712,'KARANGKATES',NULL,NULL),(3507131007,3507,350713,'PANARUKAN',NULL,NULL),(3507131009,3507,350713,'CEPOKOMULYO',NULL,NULL),(3507131010,3507,350713,'KEPANJEN',NULL,NULL),(3507131013,3507,350713,'ARDIREJO',NULL,NULL),(3507132001,3507,350713,'KEMIRI',NULL,NULL),(3507132002,3507,350713,'SENGGURUH',NULL,NULL),(3507132003,3507,350713,'MANGUNREJO',NULL,NULL),(3507132004,3507,350713,'JENGGOLO',NULL,NULL),(3507132005,3507,350713,'KEDUNGPEDARINGAN',NULL,NULL),(3507132006,3507,350713,'TEGALSARI',NULL,NULL),(3507132008,3507,350713,'PANGGUNGREJO',NULL,NULL),(3507132011,3507,350713,'TALANGAGUNG',NULL,NULL),(3507132012,3507,350713,'DILEM',NULL,NULL),(3507132014,3507,350713,'SUKOHARJO',NULL,NULL),(3507132015,3507,350713,'CURUNGREJO',NULL,NULL),(3507132016,3507,350713,'JATIREJOYOSO',NULL,NULL),(3507132017,3507,350713,'NGADILANGKUNG',NULL,NULL),(3507132018,3507,350713,'MOJOSARI',NULL,NULL),(3507142001,3507,350714,'SUDIMORO',NULL,NULL),(3507142002,3507,350714,'KASRI',NULL,NULL),(3507142003,3507,350714,'BAKALAN',NULL,NULL),(3507142004,3507,350714,'KREBET',NULL,NULL),(3507142005,3507,350714,'GADING',NULL,NULL),(3507142006,3507,350714,'SUKONOLO',NULL,NULL),(3507142007,3507,350714,'LUMBANGSARI',NULL,NULL),(3507142008,3507,350714,'WANDANPURO',NULL,NULL),(3507142009,3507,350714,'SEMPALWADAK',NULL,NULL),(3507142010,3507,350714,'BULULAWANG',NULL,NULL),(3507142011,3507,350714,'KREBET SENGGRONG',NULL,NULL),(3507142012,3507,350714,'KUWOLU',NULL,NULL),(3507142013,3507,350714,'KASEMBON',NULL,NULL),(3507142014,3507,350714,'PRINGU',NULL,NULL),(3507152001,3507,350715,'GUNUNGSARI',NULL,NULL),(3507152002,3507,350715,'GUNUNGRONGGO',NULL,NULL),(3507152003,3507,350715,'PURWOSEKAR',NULL,NULL),(3507152004,3507,350715,'NGAWONGGO',NULL,NULL),(3507152005,3507,350715,'PANDANMULYO',NULL,NULL),(3507152006,3507,350715,'JATISARI',NULL,NULL),(3507152007,3507,350715,'TAJINAN',NULL,NULL),(3507152008,3507,350715,'RANDUGADING',NULL,NULL),(3507152009,3507,350715,'JAMBEARJO',NULL,NULL),(3507152010,3507,350715,'TANGKILSARI',NULL,NULL),(3507152011,3507,350715,'SUMBERSUKO',NULL,NULL),(3507152012,3507,350715,'TAMBAKSARI',NULL,NULL),(3507162001,3507,350716,'NGINGIT',NULL,NULL),(3507162002,3507,350716,'KIDAL',NULL,NULL),(3507162003,3507,350716,'KAMBINGAN',NULL,NULL),(3507162004,3507,350716,'PANDANAJENG',NULL,NULL),(3507162005,3507,350716,'PULUNGDOWO',NULL,NULL),(3507162006,3507,350716,'BOKOR',NULL,NULL),(3507162007,3507,350716,'SLAMET',NULL,NULL),(3507162008,3507,350716,'WRINGINSONGO',NULL,NULL),(3507162009,3507,350716,'JERU',NULL,NULL),(3507162010,3507,350716,'MALANGSUKO',NULL,NULL),(3507162011,3507,350716,'TUMPANG',NULL,NULL),(3507162012,3507,350716,'TULUSBESAR',NULL,NULL),(3507162013,3507,350716,'DUWET',NULL,NULL),(3507162014,3507,350716,'BENJOR',NULL,NULL),(3507162015,3507,350716,'DUWET KERAJAN',NULL,NULL),(3507172001,3507,350717,'TAJI',NULL,NULL),(3507172002,3507,350717,'NGADIREJO',NULL,NULL),(3507172003,3507,350717,'KENONGO',NULL,NULL),(3507172004,3507,350717,'SIDOREJO',NULL,NULL),(3507172005,3507,350717,'SUKOPURO',NULL,NULL),(3507172006,3507,350717,'PANDANSARI LOR',NULL,NULL),(3507172007,3507,350717,'SIDOMULYO',NULL,NULL),(3507172008,3507,350717,'GADINGKEMBAR',NULL,NULL),(3507172009,3507,350717,'ARGOSARI',NULL,NULL),(3507172010,3507,350717,'KEMANTREN',NULL,NULL),(3507172011,3507,350717,'SUKOLILO',NULL,NULL),(3507172012,3507,350717,'GUNUNGJATI',NULL,NULL),(3507172013,3507,350717,'JABUNG',NULL,NULL),(3507172014,3507,350717,'SLAMPAREJO',NULL,NULL),(3507172015,3507,350717,'KEMIRI',NULL,NULL),(3507182001,3507,350718,'KEDUNGREJO',NULL,NULL),(3507182002,3507,350718,'BANJAREJO',NULL,NULL),(3507182003,3507,350718,'PUCANGSONGO',NULL,NULL),(3507182004,3507,350718,'SUKOANYAR',NULL,NULL),(3507182005,3507,350718,'SUMBERPASIR',NULL,NULL),(3507182006,3507,350718,'PAKISKEMBAR',NULL,NULL),(3507182007,3507,350718,'SUMBERKRADENAN',NULL,NULL),(3507182008,3507,350718,'AMPELDENTO',NULL,NULL),(3507182009,3507,350718,'SEKARPURO',NULL,NULL),(3507182010,3507,350718,'MANGLIAWAN',NULL,NULL),(3507182011,3507,350718,'TIRTOMOYO',NULL,NULL),(3507182012,3507,350718,'SAPTORENGGO',NULL,NULL),(3507182013,3507,350718,'ASRIKATON',NULL,NULL),(3507182014,3507,350718,'BUNUTWETAN',NULL,NULL),(3507182015,3507,350718,'PAKISJAJAR',NULL,NULL),(3507192001,3507,350719,'PERMANU',NULL,NULL),(3507192002,3507,350719,'KARANGPANDAN',NULL,NULL),(3507192003,3507,350719,'GELANGGANG',NULL,NULL),(3507192004,3507,350719,'WONOKERSO',NULL,NULL),(3507192005,3507,350719,'KARANGDUREN',NULL,NULL),(3507192006,3507,350719,'SUTOJAYAN',NULL,NULL),(3507192007,3507,350719,'PAKISAJI',NULL,NULL),(3507192008,3507,350719,'JATISARI',NULL,NULL),(3507192009,3507,350719,'WADUNG',NULL,NULL),(3507192010,3507,350719,'GENENGAN',NULL,NULL),(3507192011,3507,350719,'KENDALPAYAK',NULL,NULL),(3507192012,3507,350719,'KEBONAGUNG',NULL,NULL),(3507202001,3507,350720,'NGAJUM',NULL,NULL),(3507202002,3507,350720,'PALAAN',NULL,NULL),(3507202003,3507,350720,'NGASEM',NULL,NULL),(3507202004,3507,350720,'BANJARSARI',NULL,NULL),(3507202005,3507,350720,'KRANGGAN',NULL,NULL),(3507202006,3507,350720,'KESAMBEN',NULL,NULL),(3507202007,3507,350720,'BABADAN',NULL,NULL),(3507202008,3507,350720,'BALESARI',NULL,NULL),(3507202009,3507,350720,'MAGUAN',NULL,NULL),(3507212001,3507,350721,'SUMBERSUKO',NULL,NULL),(3507212002,3507,350721,'MENDALANWANGI',NULL,NULL),(3507212003,3507,350721,'SITIREJO',NULL,NULL),(3507212004,3507,350721,'PARANGARGO',NULL,NULL),(3507212005,3507,350721,'GONDOWANGI',NULL,NULL),(3507212006,3507,350721,'PANDANREJO',NULL,NULL),(3507212007,3507,350721,'PETUNGSEWU',NULL,NULL),(3507212008,3507,350721,'SUKODADI',NULL,NULL),(3507212009,3507,350721,'SIDORAHAYU',NULL,NULL),(3507212010,3507,350721,'JEDONG',NULL,NULL),(3507212011,3507,350721,'DALISODO',NULL,NULL),(3507212012,3507,350721,'PANDANLANDUNG',NULL,NULL),(3507222001,3507,350722,'KUCUR',NULL,NULL),(3507222002,3507,350722,'KALISONGO',NULL,NULL),(3507222003,3507,350722,'KARANGWIDORO',NULL,NULL),(3507222004,3507,350722,'PETUNGSEWU',NULL,NULL),(3507222005,3507,350722,'SELOREJO',NULL,NULL),(3507222006,3507,350722,'TEGALWERU',NULL,NULL),(3507222007,3507,350722,'LANDUNGSARI',NULL,NULL),(3507222008,3507,350722,'MULYOAGUNG',NULL,NULL),(3507222009,3507,350722,'GADINGKULON',NULL,NULL),(3507222010,3507,350722,'SUMBERSEKAR',NULL,NULL),(3507232001,3507,350723,'TEGALGONDO',NULL,NULL),(3507232002,3507,350723,'KEPUHARJO',NULL,NULL),(3507232003,3507,350723,'NGENEP',NULL,NULL),(3507232004,3507,350723,'NGIJO',NULL,NULL),(3507232005,3507,350723,'AMPELDENTO',NULL,NULL),(3507232006,3507,350723,'GIRIMOYO',NULL,NULL),(3507232007,3507,350723,'BOCEK',NULL,NULL),(3507232008,3507,350723,'DONOWARIH',NULL,NULL),(3507232009,3507,350723,'TAWANGARGO',NULL,NULL),(3507241011,3507,350724,'PAGENTAN',NULL,NULL),(3507241014,3507,350724,'LOSARI',NULL,NULL),(3507241015,3507,350724,'CANDIRENGGO',NULL,NULL),(3507242001,3507,350724,'WONOREJO',NULL,NULL),(3507242002,3507,350724,'DENGKOL',NULL,NULL),(3507242003,3507,350724,'BATURETNO',NULL,NULL),(3507242004,3507,350724,'WATUGEDE',NULL,NULL),(3507242005,3507,350724,'BANJARARUM',NULL,NULL),(3507242006,3507,350724,'TUNJUNGTIRTO',NULL,NULL),(3507242007,3507,350724,'LANG - LANG',NULL,NULL),(3507242008,3507,350724,'PURWOASRI',NULL,NULL),(3507242009,3507,350724,'KLAMPOK',NULL,NULL),(3507242010,3507,350724,'GUNUNGREJO',NULL,NULL),(3507242012,3507,350724,'TAMANHARDJO',NULL,NULL),(3507242013,3507,350724,'ARDIMULYO',NULL,NULL),(3507242016,3507,350724,'TOYOMARTO',NULL,NULL),(3507242017,3507,350724,'RANDUAGUNG',NULL,NULL),(3507251005,3507,350725,'KALIREJO',NULL,NULL),(3507251010,3507,350725,'LAWANG',NULL,NULL),(3507252001,3507,350725,'SIDOLUHUR',NULL,NULL),(3507252002,3507,350725,'SRIGADING',NULL,NULL),(3507252003,3507,350725,'SIDODADI',NULL,NULL),(3507252004,3507,350725,'BEDALI',NULL,NULL),(3507252006,3507,350725,'MULYOARJO',NULL,NULL),(3507252007,3507,350725,'SUMBERNGEPOH',NULL,NULL),(3507252008,3507,350725,'SUMBERPORONG',NULL,NULL),(3507252009,3507,350725,'TURIREJO',NULL,NULL),(3507252011,3507,350725,'KETINDAN',NULL,NULL),(3507252012,3507,350725,'WONOREJO',NULL,NULL),(3507262001,3507,350726,'BENDOSARI',NULL,NULL),(3507262002,3507,350726,'SUKOMULYO',NULL,NULL),(3507262003,3507,350726,'PUJON KIDUL',NULL,NULL),(3507262004,3507,350726,'PANDESARI',NULL,NULL),(3507262005,3507,350726,'PUJON LOR',NULL,NULL),(3507262006,3507,350726,'NGROTO',NULL,NULL),(3507262007,3507,350726,'NGABAB',NULL,NULL),(3507262008,3507,350726,'TAWANGSARI',NULL,NULL),(3507262009,3507,350726,'MADIREDO',NULL,NULL),(3507262010,3507,350726,'WIYUREJO',NULL,NULL),(3507272001,3507,350727,'PAGERSARI',NULL,NULL),(3507272002,3507,350727,'SIDODADI',NULL,NULL),(3507272003,3507,350727,'BANJAREJO',NULL,NULL),(3507272004,3507,350727,'PURWOREJO',NULL,NULL),(3507272005,3507,350727,'NGANTRU',NULL,NULL),(3507272006,3507,350727,'BANTUREJO',NULL,NULL),(3507272007,3507,350727,'PANDANSARI',NULL,NULL),(3507272008,3507,350727,'MULYOREJO',NULL,NULL),(3507272009,3507,350727,'SUMBERAGUNG',NULL,NULL),(3507272010,3507,350727,'KAUMREJO',NULL,NULL),(3507272011,3507,350727,'TULUNGREJO',NULL,NULL),(3507272012,3507,350727,'WATUREJO',NULL,NULL),(3507272013,3507,350727,'JOMBOK',NULL,NULL),(3507282001,3507,350728,'PONDOKAGUNG',NULL,NULL),(3507282002,3507,350728,'BAYEM',NULL,NULL),(3507282003,3507,350728,'PAIT',NULL,NULL),(3507282004,3507,350728,'WONOAGUNG',NULL,NULL),(3507282005,3507,350728,'KASEMBON',NULL,NULL),(3507282006,3507,350728,'SUKOSARI',NULL,NULL),(3507292001,3507,350729,'SIDODADI',NULL,NULL),(3507292002,3507,350729,'GAJAHREJO',NULL,NULL),(3507292003,3507,350729,'SINDUREJO',NULL,NULL),(3507292004,3507,350729,'GEDANGAN',NULL,NULL),(3507292005,3507,350729,'SEGARAN',NULL,NULL),(3507292006,3507,350729,'SUMBEREJO',NULL,NULL),(3507292007,3507,350729,'TUMPAKREJO',NULL,NULL),(3507292008,3507,350729,'GIRIMULYO',NULL,NULL),(3507302001,3507,350730,'PUJIHARJO',NULL,NULL),(3507302002,3507,350730,'SUMBERTANGKIL',NULL,NULL),(3507302003,3507,350730,'KEPATIHAN',NULL,NULL),(3507302004,3507,350730,'JOGOMULYAN',NULL,NULL),(3507302005,3507,350730,'TLOGOSARI',NULL,NULL),(3507302006,3507,350730,'TIRTOYUDO',NULL,NULL),(3507302007,3507,350730,'SUKOREJO',NULL,NULL),(3507302008,3507,350730,'AMPELGADING',NULL,NULL),(3507302009,3507,350730,'TAMANKUNCARAN',NULL,NULL),(3507302010,3507,350730,'GADUNGSARI',NULL,NULL),(3507302011,3507,350730,'WONOAGUNG',NULL,NULL),(3507302012,3507,350730,'TAMANSATRIYAN',NULL,NULL),(3507302013,3507,350730,'PURWODADI',NULL,NULL),(3507312001,3507,350731,'SLOROK',NULL,NULL),(3507312002,3507,350731,'JATIKERTO',NULL,NULL),(3507312003,3507,350731,'NGADIREJO',NULL,NULL),(3507312004,3507,350731,'KROMENGAN',NULL,NULL),(3507312005,3507,350731,'PENIWEN',NULL,NULL),(3507312006,3507,350731,'JAMBUWER',NULL,NULL),(3507312007,3507,350731,'KARANGREJO',NULL,NULL),(3507322001,3507,350732,'KLUWUT',NULL,NULL),(3507322002,3507,350732,'PLANDI',NULL,NULL),(3507322003,3507,350732,'PLAOSAN',NULL,NULL),(3507322004,3507,350732,'KEBOBANG',NULL,NULL),(3507322005,3507,350732,'SUMBERTEMPUR',NULL,NULL),(3507322006,3507,350732,'SUMBERDEM',NULL,NULL),(3507322007,3507,350732,'WONOSARI',NULL,NULL),(3507322008,3507,350732,'BANGELAN',NULL,NULL),(3507332001,3507,350733,'CLUMPRIT',NULL,NULL),(3507332002,3507,350733,'SUWARU',NULL,NULL),(3507332003,3507,350733,'KADEMANGAN',NULL,NULL),(3507332004,3507,350733,'BALEARJO',NULL,NULL),(3507332005,3507,350733,'KANIGORO',NULL,NULL),(3507332006,3507,350733,'BRONGKAL',NULL,NULL),(3507332007,3507,350733,'PAGELARAN',NULL,NULL),(3507332008,3507,350733,'BANJAREJO',NULL,NULL),(3507332009,3507,350733,'KARANGSUKO',NULL,NULL),(3507332010,3507,350733,'SIDOREJO',NULL,NULL),(3508012001,3508,350801,'TEGALREJO',NULL,NULL),(3508012002,3508,350801,'BULUREJO',NULL,NULL),(3508012003,3508,350801,'PUROREJO',NULL,NULL),(3508012004,3508,350801,'TEMPUREJO',NULL,NULL),(3508012005,3508,350801,'TEMPURSARI',NULL,NULL),(3508012006,3508,350801,'PUNDUNGSARI',NULL,NULL),(3508012007,3508,350801,'KALIULING',NULL,NULL),(3508022001,3508,350802,'SIDOMULYO',NULL,NULL),(3508022002,3508,350802,'PRONOJIWO',NULL,NULL),(3508022003,3508,350802,'TAMANAYU',NULL,NULL),(3508022004,3508,350802,'SUMBERURIP',NULL,NULL),(3508022005,3508,350802,'ORO-ORO OMBO',NULL,NULL),(3508022006,3508,350802,'SUPITURANG',NULL,NULL),(3508032001,3508,350803,'JUGOSARI',NULL,NULL),(3508032002,3508,350803,'JARIT',NULL,NULL),(3508032003,3508,350803,'CANDIPURO',NULL,NULL),(3508032004,3508,350803,'SUMBEREJO',NULL,NULL),(3508032005,3508,350803,'SUMBER WULUH',NULL,NULL),(3508032006,3508,350803,'SUMBER MUJUR',NULL,NULL),(3508032007,3508,350803,'PENANGGAL',NULL,NULL),(3508032008,3508,350803,'TAMBAHREJO',NULL,NULL),(3508032009,3508,350803,'KLOPO SAWIT',NULL,NULL),(3508032010,3508,350803,'TUMPENG',NULL,NULL),(3508042001,3508,350804,'GONDORUSO',NULL,NULL),(3508042002,3508,350804,'KALIBENDO',NULL,NULL),(3508042003,3508,350804,'BADES',NULL,NULL),(3508042004,3508,350804,'BAGO',NULL,NULL),(3508042005,3508,350804,'SELOK AWAR - AWAR',NULL,NULL),(3508042006,3508,350804,'CONDRO',NULL,NULL),(3508042007,3508,350804,'MADUREJO',NULL,NULL),(3508042008,3508,350804,'PASIRIAN',NULL,NULL),(3508042009,3508,350804,'SEMEMU',NULL,NULL),(3508042010,3508,350804,'NGUTER',NULL,NULL),(3508042011,3508,350804,'SELOKANYAR',NULL,NULL),(3508052001,3508,350805,'PANDANWANGI',NULL,NULL),(3508052002,3508,350805,'SUMBERJATI',NULL,NULL),(3508052003,3508,350805,'TEMPEH KIDUL',NULL,NULL),(3508052004,3508,350805,'LEMPENI',NULL,NULL),(3508052005,3508,350805,'TEMPEH TENGAH',NULL,NULL),(3508052006,3508,350805,'KALIWUNGU',NULL,NULL),(3508052007,3508,350805,'TEMPEH LOR',NULL,NULL),(3508052008,3508,350805,'BESUK',NULL,NULL),(3508052009,3508,350805,'JATISARI',NULL,NULL),(3508052010,3508,350805,'PULO',NULL,NULL),(3508052011,3508,350805,'GESANG',NULL,NULL),(3508052012,3508,350805,'JOKARTO',NULL,NULL),(3508052013,3508,350805,'PANDANARUM',NULL,NULL),(3508062001,3508,350806,'JATIMULYO',NULL,NULL),(3508062002,3508,350806,'JATIREJO',NULL,NULL),(3508062003,3508,350806,'JATIGONO',NULL,NULL),(3508062004,3508,350806,'SUKOREJO',NULL,NULL),(3508062005,3508,350806,'SUKOSARI',NULL,NULL),(3508062006,3508,350806,'KUNIR KIDUL',NULL,NULL),(3508062007,3508,350806,'KUNIR LOR',NULL,NULL),(3508062008,3508,350806,'KEDUNGMORO',NULL,NULL),(3508062009,3508,350806,'KARANGLO',NULL,NULL),(3508062010,3508,350806,'KABUARAN',NULL,NULL),(3508062011,3508,350806,'DOROGOWOK',NULL,NULL),(3508072001,3508,350807,'DARUNGAN',NULL,NULL),(3508072002,3508,350807,'KRATON',NULL,NULL),(3508072003,3508,350807,'WOTGALIH',NULL,NULL),(3508072004,3508,350807,'TUNJUNGREJO',NULL,NULL),(3508072005,3508,350807,'YOSOWILANGUN KIDUL',NULL,NULL),(3508072006,3508,350807,'YOSOWILANGUN LOR',NULL,NULL),(3508072007,3508,350807,'KRAI',NULL,NULL),(3508072008,3508,350807,'KARANGANYAR',NULL,NULL),(3508072009,3508,350807,'KARANGREJO',NULL,NULL),(3508072010,3508,350807,'MUNDER',NULL,NULL),(3508072011,3508,350807,'KEBONSARI',NULL,NULL),(3508072012,3508,350807,'KALIPEPE',NULL,NULL),(3508082001,3508,350808,'NOGOSARI',NULL,NULL),(3508082002,3508,350808,'KEDUNGREJO',NULL,NULL),(3508082003,3508,350808,'SIDOREJO',NULL,NULL),(3508082004,3508,350808,'ROWOKANGKUNG',NULL,NULL),(3508082005,3508,350808,'SUMBERSARI',NULL,NULL),(3508082006,3508,350808,'DAWUHAN WETAN',NULL,NULL),(3508082007,3508,350808,'SUMBERANYAR',NULL,NULL),(3508092001,3508,350809,'WONOGRIYO',NULL,NULL),(3508092002,3508,350809,'WONOSARI',NULL,NULL),(3508092003,3508,350809,'MANGUNSARI',NULL,NULL),(3508092004,3508,350809,'TEKUNG',NULL,NULL),(3508092005,3508,350809,'WONOKERTO',NULL,NULL),(3508092006,3508,350809,'TUKUM',NULL,NULL),(3508092007,3508,350809,'KARANGBENDO',NULL,NULL),(3508092008,3508,350809,'KLAMPOKARUM',NULL,NULL),(3508101003,3508,350810,'CITRODIWANGSAN',NULL,NULL),(3508101004,3508,350810,'DITOTRUNAN',NULL,NULL),(3508101005,3508,350810,'JOGOTRUNAN',NULL,NULL),(3508101009,3508,350810,'JOGOYUDAN',NULL,NULL),(3508101010,3508,350810,'ROGOTRUNAN',NULL,NULL),(3508101011,3508,350810,'TOMPOKERSAN',NULL,NULL),(3508101012,3508,350810,'KEPUHARJO',NULL,NULL),(3508102001,3508,350810,'BANJARWARU',NULL,NULL),(3508102002,3508,350810,'LABRUK LOR',NULL,NULL),(3508102006,3508,350810,'DENOK',NULL,NULL),(3508102007,3508,350810,'BLUKON',NULL,NULL),(3508102008,3508,350810,'BORENG',NULL,NULL),(3508112001,3508,350811,'PASRUJAMBE',NULL,NULL),(3508112002,3508,350811,'JAMBEKUMBU',NULL,NULL),(3508112003,3508,350811,'SUKOREJO',NULL,NULL),(3508112004,3508,350811,'JAMBEARUM',NULL,NULL),(3508112005,3508,350811,'KERTOSARI',NULL,NULL),(3508112006,3508,350811,'PAGOWAN',NULL,NULL),(3508112007,3508,350811,'KARANGANOM',NULL,NULL),(3508122001,3508,350812,'PURWOREJO',NULL,NULL),(3508122002,3508,350812,'SARIKEMUNING',NULL,NULL),(3508122003,3508,350812,'PANDANSARI',NULL,NULL),(3508122004,3508,350812,'SENDURO',NULL,NULL),(3508122005,3508,350812,'BURNO',NULL,NULL),(3508122006,3508,350812,'KANDANGTEPUS',NULL,NULL),(3508122007,3508,350812,'KANDANGAN',NULL,NULL),(3508122008,3508,350812,'BEDAYU',NULL,NULL),(3508122009,3508,350812,'BEDAYUTALANG',NULL,NULL),(3508122010,3508,350812,'WONOCEPOKOAYU',NULL,NULL),(3508122011,3508,350812,'ARGOSARI',NULL,NULL),(3508122012,3508,350812,'RANUPANI',NULL,NULL),(3508132001,3508,350813,'WONOKERTO',NULL,NULL),(3508132002,3508,350813,'PAKEL',NULL,NULL),(3508132003,3508,350813,'KENONGO',NULL,NULL),(3508132004,3508,350813,'GUCIALIT',NULL,NULL),(3508132005,3508,350813,'DADAPAN',NULL,NULL),(3508132006,3508,350813,'KERTOWONO',NULL,NULL),(3508132007,3508,350813,'TUNJUNG',NULL,NULL),(3508132008,3508,350813,'JERUK',NULL,NULL),(3508132009,3508,350813,'SOMBO',NULL,NULL),(3508142001,3508,350814,'BARAT',NULL,NULL),(3508142002,3508,350814,'BABAKAN',NULL,NULL),(3508142003,3508,350814,'MOJO',NULL,NULL),(3508142004,3508,350814,'BODANG',NULL,NULL),(3508142005,3508,350814,'KEDAWUNG',NULL,NULL),(3508142006,3508,350814,'PADANG',NULL,NULL),(3508142007,3508,350814,'KALISEMUT',NULL,NULL),(3508142008,3508,350814,'MERAKAN',NULL,NULL),(3508142009,3508,350814,'TANGGUNG',NULL,NULL),(3508152001,3508,350815,'KLANTING',NULL,NULL),(3508152002,3508,350815,'KEBONAGUNG',NULL,NULL),(3508152003,3508,350815,'KARANGSARI',NULL,NULL),(3508152004,3508,350815,'DAWUHAN LOR',NULL,NULL),(3508152005,3508,350815,'KUTORENON',NULL,NULL),(3508152006,3508,350815,'SELOKBESUKI',NULL,NULL),(3508152007,3508,350815,'SUMBEREJO',NULL,NULL),(3508152008,3508,350815,'URANGGANTUNG',NULL,NULL),(3508152009,3508,350815,'SELOKGONDANG',NULL,NULL),(3508152010,3508,350815,'BONDOYUDO',NULL,NULL),(3508162001,3508,350816,'PANDANSARI',NULL,NULL),(3508162002,3508,350816,'KRASAK',NULL,NULL),(3508162003,3508,350816,'KEDUNGJAJANG',NULL,NULL),(3508162004,3508,350816,'WONOREJO',NULL,NULL),(3508162005,3508,350816,'UMBUL',NULL,NULL),(3508162006,3508,350816,'CURAHPETUNG',NULL,NULL),(3508162007,3508,350816,'GROBOGAN',NULL,NULL),(3508162008,3508,350816,'BENCE',NULL,NULL),(3508162009,3508,350816,'JATISARI',NULL,NULL),(3508162010,3508,350816,'TEMPURSARI',NULL,NULL),(3508162011,3508,350816,'BANDARAN',NULL,NULL),(3508162012,3508,350816,'SAWARAN KULON',NULL,NULL),(3508172001,3508,350817,'BANYUPUTIH KIDUL',NULL,NULL),(3508172002,3508,350817,'ROJOPOLO',NULL,NULL),(3508172003,3508,350817,'KALIBOTO KIDUL',NULL,NULL),(3508172004,3508,350817,'KALIBOTO LOR',NULL,NULL),(3508172005,3508,350817,'SUKOSARI',NULL,NULL),(3508172006,3508,350817,'JATIROTO',NULL,NULL),(3508182001,3508,350818,'BANYUPUTIH LOR',NULL,NULL),(3508182002,3508,350818,'KALIDILEM',NULL,NULL),(3508182003,3508,350818,'TUNJUNG',NULL,NULL),(3508182004,3508,350818,'GEDANGMAS',NULL,NULL),(3508182005,3508,350818,'KALIPENGGUNG',NULL,NULL),(3508182006,3508,350818,'RANULOGONG',NULL,NULL),(3508182007,3508,350818,'RANDUAGUNG',NULL,NULL),(3508182008,3508,350818,'LEDOKTEMPURO',NULL,NULL),(3508182009,3508,350818,'PAJARAKAN',NULL,NULL),(3508182010,3508,350818,'BUWEK',NULL,NULL),(3508182011,3508,350818,'RANUWURUNG',NULL,NULL),(3508182012,3508,350818,'SALAK',NULL,NULL),(3508192001,3508,350819,'KEBONAN',NULL,NULL),(3508192002,3508,350819,'KUDUS',NULL,NULL),(3508192003,3508,350819,'DUREN',NULL,NULL),(3508192004,3508,350819,'SUMBERWRINGIN',NULL,NULL),(3508192005,3508,350819,'PAPRINGAN',NULL,NULL),(3508192006,3508,350819,'RANUPAKIS',NULL,NULL),(3508192007,3508,350819,'TEGALRANDU',NULL,NULL),(3508192008,3508,350819,'KLAKAH',NULL,NULL),(3508192009,3508,350819,'MLAWANG',NULL,NULL),(3508192010,3508,350819,'SRUNI',NULL,NULL),(3508192011,3508,350819,'TEGALCIUT',NULL,NULL),(3508192012,3508,350819,'SAWARAN LOR',NULL,NULL),(3508202001,3508,350820,'JENGGRONG',NULL,NULL),(3508202002,3508,350820,'MENINJO',NULL,NULL),(3508202003,3508,350820,'TEGALBANGSRI',NULL,NULL),(3508202004,3508,350820,'SUMBERPETUNG',NULL,NULL),(3508202005,3508,350820,'ALUN-ALUN',NULL,NULL),(3508202006,3508,350820,'RANUBEDALI',NULL,NULL),(3508202007,3508,350820,'RANUYOSO',NULL,NULL),(3508202008,3508,350820,'WONOAYU',NULL,NULL),(3508202009,3508,350820,'PENAWUNGAN',NULL,NULL),(3508202010,3508,350820,'WATES KULON',NULL,NULL),(3508202011,3508,350820,'WATES WETAN',NULL,NULL),(3508212001,3508,350821,'SUMBERSUKO',NULL,NULL),(3508212002,3508,350821,'KEBONSARI',NULL,NULL),(3508212003,3508,350821,'GRATI',NULL,NULL),(3508212004,3508,350821,'LABRUK KIDUL',NULL,NULL),(3508212005,3508,350821,'MOJOSARI',NULL,NULL),(3508212006,3508,350821,'SENTUL',NULL,NULL),(3508212007,3508,350821,'PURWOSONO',NULL,NULL),(3508212008,3508,350821,'PETAHUNAN',NULL,NULL),(3509012001,3509,350901,'PADOMASAN',NULL,NULL),(3509012002,3509,350901,'KETING',NULL,NULL),(3509012003,3509,350901,'JOMBANG',NULL,NULL),(3509012004,3509,350901,'NGAMPELREJO',NULL,NULL),(3509012005,3509,350901,'WRINGINAGUNG',NULL,NULL),(3509012006,3509,350901,'SARIMULYO',NULL,NULL),(3509022001,3509,350902,'CAKRU',NULL,NULL),(3509022002,3509,350902,'PASEBAN',NULL,NULL),(3509022003,3509,350902,'KRATON',NULL,NULL),(3509022004,3509,350902,'KENCONG',NULL,NULL),(3509022005,3509,350902,'WONOREJO',NULL,NULL),(3509032001,3509,350903,'JAMINTORO',NULL,NULL),(3509032002,3509,350903,'JATIROTO',NULL,NULL),(3509032003,3509,350903,'KALIGLAGAH',NULL,NULL),(3509032004,3509,350903,'JAMBESARI',NULL,NULL),(3509032005,3509,350903,'YOSORATI',NULL,NULL),(3509032006,3509,350903,'SUMBERAGUNG',NULL,NULL),(3509032007,3509,350903,'GELANG',NULL,NULL),(3509032008,3509,350903,'ROWOTENGAH',NULL,NULL),(3509032009,3509,350903,'PRINGGOWIRAWAN',NULL,NULL),(3509032010,3509,350903,'KARANGBAYAT',NULL,NULL),(3509042001,3509,350904,'KEPANJEN',NULL,NULL),(3509042002,3509,350904,'MAYANGAN',NULL,NULL),(3509042003,3509,350904,'GUMUKMAS',NULL,NULL),(3509042004,3509,350904,'MENAMPU',NULL,NULL),(3509042005,3509,350904,'TEMBOKREJO',NULL,NULL),(3509042006,3509,350904,'PURWOASRI',NULL,NULL),(3509042007,3509,350904,'BAGOREJO',NULL,NULL),(3509042008,3509,350904,'KARANGREJO',NULL,NULL),(3509052001,3509,350905,'SUKORENO',NULL,NULL),(3509052002,3509,350905,'SIDOREJO',NULL,NULL),(3509052003,3509,350905,'GUNUNGSARI',NULL,NULL),(3509052004,3509,350905,'GADINGREJO',NULL,NULL),(3509052005,3509,350905,'UMBULREJO',NULL,NULL),(3509052006,3509,350905,'UMBULSARI',NULL,NULL),(3509052007,3509,350905,'TANJUNGSARI',NULL,NULL),(3509052008,3509,350905,'TEGALWANGI',NULL,NULL),(3509052009,3509,350905,'PALERAN',NULL,NULL),(3509052010,3509,350905,'MUNDUREJO',NULL,NULL),(3509062001,3509,350906,'TANGGULKULON',NULL,NULL),(3509062002,3509,350906,'TANGGULWETAN',NULL,NULL),(3509062003,3509,350906,'PATEMON',NULL,NULL),(3509062004,3509,350906,'DARUNGAN',NULL,NULL),(3509062005,3509,350906,'MANGGISAN',NULL,NULL),(3509062006,3509,350906,'SELODAKON',NULL,NULL),(3509062007,3509,350906,'KRAMAT SUKOHARJO',NULL,NULL),(3509062008,3509,350906,'KLATAKAN',NULL,NULL),(3509072001,3509,350907,'PONDOKJOYO',NULL,NULL),(3509072002,3509,350907,'PONDOKDALEM',NULL,NULL),(3509072003,3509,350907,'REJOAGUNG',NULL,NULL),(3509072004,3509,350907,'SEMBORO',NULL,NULL),(3509072005,3509,350907,'SIDOMEKAR',NULL,NULL),(3509072006,3509,350907,'SIDOMULYO',NULL,NULL),(3509082001,3509,350908,'MLOKOREJO',NULL,NULL),(3509082002,3509,350908,'MOJOMULYO',NULL,NULL),(3509082003,3509,350908,'MOJOSARI',NULL,NULL),(3509082004,3509,350908,'PUGERKULON',NULL,NULL),(3509082005,3509,350908,'WRINGINTELU',NULL,NULL),(3509082006,3509,350908,'KASIYAN',NULL,NULL),(3509082007,3509,350908,'BAGON',NULL,NULL),(3509082008,3509,350908,'KASIYAN TIMUR',NULL,NULL),(3509082009,3509,350908,'WONOSARI',NULL,NULL),(3509082010,3509,350908,'JAMBEARUM',NULL,NULL),(3509082011,3509,350908,'GRENDEN',NULL,NULL),(3509082012,3509,350908,'PUGERWETAN',NULL,NULL),(3509092001,3509,350909,'CURAHKALONG',NULL,NULL),(3509092002,3509,350909,'GAMBIRONO',NULL,NULL),(3509092003,3509,350909,'BANGSALSARI',NULL,NULL),(3509092004,3509,350909,'TUGUSARI',NULL,NULL),(3509092005,3509,350909,'KARANGSONO',NULL,NULL),(3509092006,3509,350909,'SUKOREJO',NULL,NULL),(3509092007,3509,350909,'LANGKAP',NULL,NULL),(3509092008,3509,350909,'TISNOGAMBAR',NULL,NULL),(3509092009,3509,350909,'PETUNG',NULL,NULL),(3509092010,3509,350909,'BANJARSARI',NULL,NULL),(3509092011,3509,350909,'BADEAN',NULL,NULL),(3509102001,3509,350910,'KARANGDUREN',NULL,NULL),(3509102002,3509,350910,'KARANG SEMANDING',NULL,NULL),(3509102003,3509,350910,'TUTUL',NULL,NULL),(3509102004,3509,350910,'BALUNGKULON',NULL,NULL),(3509102005,3509,350910,'BALUNGLOR',NULL,NULL),(3509102006,3509,350910,'BALUNGKIDUL',NULL,NULL),(3509102007,3509,350910,'CURAHLELE',NULL,NULL),(3509102008,3509,350910,'GUMELAR',NULL,NULL),(3509112001,3509,350911,'LOJEJER',NULL,NULL),(3509112002,3509,350911,'AMPEL',NULL,NULL),(3509112003,3509,350911,'TAMANSARI',NULL,NULL),(3509112004,3509,350911,'DUKUHDEMPOK',NULL,NULL),(3509112005,3509,350911,'GLUNDENGAN',NULL,NULL),(3509112006,3509,350911,'TANJUNGREJO',NULL,NULL),(3509112007,3509,350911,'KESILIR',NULL,NULL),(3509122001,3509,350912,'TEGALSARI',NULL,NULL),(3509122002,3509,350912,'SABRANG',NULL,NULL),(3509122003,3509,350912,'SUMBEREJO',NULL,NULL),(3509122004,3509,350912,'AMBULU',NULL,NULL),(3509122005,3509,350912,'KARANGANYAR',NULL,NULL),(3509122006,3509,350912,'ANDONGSARI',NULL,NULL),(3509122007,3509,350912,'PONTANG',NULL,NULL),(3509132001,3509,350913,'NOGOSARI',NULL,NULL),(3509132002,3509,350913,'CURAHMALANG',NULL,NULL),(3509132003,3509,350913,'ROWOTAMTU',NULL,NULL),(3509132004,3509,350913,'KALIWINING',NULL,NULL),(3509132005,3509,350913,'PECORO',NULL,NULL),(3509132006,3509,350913,'RAMBIPUJI',NULL,NULL),(3509132007,3509,350913,'GUGUT',NULL,NULL),(3509132008,3509,350913,'RAMBIGUNDAM',NULL,NULL),(3509142001,3509,350914,'PAKIS',NULL,NULL),(3509142002,3509,350914,'KEMUNING SARI LOR',NULL,NULL),(3509142003,3509,350914,'PANTI',NULL,NULL),(3509142004,3509,350914,'GLAGAHWERO',NULL,NULL),(3509142005,3509,350914,'SUCI',NULL,NULL),(3509142006,3509,350914,'KEMIRI',NULL,NULL),(3509142007,3509,350914,'SERUT',NULL,NULL),(3509152001,3509,350915,'JUBUNG',NULL,NULL),(3509152002,3509,350915,'DUKUHMENCEK',NULL,NULL),(3509152003,3509,350915,'SUKORAMBI',NULL,NULL),(3509152004,3509,350915,'KARANGPRING',NULL,NULL),(3509152005,3509,350915,'KLUNGKUNG',NULL,NULL),(3509162001,3509,350916,'KEMUNINGSARIKIDUL',NULL,NULL),(3509162002,3509,350916,'WONOJATI',NULL,NULL),(3509162003,3509,350916,'JENGGAWAH',NULL,NULL),(3509162004,3509,350916,'KERTONEGORO',NULL,NULL),(3509162005,3509,350916,'SRUNI',NULL,NULL),(3509162006,3509,350916,'JATISARI',NULL,NULL),(3509162007,3509,350916,'JATIMULYO',NULL,NULL),(3509162008,3509,350916,'CANGKRING',NULL,NULL),(3509172001,3509,350917,'SUKAMAKMUR',NULL,NULL),(3509172002,3509,350917,'MANGARAN',NULL,NULL),(3509172003,3509,350917,'PANCAKARYA',NULL,NULL),(3509172004,3509,350917,'AJUNG',NULL,NULL),(3509172005,3509,350917,'KLOMPANGAN',NULL,NULL),(3509172006,3509,350917,'WIROWONGSO',NULL,NULL),(3509172007,3509,350917,'ROWOINDAH',NULL,NULL),(3509182001,3509,350918,'SIDODADI',NULL,NULL),(3509182002,3509,350918,'TEMPUREJO',NULL,NULL),(3509182003,3509,350918,'ANDONGREJO',NULL,NULL),(3509182004,3509,350918,'PONDOKREJO',NULL,NULL),(3509182005,3509,350918,'WONOASRI',NULL,NULL),(3509182006,3509,350918,'CURAHNONGKO',NULL,NULL),(3509182007,3509,350918,'CURAHTAKIR',NULL,NULL),(3509182008,3509,350918,'SANENREJO',NULL,NULL),(3509191001,3509,350919,'MANGLI',NULL,NULL),(3509191002,3509,350919,'SEMPUSARI',NULL,NULL),(3509191003,3509,350919,'KEBONAGUNG',NULL,NULL),(3509191004,3509,350919,'KALIWATES',NULL,NULL),(3509191005,3509,350919,'JEMBERKIDUL',NULL,NULL),(3509191006,3509,350919,'KEPATIHAN',NULL,NULL),(3509191007,3509,350919,'TEGALBESAR',NULL,NULL),(3509201001,3509,350920,'BANJARSENGON',NULL,NULL),(3509201002,3509,350920,'JUMERTO',NULL,NULL),(3509201003,3509,350920,'GEBANG',NULL,NULL),(3509201004,3509,350920,'SLAWU',NULL,NULL),(3509201005,3509,350920,'BINTORO',NULL,NULL),(3509201006,3509,350920,'JEMBERLOR',NULL,NULL),(3509201007,3509,350920,'PATRANG',NULL,NULL),(3509201008,3509,350920,'BARATAN',NULL,NULL),(3509211001,3509,350921,'KEBONSARI',NULL,NULL),(3509211002,3509,350921,'SUMBERSARI',NULL,NULL),(3509211003,3509,350921,'KRANJINGAN',NULL,NULL),(3509211004,3509,350921,'KARANGREJO',NULL,NULL),(3509211005,3509,350921,'TEGALGEDE',NULL,NULL),(3509211006,3509,350921,'WIROLEGI',NULL,NULL),(3509211007,3509,350921,'ANTIROGO',NULL,NULL),(3509222001,3509,350922,'KEMUNINGLOR',NULL,NULL),(3509222002,3509,350922,'DARSONO',NULL,NULL),(3509222003,3509,350922,'ARJASA',NULL,NULL),(3509222004,3509,350922,'CANDIJATI',NULL,NULL),(3509222005,3509,350922,'BITING',NULL,NULL),(3509222006,3509,350922,'KAMAL',NULL,NULL),(3509232001,3509,350923,'LENGKONG',NULL,NULL),(3509232002,3509,350923,'KAWANGREJO',NULL,NULL),(3509232003,3509,350923,'TAMANSARI',NULL,NULL),(3509232004,3509,350923,'MUMBULSARI',NULL,NULL),(3509232005,3509,350923,'SUCO',NULL,NULL),(3509232006,3509,350923,'LAMPEJI',NULL,NULL),(3509232007,3509,350923,'KARANG KEDAWUNG',NULL,NULL),(3509242001,3509,350924,'PATEMON',NULL,NULL),(3509242002,3509,350924,'BEDADUNG',NULL,NULL),(3509242003,3509,350924,'SUMBERPINANG',NULL,NULL),(3509242004,3509,350924,'SUBO',NULL,NULL),(3509242005,3509,350924,'KERTOSARI',NULL,NULL),(3509242006,3509,350924,'JATIAN',NULL,NULL),(3509242007,3509,350924,'PAKUSARI',NULL,NULL),(3509252001,3509,350925,'SUCOPANGEPOK',NULL,NULL),(3509252002,3509,350925,'PANDUMAN',NULL,NULL),(3509252003,3509,350925,'SUKOJEMBER',NULL,NULL),(3509252004,3509,350925,'JELBUK',NULL,NULL),(3509252005,3509,350925,'SUKOWIRYO',NULL,NULL),(3509252006,3509,350925,'SUGERKIDUL',NULL,NULL),(3509262001,3509,350926,'MRAWAN',NULL,NULL),(3509262002,3509,350926,'MAYANG',NULL,NULL),(3509262003,3509,350926,'SEPUTIH',NULL,NULL),(3509262004,3509,350926,'TEGALWARU',NULL,NULL),(3509262005,3509,350926,'TEGALREJO',NULL,NULL),(3509262006,3509,350926,'SUMBERKEJAYAN',NULL,NULL),(3509262007,3509,350926,'SIDOMUKTI',NULL,NULL),(3509272001,3509,350927,'GUMUKSARI',NULL,NULL),(3509272002,3509,350927,'SUKORENO',NULL,NULL),(3509272003,3509,350927,'PATEMPURAN',NULL,NULL),(3509272004,3509,350927,'SUMBERKALONG',NULL,NULL),(3509272005,3509,350927,'SUMBERJERUK',NULL,NULL),(3509272006,3509,350927,'GLAGAHWERO',NULL,NULL),(3509272007,3509,350927,'KALISAT',NULL,NULL),(3509272008,3509,350927,'AJUNG',NULL,NULL),(3509272009,3509,350927,'PLALANGAN',NULL,NULL),(3509272010,3509,350927,'GAMBIRAN',NULL,NULL),(3509272011,3509,350927,'SUMBERKETEMPA',NULL,NULL),(3509272012,3509,350927,'SEBANEN',NULL,NULL),(3509282001,3509,350928,'LEMBENGAN',NULL,NULL),(3509282002,3509,350928,'SUREN',NULL,NULL),(3509282003,3509,350928,'KARANGPAITON',NULL,NULL),(3509282004,3509,350928,'SUMBERANGET',NULL,NULL),(3509282005,3509,350928,'SUKOGIDRI',NULL,NULL),(3509282006,3509,350928,'LEDOKOMBO',NULL,NULL),(3509282007,3509,350928,'SUMBERLESUNG',NULL,NULL),(3509282008,3509,350928,'SUMBERSALAK',NULL,NULL),(3509282009,3509,350928,'SLATENG',NULL,NULL),(3509282010,3509,350928,'SUMBERBULUS',NULL,NULL),(3509292001,3509,350929,'SUMBERWRINGIN',NULL,NULL),(3509292002,3509,350929,'SUKOKERTO',NULL,NULL),(3509292003,3509,350929,'SUMBERWARU',NULL,NULL),(3509292004,3509,350929,'SUKOWONO',NULL,NULL),(3509292005,3509,350929,'BALETBARU',NULL,NULL),(3509292006,3509,350929,'SUKOREJO',NULL,NULL),(3509292007,3509,350929,'SUKOSARI',NULL,NULL),(3509292008,3509,350929,'ARJASA',NULL,NULL),(3509292009,3509,350929,'SUMBERDANTI',NULL,NULL),(3509292010,3509,350929,'POCANGAN',NULL,NULL),(3509292011,3509,350929,'DAWUHANMANGLI',NULL,NULL),(3509292012,3509,350929,'MOJOGEMI',NULL,NULL),(3509302001,3509,350930,'SEMPOLAN',NULL,NULL),(3509302002,3509,350930,'HARJOMULYO',NULL,NULL),(3509302003,3509,350930,'KARANGHARJO',NULL,NULL),(3509302004,3509,350930,'SILO',NULL,NULL),(3509302005,3509,350930,'PACE',NULL,NULL),(3509302006,3509,350930,'MULYOREJO',NULL,NULL),(3509302007,3509,350930,'SUMBERJATI',NULL,NULL),(3509302008,3509,350930,'GARAHAN',NULL,NULL),(3509302009,3509,350930,'SIDOMULYO',NULL,NULL),(3509312001,3509,350931,'PLEREAN',NULL,NULL),(3509312002,3509,350931,'SUMBERPAKEM',NULL,NULL),(3509312003,3509,350931,'PRINGGONDANI',NULL,NULL),(3509312004,3509,350931,'RANDUAGUNG',NULL,NULL),(3509312005,3509,350931,'CUMEDAK',NULL,NULL),(3509312006,3509,350931,'SUMBERJAMBE',NULL,NULL),(3509312007,3509,350931,'GUNUNGMALANG',NULL,NULL),(3509312008,3509,350931,'JAMBEARUM',NULL,NULL),(3509312009,3509,350931,'ROWOSARI',NULL,NULL),(3510012001,3510,351001,'SARONGAN',NULL,NULL),(3510012002,3510,351001,'PESANGGARAN',NULL,NULL),(3510012004,3510,351001,'SUMBERAGUNG',NULL,NULL),(3510012009,3510,351001,'KANDANGAN',NULL,NULL),(3510012010,3510,351001,'SUMBERMULYO',NULL,NULL),(3510022001,3510,351002,'SUKOREJO',NULL,NULL),(3510022002,3510,351002,'SAMBIREJO',NULL,NULL),(3510022003,3510,351002,'TEMUREJO',NULL,NULL),(3510022004,3510,351002,'BANGOREJO',NULL,NULL),(3510022005,3510,351002,'KEBONDALEM',NULL,NULL),(3510022006,3510,351002,'SAMBIMULYO',NULL,NULL),(3510022007,3510,351002,'RINGINTELU',NULL,NULL),(3510032001,3510,351003,'GRAJAGAN',NULL,NULL),(3510032002,3510,351003,'SUMBERSARI',NULL,NULL),(3510032003,3510,351003,'GLAGAHAGUNG',NULL,NULL),(3510032004,3510,351003,'SIDOREJO',NULL,NULL),(3510032005,3510,351003,'PURWOHARJO',NULL,NULL),(3510032006,3510,351003,'BULUREJO',NULL,NULL),(3510032007,3510,351003,'KRADENAN',NULL,NULL),(3510032008,3510,351003,'KARETAN',NULL,NULL),(3510042001,3510,351004,'PURWOASRI',NULL,NULL),(3510042002,3510,351004,'KENDALREJO',NULL,NULL),(3510042003,3510,351004,'KEDUNGASRI',NULL,NULL),(3510042004,3510,351004,'KEDUNGWUNGU',NULL,NULL),(3510042005,3510,351004,'TEGALDLIMO',NULL,NULL),(3510042006,3510,351004,'WRINGINPITU',NULL,NULL),(3510042007,3510,351004,'KEDUNGGEBANG',NULL,NULL),(3510042008,3510,351004,'PURWOAGUNG',NULL,NULL),(3510042009,3510,351004,'KALIPAIT',NULL,NULL),(3510052001,3510,351005,'SUMBERBERAS',NULL,NULL),(3510052002,3510,351005,'KEDUNGREJO',NULL,NULL),(3510052003,3510,351005,'TEMBOKREJO',NULL,NULL),(3510052004,3510,351005,'SUMBERSEWU',NULL,NULL),(3510052005,3510,351005,'BLAMBANGAN',NULL,NULL),(3510052006,3510,351005,'TAPANREJO',NULL,NULL),(3510052007,3510,351005,'WRINGINPUTIH',NULL,NULL),(3510052008,3510,351005,'TAMBAKREJO',NULL,NULL),(3510052009,3510,351005,'KEDUNGRINGIN',NULL,NULL),(3510052010,3510,351005,'KUMENDUNG',NULL,NULL),(3510062001,3510,351006,'PLAMPANGREJO',NULL,NULL),(3510062002,3510,351006,'TAMPO',NULL,NULL),(3510062003,3510,351006,'SEMBULUNG',NULL,NULL),(3510062004,3510,351006,'CLURING',NULL,NULL),(3510062005,3510,351006,'BENCULUK',NULL,NULL),(3510062006,3510,351006,'SRATEN',NULL,NULL),(3510062007,3510,351006,'TAMANAGUNG',NULL,NULL),(3510062008,3510,351006,'SARIMULYO',NULL,NULL),(3510062009,3510,351006,'KALIPLOSO',NULL,NULL),(3510072001,3510,351007,'PURWODADI',NULL,NULL),(3510072002,3510,351007,'JAJAG',NULL,NULL),(3510072007,3510,351007,'GAMBIRAN',NULL,NULL),(3510072008,3510,351007,'YOSOMULYO',NULL,NULL),(3510072009,3510,351007,'WRINGINREJO',NULL,NULL),(3510072010,3510,351007,'WRINGINAGUNG',NULL,NULL),(3510082001,3510,351008,'BANGOREJO',NULL,NULL),(3510082002,3510,351008,'WONOSOBO',NULL,NULL),(3510082003,3510,351008,'SUKONATAR',NULL,NULL),(3510082004,3510,351008,'KEBAMAN',NULL,NULL),(3510082005,3510,351008,'SUMBERSARI',NULL,NULL),(3510082006,3510,351008,'PARIJATAH WETAN',NULL,NULL),(3510082007,3510,351008,'PARIJATAH KULON',NULL,NULL),(3510082008,3510,351008,'REJOAGUNG',NULL,NULL),(3510082009,3510,351008,'KEPUNDUNGAN',NULL,NULL),(3510082010,3510,351008,'SUKOMAJU',NULL,NULL),(3510092001,3510,351009,'KEMBIRITAN',NULL,NULL),(3510092002,3510,351009,'GENTENGWETAN',NULL,NULL),(3510092003,3510,351009,'GENTENGKULON',NULL,NULL),(3510092004,3510,351009,'SETAIL',NULL,NULL),(3510092005,3510,351009,'KALIGONDO',NULL,NULL),(3510102001,3510,351010,'TEGALHARJO',NULL,NULL),(3510102002,3510,351010,'SEPANJANG',NULL,NULL),(3510102003,3510,351010,'KARANGHARJO',NULL,NULL),(3510102004,3510,351010,'TULUNGREJO',NULL,NULL),(3510102005,3510,351010,'SUMBERGONDO',NULL,NULL),(3510102006,3510,351010,'BUMIHARJO',NULL,NULL),(3510102007,3510,351010,'MARGOMULYO',NULL,NULL),(3510112001,3510,351011,'KALIBARUKULON',NULL,NULL),(3510112002,3510,351011,'KALIBARUMANIS',NULL,NULL),(3510112003,3510,351011,'KALIBARUWETAN',NULL,NULL),(3510112004,3510,351011,'KAJARHARJO',NULL,NULL),(3510112005,3510,351011,'BANYUANYAR',NULL,NULL),(3510112006,3510,351011,'KEBONREJO',NULL,NULL),(3510122001,3510,351012,'GAMBOR',NULL,NULL),(3510122002,3510,351012,'ALASMALANG',NULL,NULL),(3510122003,3510,351012,'BENELAN KIDUL',NULL,NULL),(3510122004,3510,351012,'LEMAHBANG KULON',NULL,NULL),(3510122005,3510,351012,'SINGOJURUH',NULL,NULL),(3510122006,3510,351012,'GUMIRIH',NULL,NULL),(3510122007,3510,351012,'CANTUK',NULL,NULL),(3510122008,3510,351012,'PADANG',NULL,NULL),(3510122009,3510,351012,'SINGOLATREN',NULL,NULL),(3510122010,3510,351012,'KEMIRI',NULL,NULL),(3510122011,3510,351012,'SUMBERBARU',NULL,NULL),(3510132001,3510,351013,'ALIYAN',NULL,NULL),(3510132002,3510,351013,'MANGIR',NULL,NULL),(3510132006,3510,351013,'GLADAG',NULL,NULL),(3510132007,3510,351013,'BUBUK',NULL,NULL),(3510132008,3510,351013,'LEMAHBANGDEWO',NULL,NULL),(3510132010,3510,351013,'GITIK',NULL,NULL),(3510132012,3510,351013,'KARANGBENDO',NULL,NULL),(3510132013,3510,351013,'ROGOJAMPI',NULL,NULL),(3510132014,3510,351013,'PENGATIGAN',NULL,NULL),(3510132018,3510,351013,'KEDALEMAN',NULL,NULL),(3510142001,3510,351014,'BARENG',NULL,NULL),(3510142002,3510,351014,'BUNDER',NULL,NULL),(3510142003,3510,351014,'GOMBOLIRANG',NULL,NULL),(3510142004,3510,351014,'BENELANLOR',NULL,NULL),(3510142005,3510,351014,'LABANASEM',NULL,NULL),(3510142006,3510,351014,'PAKISTAJI',NULL,NULL),(3510142009,3510,351014,'PONDOKNONGKO',NULL,NULL),(3510142010,3510,351014,'DADAPAN',NULL,NULL),(3510142011,3510,351014,'KEDAYUNAN',NULL,NULL),(3510142012,3510,351014,'KABAT',NULL,NULL),(3510142013,3510,351014,'MACAN PUTIH',NULL,NULL),(3510142014,3510,351014,'TAMBONG',NULL,NULL),(3510142015,3510,351014,'PENDARUNGAN',NULL,NULL),(3510142016,3510,351014,'KALIREJO',NULL,NULL),(3510151002,3510,351015,'BAKUNGAN',NULL,NULL),(3510151003,3510,351015,'BANJARSARI',NULL,NULL),(3510152001,3510,351015,'REJOSARI',NULL,NULL),(3510152004,3510,351015,'KEMIREN',NULL,NULL),(3510152005,3510,351015,'OLEHSARI',NULL,NULL),(3510152006,3510,351015,'GLAGAH',NULL,NULL),(3510152007,3510,351015,'PASPAN',NULL,NULL),(3510152010,3510,351015,'TAMANSURUH',NULL,NULL),(3510152011,3510,351015,'KENJO',NULL,NULL),(3510152012,3510,351015,'KAMPUNGANYAR',NULL,NULL),(3510161001,3510,351016,'PAKIS',NULL,NULL),(3510161002,3510,351016,'SOBO',NULL,NULL),(3510161003,3510,351016,'KEBALENAN',NULL,NULL),(3510161004,3510,351016,'PENGANJURAN',NULL,NULL),(3510161005,3510,351016,'TUKANGKAYU',NULL,NULL),(3510161006,3510,351016,'KERTOSARI',NULL,NULL),(3510161007,3510,351016,'KARANGREJO',NULL,NULL),(3510161008,3510,351016,'KEPATIHAN',NULL,NULL),(3510161009,3510,351016,'PANDEREJO',NULL,NULL),(3510161010,3510,351016,'SINGONEGARAN',NULL,NULL),(3510161011,3510,351016,'TEMENGGUNGAN',NULL,NULL),(3510161012,3510,351016,'KAMPUNGMELAYU',NULL,NULL),(3510161013,3510,351016,'KAMPUNGMANDAR',NULL,NULL),(3510161014,3510,351016,'LATENG',NULL,NULL),(3510161015,3510,351016,'SINGOTRUNAN',NULL,NULL),(3510161016,3510,351016,'PENGANTIGAN',NULL,NULL),(3510161017,3510,351016,'TAMANBARU',NULL,NULL),(3510161018,3510,351016,'SUMBERREJO',NULL,NULL),(3510171002,3510,351017,'BOYOLANGU',NULL,NULL),(3510171003,3510,351017,'MOJOPANGGUNG',NULL,NULL),(3510171004,3510,351017,'PENATABAN',NULL,NULL),(3510171005,3510,351017,'GIRI',NULL,NULL),(3510172001,3510,351017,'JAMBESARI',NULL,NULL),(3510172006,3510,351017,'GROGOL',NULL,NULL),(3510182001,3510,351018,'BANGSRING',NULL,NULL),(3510182002,3510,351018,'BENGKAK',NULL,NULL),(3510182003,3510,351018,'ALASBULUH',NULL,NULL),(3510182004,3510,351018,'WONGSOREJO',NULL,NULL),(3510182005,3510,351018,'SUMBERKENCONO',NULL,NULL),(3510182006,3510,351018,'SIDODADI',NULL,NULL),(3510182007,3510,351018,'BAJULMATI',NULL,NULL),(3510182008,3510,351018,'WATUKEBO',NULL,NULL),(3510182009,3510,351018,'ALAS REJO',NULL,NULL),(3510182010,3510,351018,'SIDOWANGI',NULL,NULL),(3510182011,3510,351018,'SUMBERANYAR',NULL,NULL),(3510182012,3510,351018,'BIMOREJO',NULL,NULL),(3510192001,3510,351019,'SONGGON',NULL,NULL),(3510192002,3510,351019,'BALAK',NULL,NULL),(3510192003,3510,351019,'SRAGI',NULL,NULL),(3510192004,3510,351019,'PARANGHARJO',NULL,NULL),(3510192005,3510,351019,'BEDEWANG',NULL,NULL),(3510192006,3510,351019,'BAYU',NULL,NULL),(3510192007,3510,351019,'SUMBERARUM',NULL,NULL),(3510192008,3510,351019,'SUMBERBULU',NULL,NULL),(3510192009,3510,351019,'BANGUNSARI',NULL,NULL),(3510202001,3510,351020,'SEMPU',NULL,NULL),(3510202002,3510,351020,'JAMBEWANGI',NULL,NULL),(3510202003,3510,351020,'KARANGSARI',NULL,NULL),(3510202004,3510,351020,'TEMUGURUH',NULL,NULL),(3510202005,3510,351020,'GENDOH',NULL,NULL),(3510202006,3510,351020,'TEMUASRI',NULL,NULL),(3510202007,3510,351020,'TEGALARUM',NULL,NULL),(3510211001,3510,351021,'KALIPURO',NULL,NULL),(3510211002,3510,351021,'KLATAK',NULL,NULL),(3510211006,3510,351021,'GOMBENGSARI',NULL,NULL),(3510211007,3510,351021,'BULUSAN',NULL,NULL),(3510212003,3510,351021,'KETAPANG',NULL,NULL),(3510212004,3510,351021,'PESUCEN',NULL,NULL),(3510212005,3510,351021,'KELIR',NULL,NULL),(3510212008,3510,351021,'TELEMUNG',NULL,NULL),(3510212009,3510,351021,'BULUSARI',NULL,NULL),(3510222001,3510,351022,'BULUAGUNG',NULL,NULL),(3510222002,3510,351022,'SILIRAGUNG',NULL,NULL),(3510222003,3510,351022,'KESILIR',NULL,NULL),(3510222004,3510,351022,'SINEPOREJO',NULL,NULL),(3510222005,3510,351022,'BARUREJO',NULL,NULL),(3510232001,3510,351023,'TEGALSARI',NULL,NULL),(3510232002,3510,351023,'KARANGDORO',NULL,NULL),(3510232003,3510,351023,'TAMANSARI',NULL,NULL),(3510232004,3510,351023,'DASRI',NULL,NULL),(3510232005,3510,351023,'KARANGMULYO',NULL,NULL),(3510232006,3510,351023,'TEGALREJO',NULL,NULL),(3510242001,3510,351024,'GUMUK',NULL,NULL),(3510242002,3510,351024,'JELUN',NULL,NULL),(3510242003,3510,351024,'LICIN',NULL,NULL),(3510242004,3510,351024,'BANJAR',NULL,NULL),(3510242005,3510,351024,'SEGOBANG',NULL,NULL),(3510242006,3510,351024,'PAKEL',NULL,NULL),(3510242007,3510,351024,'KLUNCING',NULL,NULL),(3510242008,3510,351024,'TAMANSARI',NULL,NULL),(3510252001,3510,351025,'BLIMBINGSARI',NULL,NULL),(3510252002,3510,351025,'KAOTAN',NULL,NULL),(3510252003,3510,351025,'WATUKEBO',NULL,NULL),(3510252004,3510,351025,'GINTANGAN',NULL,NULL),(3510252005,3510,351025,'BOMO',NULL,NULL),(3510252006,3510,351025,'PATOMAN',NULL,NULL),(3510252007,3510,351025,'KALIGUNG',NULL,NULL),(3510252008,3510,351025,'KARANGREJO',NULL,NULL),(3510252009,3510,351025,'BADEAN',NULL,NULL),(3510252010,3510,351025,'SUKOJATI',NULL,NULL),(3511012001,3511,351101,'SUCOLOR',NULL,NULL),(3511012002,3511,351101,'PUJER BARU',NULL,NULL),(3511012003,3511,351101,'TANAHWULAN',NULL,NULL),(3511012004,3511,351101,'MAESAN',NULL,NULL),(3511012005,3511,351101,'GAMBANGAN',NULL,NULL),(3511012006,3511,351101,'SUGER LOR',NULL,NULL),(3511012007,3511,351101,'SUMBER PAKEM',NULL,NULL),(3511012008,3511,351101,'SUMBERSARI',NULL,NULL),(3511012009,3511,351101,'SUMBER ANYAR',NULL,NULL),(3511012010,3511,351101,'PENANGGUNGAN',NULL,NULL),(3511012011,3511,351101,'PAKUNIRAN',NULL,NULL),(3511012012,3511,351101,'GUNUNGSARI',NULL,NULL),(3511022001,3511,351102,'SUKOSARI',NULL,NULL),(3511022002,3511,351102,'KARANG MELOK',NULL,NULL),(3511022003,3511,351102,'MENGEN',NULL,NULL),(3511022004,3511,351102,'KEMIRIAN',NULL,NULL),(3511022005,3511,351102,'TAMANAN',NULL,NULL),(3511022006,3511,351102,'WONOSUKO',NULL,NULL),(3511022007,3511,351102,'KALIANYAR',NULL,NULL),(3511022012,3511,351102,'SUMBER KEMUNING',NULL,NULL),(3511022014,3511,351102,'SUMBER ANOM',NULL,NULL),(3511032001,3511,351103,'KEMBANG',NULL,NULL),(3511032002,3511,351103,'GUNOSARI',NULL,NULL),(3511032003,3511,351103,'TROTOSARI',NULL,NULL),(3511032004,3511,351103,'JEBUNG KIDUL',NULL,NULL),(3511032005,3511,351103,'SULEK',NULL,NULL),(3511032006,3511,351103,'TLOGOSARI',NULL,NULL),(3511032007,3511,351103,'PAKISAN',NULL,NULL),(3511032008,3511,351103,'PATEMON',NULL,NULL),(3511032009,3511,351103,'JEBUNG LOR',NULL,NULL),(3511032010,3511,351103,'BRAMBANG DARUSSALAM',NULL,NULL),(3511042001,3511,351104,'SUKOSARI LOR',NULL,NULL),(3511042002,3511,351104,'NOGOSARI',NULL,NULL),(3511042003,3511,351104,'PECALONGAN',NULL,NULL),(3511042004,3511,351104,'KERANG',NULL,NULL),(3511052001,3511,351105,'ALAS SUMUR',NULL,NULL),(3511052002,3511,351105,'KEJAYAN',NULL,NULL),(3511052003,3511,351105,'MANGLI',NULL,NULL),(3511052004,3511,351105,'MASKUNING KULON',NULL,NULL),(3511052005,3511,351105,'MASKUNING WETAN',NULL,NULL),(3511052006,3511,351105,'MENGOK',NULL,NULL),(3511052007,3511,351105,'PADASAN',NULL,NULL),(3511052009,3511,351105,'RANDU CANGKRING',NULL,NULL),(3511052010,3511,351105,'SUKO KERTO',NULL,NULL),(3511052011,3511,351105,'SUKOWONO',NULL,NULL),(3511052012,3511,351105,'SUKODONO',NULL,NULL),(3511062002,3511,351106,'TEGAL MIJIN',NULL,NULL),(3511062003,3511,351106,'PEKAUMAN',NULL,NULL),(3511062004,3511,351106,'SUMBER PANDAN',NULL,NULL),(3511062005,3511,351106,'WANISODO',NULL,NULL),(3511062006,3511,351106,'KABUARAN',NULL,NULL),(3511062007,3511,351106,'WONOSARI',NULL,NULL),(3511062008,3511,351106,'DADAPAN',NULL,NULL),(3511062009,3511,351106,'DAWUHAN',NULL,NULL),(3511062010,3511,351106,'TAMAN',NULL,NULL),(3511062011,3511,351106,'GRUJUGAN KIDUL',NULL,NULL),(3511062013,3511,351106,'KEJAWAN',NULL,NULL),(3511071009,3511,351107,'CURAHDAMI',NULL,NULL),(3511072001,3511,351107,'JETIS',NULL,NULL),(3511072002,3511,351107,'PAKUWESI',NULL,NULL),(3511072003,3511,351107,'KUPANG',NULL,NULL),(3511072004,3511,351107,'PETUNG',NULL,NULL),(3511072005,3511,351107,'PANAMBANGAN',NULL,NULL),(3511072006,3511,351107,'CURAHPOH',NULL,NULL),(3511072007,3511,351107,'PONCOGATI',NULL,NULL),(3511072008,3511,351107,'SUMBER SUKO',NULL,NULL),(3511072010,3511,351107,'SELOLEMBU',NULL,NULL),(3511072011,3511,351107,'LOCARE',NULL,NULL),(3511072012,3511,351107,'SUMBER SALAK',NULL,NULL),(3511081011,3511,351108,'TENGGARANG',NULL,NULL),(3511082001,3511,351108,'KESEMEK',NULL,NULL),(3511082002,3511,351108,'LOJAJAR',NULL,NULL),(3511082003,3511,351108,'PEKALANGAN',NULL,NULL),(3511082004,3511,351108,'KAJAR',NULL,NULL),(3511082005,3511,351108,'SUMBER SALAM',NULL,NULL),(3511082006,3511,351108,'KONCER KIDUL',NULL,NULL),(3511082007,3511,351108,'BATAAN',NULL,NULL),(3511082008,3511,351108,'GEBANG',NULL,NULL),(3511082009,3511,351108,'DAWUHAN',NULL,NULL),(3511082010,3511,351108,'TANGSIL KULON',NULL,NULL),(3511082012,3511,351108,'KONCER DARUL AMAN',NULL,NULL),(3511092001,3511,351109,'LOMBOK KULON',NULL,NULL),(3511092002,3511,351109,'LOMBOK WETAN',NULL,NULL),(3511092003,3511,351109,'TUMPENG',NULL,NULL),(3511092004,3511,351109,'JUMPONG',NULL,NULL),(3511092005,3511,351109,'TANGSIL WETAN',NULL,NULL),(3511092006,3511,351109,'PASAREJO',NULL,NULL),(3511092007,3511,351109,'BENDOARUM',NULL,NULL),(3511092008,3511,351109,'KAPURAN',NULL,NULL),(3511092009,3511,351109,'SUMBERKALONG',NULL,NULL),(3511092010,3511,351109,'TRAKTAKAN',NULL,NULL),(3511092011,3511,351109,'WONOSARI',NULL,NULL),(3511092012,3511,351109,'PELALANGAN',NULL,NULL),(3511102001,3511,351110,'WONOKUSUMO',NULL,NULL),(3511102002,3511,351110,'MANGLI WETAN',NULL,NULL),(3511102003,3511,351110,'TAAL',NULL,NULL),(3511102004,3511,351110,'MRAWAN',NULL,NULL),(3511102005,3511,351110,'GUNUNG ANYAR',NULL,NULL),(3511102006,3511,351110,'JURANG SAPI',NULL,NULL),(3511102007,3511,351110,'CINDOGO',NULL,NULL),(3511102008,3511,351110,'KALITAPEN',NULL,NULL),(3511102009,3511,351110,'TAPEN',NULL,NULL),(3511111004,3511,351111,'NANGKAAN',NULL,NULL),(3511111005,3511,351111,'TAMANSARI',NULL,NULL),(3511111006,3511,351111,'KADEMANGAN',NULL,NULL),(3511111007,3511,351111,'DABASAH',NULL,NULL),(3511111008,3511,351111,'BADEAN',NULL,NULL),(3511111009,3511,351111,'KOTAKULON',NULL,NULL),(3511111010,3511,351111,'BLINDUNGAN',NULL,NULL),(3511112001,3511,351111,'PANCORAN',NULL,NULL),(3511112002,3511,351111,'SUKOWIRYO',NULL,NULL),(3511112003,3511,351111,'KEMBANG',NULL,NULL),(3511112011,3511,351111,'PEJATEN',NULL,NULL),(3511122001,3511,351112,'AMBULU',NULL,NULL),(3511122002,3511,351112,'BUKOR',NULL,NULL),(3511122003,3511,351112,'SUMBERMALANG',NULL,NULL),(3511122004,3511,351112,'JAMBEWUNGU',NULL,NULL),(3511122005,3511,351112,'GUBRIH',NULL,NULL),(3511122006,3511,351112,'AMPELAN',NULL,NULL),(3511122007,3511,351112,'JATITAMBAN',NULL,NULL),(3511122008,3511,351112,'BANYUWULU',NULL,NULL),(3511122009,3511,351112,'JATISARI',NULL,NULL),(3511122010,3511,351112,'GLINGSERAN',NULL,NULL),(3511122011,3511,351112,'BANYUPUTIH',NULL,NULL),(3511122012,3511,351112,'WRINGIN',NULL,NULL),(3511122013,3511,351112,'SUMBERCANTING',NULL,NULL),(3511131005,3511,351113,'SEKARPUTIH',NULL,NULL),(3511132001,3511,351113,'KLABANG',NULL,NULL),(3511132002,3511,351113,'MANDIRO',NULL,NULL),(3511132003,3511,351113,'TANGGULANGIN',NULL,NULL),(3511132004,3511,351113,'KARANGANYAR',NULL,NULL),(3511132006,3511,351113,'TEGALAMPEL',NULL,NULL),(3511132014,3511,351113,'KLABANG AGUNG',NULL,NULL),(3511132015,3511,351113,'PURNAMA',NULL,NULL),(3511142005,3511,351114,'KARANG ANYAR',NULL,NULL),(3511142006,3511,351114,'BLIMBING',NULL,NULL),(3511142007,3511,351114,'KARANG SENGON',NULL,NULL),(3511142008,3511,351114,'WONOKERTO',NULL,NULL),(3511142009,3511,351114,'KLABANG',NULL,NULL),(3511142010,3511,351114,'KLAMPOKAN',NULL,NULL),(3511142011,3511,351114,'SUMBER SUKO',NULL,NULL),(3511142012,3511,351114,'BESUK',NULL,NULL),(3511142013,3511,351114,'PANDAK',NULL,NULL),(3511142014,3511,351114,'LEPRAK',NULL,NULL),(3511142015,3511,351114,'WONOBOYO',NULL,NULL),(3511152001,3511,351115,'SOLOR',NULL,NULL),(3511152002,3511,351115,'KLADI',NULL,NULL),(3511152003,3511,351115,'BERCAK',NULL,NULL),(3511152004,3511,351115,'SULING WETAN',NULL,NULL),(3511152005,3511,351115,'SULING KULON',NULL,NULL),(3511152006,3511,351115,'CERMEE',NULL,NULL),(3511152007,3511,351115,'RAMBAN WETAN',NULL,NULL),(3511152008,3511,351115,'GRUJUGAN',NULL,NULL),(3511152009,3511,351115,'RAMBAN KULON',NULL,NULL),(3511152010,3511,351115,'BAJURAN',NULL,NULL),(3511152011,3511,351115,'JIREK MAS',NULL,NULL),(3511152012,3511,351115,'BATU SALANG',NULL,NULL),(3511152013,3511,351115,'PALALANGAN',NULL,NULL),(3511152014,3511,351115,'BATU AMPAR',NULL,NULL),(3511152015,3511,351115,'BERCAK ASRI',NULL,NULL),(3511162001,3511,351116,'BANDILAN',NULL,NULL),(3511162002,3511,351116,'SEMPOL',NULL,NULL),(3511162003,3511,351116,'TARUM',NULL,NULL),(3511162005,3511,351116,'PRAJEKAN LOR',NULL,NULL),(3511162006,3511,351116,'PRAJEKAN KIDUL',NULL,NULL),(3511162007,3511,351116,'CANGKRING',NULL,NULL),(3511162008,3511,351116,'WALIDONO',NULL,NULL),(3511172001,3511,351117,'ANDUNGSARI',NULL,NULL),(3511172002,3511,351117,'ARDISAENG',NULL,NULL),(3511172003,3511,351117,'KUPANG',NULL,NULL),(3511172004,3511,351117,'GADINGSARI',NULL,NULL),(3511172005,3511,351117,'PAKEM',NULL,NULL),(3511172006,3511,351117,'SUMBERDUMPYONG',NULL,NULL),(3511172007,3511,351117,'PATEMON',NULL,NULL),(3511172008,3511,351117,'PETUNG',NULL,NULL),(3511182001,3511,351118,'SUKOREJO',NULL,NULL),(3511182002,3511,351118,'SUMBER GADING',NULL,NULL),(3511182003,3511,351118,'SUKOSARI KIDUL',NULL,NULL),(3511182004,3511,351118,'TEGALJATI',NULL,NULL),(3511182005,3511,351118,'REJO AGUNG',NULL,NULL),(3511182006,3511,351118,'SUMBERWRINGIN',NULL,NULL),(3511192001,3511,351119,'SEMPOL',NULL,NULL),(3511192002,3511,351119,'KALIANYAR',NULL,NULL),(3511192003,3511,351119,'JAMPIT',NULL,NULL),(3511192004,3511,351119,'KALISAT',NULL,NULL),(3511192005,3511,351119,'KALI GEDANG',NULL,NULL),(3511192006,3511,351119,'SUMBER REJO',NULL,NULL),(3511202001,3511,351120,'GADINGSARI',NULL,NULL),(3511202002,3511,351120,'SUMBER WARU',NULL,NULL),(3511202003,3511,351120,'KEMBANGAN',NULL,NULL),(3511202004,3511,351120,'BARATAN',NULL,NULL),(3511202005,3511,351120,'BINAKAL',NULL,NULL),(3511202006,3511,351120,'JERUKSOKSOK',NULL,NULL),(3511202007,3511,351120,'SUMBER TENGAH',NULL,NULL),(3511202008,3511,351120,'BENDELAN',NULL,NULL),(3511212001,3511,351121,'TAMAN',NULL,NULL),(3511212002,3511,351121,'GENTONG',NULL,NULL),(3511212003,3511,351121,'KEMUNINGAN',NULL,NULL),(3511212004,3511,351121,'TREBUNGAN',NULL,NULL),(3511212005,3511,351121,'SUMBERKOKAP',NULL,NULL),(3511212006,3511,351121,'PAGUAN',NULL,NULL),(3511212007,3511,351121,'KRETEK',NULL,NULL),(3511222001,3511,351122,'LUMUTAN',NULL,NULL),(3511222002,3511,351122,'BOTOLINGGO',NULL,NULL),(3511222003,3511,351122,'LANAS',NULL,NULL),(3511222004,3511,351122,'PENANG',NULL,NULL),(3511222005,3511,351122,'GAYAM',NULL,NULL),(3511222006,3511,351122,'KLEKEHAN',NULL,NULL),(3511222007,3511,351122,'SUMBER CANTING',NULL,NULL),(3511222008,3511,351122,'GAYAM LOR',NULL,NULL),(3511232001,3511,351123,'JAMBESARI',NULL,NULL),(3511232002,3511,351123,'JAMBEANOM',NULL,NULL),(3511232003,3511,351123,'PUCANGANOM',NULL,NULL),(3511232004,3511,351123,'SUMBERJERUK',NULL,NULL),(3511232005,3511,351123,'TEGALPASIR',NULL,NULL),(3511232006,3511,351123,'PENGARANG',NULL,NULL),(3511232007,3511,351123,'GRUJUGAN LOR',NULL,NULL),(3511232008,3511,351123,'PEJAGAN',NULL,NULL),(3511232009,3511,351123,'SUMBER ANYAR',NULL,NULL),(3512012001,3512,351201,'PATEGALAN',NULL,NULL),(3512012002,3512,351201,'SEMAMBUNG',NULL,NULL),(3512012003,3512,351201,'SUMBERANYAR',NULL,NULL),(3512012004,3512,351201,'JATIBANTENG',NULL,NULL),(3512012005,3512,351201,'CURAHSURI',NULL,NULL),(3512012006,3512,351201,'WRINGINANOM',NULL,NULL),(3512012007,3512,351201,'KEMBANGSARI',NULL,NULL),(3512012008,3512,351201,'PATEMON',NULL,NULL),(3512022001,3512,351202,'WIDOROPAYUNG',NULL,NULL),(3512022002,3512,351202,'SUMBEREJO',NULL,NULL),(3512022003,3512,351202,'JETIS',NULL,NULL),(3512022004,3512,351202,'BLIMBING',NULL,NULL),(3512022005,3512,351202,'LANGKAP',NULL,NULL),(3512022006,3512,351202,'BLORO',NULL,NULL),(3512022007,3512,351202,'PESISIR',NULL,NULL),(3512022008,3512,351202,'KALIMAS',NULL,NULL),(3512022009,3512,351202,'BESUKI',NULL,NULL),(3512022010,3512,351202,'DEMUNG',NULL,NULL),(3512032001,3512,351203,'CEMARA',NULL,NULL),(3512032002,3512,351203,'MOJODUNGKUL',NULL,NULL),(3512032003,3512,351203,'GUNUNG MALANG',NULL,NULL),(3512032004,3512,351203,'GUNUNG PUTRI',NULL,NULL),(3512032005,3512,351203,'SUBOH',NULL,NULL),(3512032006,3512,351203,'DAWUAN',NULL,NULL),(3512032007,3512,351203,'BUDUAN',NULL,NULL),(3512032008,3512,351203,'KETAH',NULL,NULL),(3512042001,3512,351204,'ALAS BAYUR',NULL,NULL),(3512042002,3512,351204,'SUMBERANYAR',NULL,NULL),(3512042003,3512,351204,'CAMPOAN',NULL,NULL),(3512042004,3512,351204,'TREBUNGAN',NULL,NULL),(3512042005,3512,351204,'SUMBER PINANG',NULL,NULL),(3512042006,3512,351204,'SELOMUKTI',NULL,NULL),(3512042007,3512,351204,'MLANDINGAN KULON',NULL,NULL),(3512052001,3512,351205,'BUGEMAN',NULL,NULL),(3512052002,3512,351205,'KENDIT',NULL,NULL),(3512052003,3512,351205,'BALUNG',NULL,NULL),(3512052004,3512,351205,'TAMBAK UKIR',NULL,NULL),(3512052005,3512,351205,'RAJEKWESI',NULL,NULL),(3512052006,3512,351205,'KUKUSAN',NULL,NULL),(3512052007,3512,351205,'KLATAKAN',NULL,NULL),(3512062001,3512,351206,'PAOWAN',NULL,NULL),(3512062002,3512,351206,'SUMBERKOLAK',NULL,NULL),(3512062003,3512,351206,'WRINGINANOM',NULL,NULL),(3512062004,3512,351206,'KILENSARI',NULL,NULL),(3512062005,3512,351206,'PELEYAN',NULL,NULL),(3512062006,3512,351206,'ALASMALANG',NULL,NULL),(3512062007,3512,351206,'DUWET',NULL,NULL),(3512062008,3512,351206,'GELUNG',NULL,NULL),(3512071002,3512,351207,'PATOKAN',NULL,NULL),(3512071003,3512,351207,'DAWUHAN',NULL,NULL),(3512072001,3512,351207,'KALIBAGOR',NULL,NULL),(3512072004,3512,351207,'KOTAKAN',NULL,NULL),(3512072005,3512,351207,'TALKANDANG',NULL,NULL),(3512072006,3512,351207,'OLEAN',NULL,NULL),(3512081002,3512,351208,'ARDIREJO',NULL,NULL),(3512081007,3512,351208,'MIMBAAN',NULL,NULL),(3512082001,3512,351208,'SLIWUNG',NULL,NULL),(3512082003,3512,351208,'BATTAL',NULL,NULL),(3512082004,3512,351208,'KLAMPOKAN',NULL,NULL),(3512082005,3512,351208,'JUGLANGAN',NULL,NULL),(3512082006,3512,351208,'PANJI KIDUL',NULL,NULL),(3512082008,3512,351208,'PANJI LOR',NULL,NULL),(3512082009,3512,351208,'TOKELAN',NULL,NULL),(3512082010,3512,351208,'CURAH JERU',NULL,NULL),(3512082011,3512,351208,'TENGGIR',NULL,NULL),(3512082012,3512,351208,'KAYU PUTIH',NULL,NULL),(3512092001,3512,351209,'TANJUNG GLUGUR',NULL,NULL),(3512092002,3512,351209,'MANGARAN',NULL,NULL),(3512092003,3512,351209,'TANJUNG KAMAL',NULL,NULL),(3512092004,3512,351209,'SEMIRING',NULL,NULL),(3512092005,3512,351209,'TANJUNG PECINAN',NULL,NULL),(3512092006,3512,351209,'TREBUNGAN',NULL,NULL),(3512102001,3512,351210,'KANDANG',NULL,NULL),(3512102002,3512,351210,'CURAH COTOK',NULL,NULL),(3512102003,3512,351210,'PELEYAN',NULL,NULL),(3512102004,3512,351210,'WONOKOYO',NULL,NULL),(3512102005,3512,351210,'SELETRENG',NULL,NULL),(3512102006,3512,351210,'LANDANGAN',NULL,NULL),(3512102007,3512,351210,'KAPONGAN',NULL,NULL),(3512102008,3512,351210,'KESAMBIRAMPAK',NULL,NULL),(3512102009,3512,351210,'GEBANGAN',NULL,NULL),(3512102010,3512,351210,'POKAAN',NULL,NULL),(3512112001,3512,351211,'KAYUMAS',NULL,NULL),(3512112002,3512,351211,'BAYEMAN',NULL,NULL),(3512112003,3512,351211,'KETOWAN',NULL,NULL),(3512112004,3512,351211,'KEDUNGDOWO',NULL,NULL),(3512112005,3512,351211,'JATISARI',NULL,NULL),(3512112006,3512,351211,'CURAH TATAL',NULL,NULL),(3512112007,3512,351211,'ARJASA',NULL,NULL),(3512112008,3512,351211,'LAMONGAN',NULL,NULL),(3512122001,3512,351212,'SOPET',NULL,NULL),(3512122002,3512,351212,'CURAH KALAK',NULL,NULL),(3512122003,3512,351212,'PALANGAN',NULL,NULL),(3512122004,3512,351212,'JANGKAR',NULL,NULL),(3512122005,3512,351212,'GADINGAN',NULL,NULL),(3512122006,3512,351212,'KUMBANGSARI',NULL,NULL),(3512122007,3512,351212,'PESANGGRAHAN',NULL,NULL),(3512122008,3512,351212,'AGEL',NULL,NULL),(3512132001,3512,351213,'KEDUNGLO',NULL,NULL),(3512132002,3512,351213,'BANTAL',NULL,NULL),(3512132003,3512,351213,'AWAR-AWAR',NULL,NULL),(3512132004,3512,351213,'PARANTE',NULL,NULL),(3512132005,3512,351213,'TRIGONCO',NULL,NULL),(3512132006,3512,351213,'KERTOSARI',NULL,NULL),(3512132007,3512,351213,'MOJOSARI',NULL,NULL),(3512132008,3512,351213,'ASEMBAGUS',NULL,NULL),(3512132009,3512,351213,'GUDANG',NULL,NULL),(3512132010,3512,351213,'WRINGIN ANOM',NULL,NULL),(3512142001,3512,351214,'WONOREJO',NULL,NULL),(3512142002,3512,351214,'SUMBERANYAR',NULL,NULL),(3512142003,3512,351214,'SUMBEREJO',NULL,NULL),(3512142004,3512,351214,'BANYUPUTIH',NULL,NULL),(3512142005,3512,351214,'SUMBERWARU',NULL,NULL),(3512152001,3512,351215,'TAMANKURSI',NULL,NULL),(3512152002,3512,351215,'SUMBERARGO',NULL,NULL),(3512152003,3512,351215,'TAMANSARI',NULL,NULL),(3512152004,3512,351215,'KALIREJO',NULL,NULL),(3512152005,3512,351215,'BADERAN',NULL,NULL),(3512152006,3512,351215,'ALASTENGAH',NULL,NULL),(3512152007,3512,351215,'TAMAN',NULL,NULL),(3512152008,3512,351215,'TLOGOSARI',NULL,NULL),(3512152009,3512,351215,'PLALANGAN',NULL,NULL),(3512162001,3512,351216,'LUBAWANG',NULL,NULL),(3512162002,3512,351216,'KALISARI',NULL,NULL),(3512162003,3512,351216,'TEPOS',NULL,NULL),(3512162004,3512,351216,'SELABANTENG',NULL,NULL),(3512162005,3512,351216,'BANYUGLUGUR',NULL,NULL),(3512162006,3512,351216,'TELEMPONG',NULL,NULL),(3512162007,3512,351216,'KALIANGET',NULL,NULL),(3512172001,3512,351217,'PATEMON',NULL,NULL),(3512172002,3512,351217,'SUMBERTENGAH',NULL,NULL),(3512172003,3512,351217,'SELOWOGO',NULL,NULL),(3512172004,3512,351217,'MLANDINGAN WETAN',NULL,NULL),(3512172005,3512,351217,'BUNGATAN',NULL,NULL),(3512172006,3512,351217,'BLETOK',NULL,NULL),(3512172007,3512,351217,'PASIR PUTIH',NULL,NULL),(3513012001,3513,351301,'NGADISARI',NULL,NULL),(3513012002,3513,351301,'WONOTORO',NULL,NULL),(3513012003,3513,351301,'JETAK',NULL,NULL),(3513012004,3513,351301,'NGADAS',NULL,NULL),(3513012005,3513,351301,'NGADIREJO',NULL,NULL),(3513012006,3513,351301,'SARIWANI',NULL,NULL),(3513012007,3513,351301,'WONOKERTO',NULL,NULL),(3513012008,3513,351301,'SAPIKEREP',NULL,NULL),(3513012009,3513,351301,'SUKAPURA',NULL,NULL),(3513012010,3513,351301,'PAKEL',NULL,NULL),(3513012011,3513,351301,'KEDASIH',NULL,NULL),(3513012012,3513,351301,'NGEPUNG',NULL,NULL),(3513022001,3513,351302,'LEDOKOMBO',NULL,NULL),(3513022002,3513,351302,'PANDANSARI',NULL,NULL),(3513022003,3513,351302,'SUMBER',NULL,NULL),(3513022004,3513,351302,'WONOKERSO',NULL,NULL),(3513022005,3513,351302,'GEMITO',NULL,NULL),(3513022006,3513,351302,'TUKUL',NULL,NULL),(3513022007,3513,351302,'SUMBERANOM',NULL,NULL),(3513022008,3513,351302,'CEPOKO',NULL,NULL),(3513022009,3513,351302,'REMBA\'AN',NULL,NULL),(3513032001,3513,351303,'WONOASRI',NULL,NULL),(3513032002,3513,351303,'JATISARI',NULL,NULL),(3513032003,3513,351303,'KEDAWUNG',NULL,NULL),(3513032004,3513,351303,'KARANGREJO',NULL,NULL),(3513032005,3513,351303,'RESONGO',NULL,NULL),(3513032006,3513,351303,'MENYONO',NULL,NULL),(3513032007,3513,351303,'WRINGINANOM',NULL,NULL),(3513042001,3513,351304,'GUNUNGTUGEL',NULL,NULL),(3513042002,3513,351304,'KEDUNGREJO',NULL,NULL),(3513042003,3513,351304,'PATOKAN',NULL,NULL),(3513042004,3513,351304,'BANTARAN',NULL,NULL),(3513042005,3513,351304,'LEGUNDI',NULL,NULL),(3513042006,3513,351304,'TEMPURAN',NULL,NULL),(3513042007,3513,351304,'KROPAK',NULL,NULL),(3513042008,3513,351304,'BESUK',NULL,NULL),(3513042009,3513,351304,'KRAMATAGUNG',NULL,NULL),(3513042010,3513,351304,'KARANGANYAR',NULL,NULL),(3513052001,3513,351305,'MALASANKULON',NULL,NULL),(3513052002,3513,351305,'TIGASAN WETAN',NULL,NULL),(3513052003,3513,351305,'TIGASAN KULON',NULL,NULL),(3513052004,3513,351305,'PONDOK WULUH',NULL,NULL),(3513052005,3513,351305,'LECES',NULL,NULL),(3513052006,3513,351305,'SUMBERKEDAWUNG',NULL,NULL),(3513052007,3513,351305,'KERPANGAN',NULL,NULL),(3513052008,3513,351305,'CLARAK',NULL,NULL),(3513052009,3513,351305,'JORONGAN',NULL,NULL),(3513052010,3513,351305,'WARUJINGGO',NULL,NULL),(3513062001,3513,351306,'SENTULAN',NULL,NULL),(3513062002,3513,351306,'GADINGKULON',NULL,NULL),(3513062003,3513,351306,'KLENANGKIDUL',NULL,NULL),(3513062004,3513,351306,'KLENANGLOR',NULL,NULL),(3513062005,3513,351306,'ALASSAPI',NULL,NULL),(3513062006,3513,351306,'PENDIL',NULL,NULL),(3513062007,3513,351306,'TAROKAN',NULL,NULL),(3513062008,3513,351306,'LIPRAK WETAN',NULL,NULL),(3513062009,3513,351306,'LIPRAK KIDUL',NULL,NULL),(3513062010,3513,351306,'LIPRAK KULON',NULL,NULL),(3513062011,3513,351306,'BANYUANYAR TENGAH',NULL,NULL),(3513062012,3513,351306,'BANYUANYAR KIDUL',NULL,NULL),(3513062013,3513,351306,'GUNUNGGENI',NULL,NULL),(3513062014,3513,351306,'BLADO WETAN',NULL,NULL),(3513072001,3513,351307,'ANDUNGBIRU',NULL,NULL),(3513072002,3513,351307,'TLOGOARGO',NULL,NULL),(3513072003,3513,351307,'ANDUNGSARI',NULL,NULL),(3513072004,3513,351307,'TLOGOSARI',NULL,NULL),(3513072005,3513,351307,'RANUGEDANG',NULL,NULL),(3513072006,3513,351307,'TIRIS',NULL,NULL),(3513072007,3513,351307,'SEGARAN',NULL,NULL),(3513072008,3513,351307,'RANUAGUNG',NULL,NULL),(3513072009,3513,351307,'JANGKANG',NULL,NULL),(3513072010,3513,351307,'WEDUSAN',NULL,NULL),(3513072011,3513,351307,'RACEK',NULL,NULL),(3513072012,3513,351307,'PESAWAHAN',NULL,NULL),(3513072013,3513,351307,'PEDAGANGAN',NULL,NULL),(3513072014,3513,351307,'REJING',NULL,NULL),(3513072015,3513,351307,'TEGALWATU',NULL,NULL),(3513072016,3513,351307,'TULUPARARI',NULL,NULL),(3513082001,3513,351308,'SUMBERDUREN',NULL,NULL),(3513082002,3513,351308,'ROTO',NULL,NULL),(3513082003,3513,351308,'KERTOSUKO',NULL,NULL),(3513082004,3513,351308,'TAMBELANG',NULL,NULL),(3513082005,3513,351308,'BETEK',NULL,NULL),(3513082006,3513,351308,'KRUCIL',NULL,NULL),(3513082007,3513,351308,'GUYANGAN',NULL,NULL),(3513082008,3513,351308,'WATUPANJANG',NULL,NULL),(3513082009,3513,351308,'BERMI',NULL,NULL),(3513082010,3513,351308,'KALIANAN',NULL,NULL),(3513082011,3513,351308,'PLAOSAN',NULL,NULL),(3513082012,3513,351308,'PANDANARAS',NULL,NULL),(3513082013,3513,351308,'SENENG',NULL,NULL),(3513082014,3513,351308,'KROBUNGAN',NULL,NULL),(3513092001,3513,351309,'BATUR',NULL,NULL),(3513092002,3513,351309,'BETEK TAMAN',NULL,NULL),(3513092003,3513,351309,'SENTUL',NULL,NULL),(3513092004,3513,351309,'DANDANG',NULL,NULL),(3513092005,3513,351309,'KERTOSONO',NULL,NULL),(3513092006,3513,351309,'PRASI',NULL,NULL),(3513092007,3513,351309,'DUREN',NULL,NULL),(3513092008,3513,351309,'RENTENG',NULL,NULL),(3513092009,3513,351309,'BULUPADAK',NULL,NULL),(3513092010,3513,351309,'KEBEN',NULL,NULL),(3513092011,3513,351309,'GADINGWETAN',NULL,NULL),(3513092012,3513,351309,'WANGKAL',NULL,NULL),(3513092013,3513,351309,'NOGOSAREN',NULL,NULL),(3513092014,3513,351309,'MOJOLEGI',NULL,NULL),(3513092015,3513,351309,'SUMBERSECANG',NULL,NULL),(3513092016,3513,351309,'CONDONG',NULL,NULL),(3513092017,3513,351309,'JURANGJERO',NULL,NULL),(3513092018,3513,351309,'KALIANCAR',NULL,NULL),(3513092019,3513,351309,'RANUWURUNG',NULL,NULL),(3513102001,3513,351310,'RANON',NULL,NULL),(3513102002,3513,351310,'KEDUNGSUMUR',NULL,NULL),(3513102003,3513,351310,'GUNGGUNGAN KIDUL',NULL,NULL),(3513102004,3513,351310,'GUNGGUNGAN LOR',NULL,NULL),(3513102005,3513,351310,'PETEMON KULON',NULL,NULL),(3513102006,3513,351310,'PAKUNIRAN',NULL,NULL),(3513102007,3513,351310,'ALASPANDAN',NULL,NULL),(3513102008,3513,351310,'SUMBERKEMBAR',NULL,NULL),(3513102009,3513,351310,'SOGAAN',NULL,NULL),(3513102010,3513,351310,'GLAGAH',NULL,NULL),(3513102011,3513,351310,'BUCOR KULON',NULL,NULL),(3513102012,3513,351310,'BUCOR WETAN',NULL,NULL),(3513102013,3513,351310,'BIMO',NULL,NULL),(3513102014,3513,351310,'KERTONEGORO',NULL,NULL),(3513102015,3513,351310,'GONDOSULI',NULL,NULL),(3513102016,3513,351310,'KALIDANDAN',NULL,NULL),(3513102017,3513,351310,'BLIMBING',NULL,NULL),(3513112001,3513,351311,'SUMBER CENTENG',NULL,NULL),(3513112002,3513,351311,'SAMBIRAMPAK KIDUL',NULL,NULL),(3513112003,3513,351311,'SIDOMULYO',NULL,NULL),(3513112004,3513,351311,'TAMBAKUKIR',NULL,NULL),(3513112005,3513,351311,'CURAHTEMU',NULL,NULL),(3513112006,3513,351311,'SIDOREJO',NULL,NULL),(3513112007,3513,351311,'SAMBIRAMPAK LOR',NULL,NULL),(3513112008,3513,351311,'KEDUNGREJOSO',NULL,NULL),(3513112009,3513,351311,'TALKANDANG',NULL,NULL),(3513112010,3513,351311,'TRIWUNGAN',NULL,NULL),(3513112011,3513,351311,'SUKOREJO',NULL,NULL),(3513112012,3513,351311,'PASEMBON',NULL,NULL),(3513112013,3513,351311,'KOTAANYAR',NULL,NULL),(3513122001,3513,351312,'JABUNGSISIR',NULL,NULL),(3513122002,3513,351312,'JABUNGCANDI',NULL,NULL),(3513122003,3513,351312,'JABUNG WETAN',NULL,NULL),(3513122004,3513,351312,'KALIKAJAR KULON',NULL,NULL),(3513122005,3513,351312,'KALIKAJAR WETAN',NULL,NULL),(3513122006,3513,351312,'PANDEAN',NULL,NULL),(3513122007,3513,351312,'ALASTENGAH',NULL,NULL),(3513122008,3513,351312,'SIDODADI',NULL,NULL),(3513122009,3513,351312,'RANDUMERAK',NULL,NULL),(3513122010,3513,351312,'RANDUTATAH',NULL,NULL),(3513122011,3513,351312,'KARANGANYAR',NULL,NULL),(3513122012,3513,351312,'PLAMPANG',NULL,NULL),(3513122013,3513,351312,'PETUNJUNGAN',NULL,NULL),(3513122014,3513,351312,'TAMAN',NULL,NULL),(3513122015,3513,351312,'PAITON',NULL,NULL),(3513122016,3513,351312,'SUKODADI',NULL,NULL),(3513122017,3513,351312,'PODOKKELOR',NULL,NULL),(3513122018,3513,351312,'SUMBERANYAR',NULL,NULL),(3513122019,3513,351312,'SUMBEREJO',NULL,NULL),(3513122020,3513,351312,'BHINOR',NULL,NULL),(3513132001,3513,351313,'BAGO',NULL,NULL),(3513132002,3513,351313,'KECIK',NULL,NULL),(3513132003,3513,351313,'ALASNYIUR',NULL,NULL),(3513132004,3513,351313,'SINDETLAMI',NULL,NULL),(3513132005,3513,351313,'JAMBANGAN',NULL,NULL),(3513132006,3513,351313,'KLAMPOKAN',NULL,NULL),(3513132007,3513,351313,'MATEKAN',NULL,NULL),(3513132008,3513,351313,'KRAMPILAN',NULL,NULL),(3513132009,3513,351313,'BESUKAGUNG',NULL,NULL),(3513132010,3513,351313,'BESUKKIDUL',NULL,NULL),(3513132011,3513,351313,'SUMURDALAM',NULL,NULL),(3513132012,3513,351313,'SINDETANYAR',NULL,NULL),(3513132013,3513,351313,'RANDUJALAK',NULL,NULL),(3513132014,3513,351313,'ALASTENGAH',NULL,NULL),(3513132015,3513,351313,'ALASKANDANG',NULL,NULL),(3513132016,3513,351313,'ALASSUMURLOR',NULL,NULL),(3513132017,3513,351313,'SUMBERAN',NULL,NULL),(3513141003,3513,351314,'SEMAMPIR',NULL,NULL),(3513141005,3513,351314,'SIDOMUKTI',NULL,NULL),(3513141007,3513,351314,'KRAKSAAN WETAN',NULL,NULL),(3513141008,3513,351314,'KANDANG JATI KULON',NULL,NULL),(3513141017,3513,351314,'PATOKAN',NULL,NULL),(3513142001,3513,351314,'KREGENAN',NULL,NULL),(3513142002,3513,351314,'RONDOKUNING',NULL,NULL),(3513142004,3513,351314,'BULU',NULL,NULL),(3513142006,3513,351314,'RANGKANG',NULL,NULL),(3513142009,3513,351314,'KANDANG JATI WETAN',NULL,NULL),(3513142010,3513,351314,'ALASSUMUR KULON',NULL,NULL),(3513142011,3513,351314,'SUMBERLELE',NULL,NULL),(3513142012,3513,351314,'TAMANSARI',NULL,NULL),(3513142013,3513,351314,'ASEMBAKOR',NULL,NULL),(3513142014,3513,351314,'KEBONAGUNG',NULL,NULL),(3513142015,3513,351314,'SIDOPEKSO',NULL,NULL),(3513142016,3513,351314,'KALIBUNTU',NULL,NULL),(3513142018,3513,351314,'ASEMBAGUS',NULL,NULL),(3513152001,3513,351315,'TEMENGGUNGAN',NULL,NULL),(3513152002,3513,351315,'PATEMON',NULL,NULL),(3513152003,3513,351315,'JATIURIP',NULL,NULL),(3513152004,3513,351315,'OPO OPO',NULL,NULL),(3513152005,3513,351315,'KAMALKUNING',NULL,NULL),(3513152006,3513,351315,'TANJUNGSARI',NULL,NULL),(3513152007,3513,351315,'KREJENGAN',NULL,NULL),(3513152008,3513,351315,'SENTONG',NULL,NULL),(3513152009,3513,351315,'SUMBERKATIMOHO',NULL,NULL),(3513152010,3513,351315,'KARANGREN',NULL,NULL),(3513152011,3513,351315,'RAWAN',NULL,NULL),(3513152012,3513,351315,'SEBORO',NULL,NULL),(3513152013,3513,351315,'KEDUNGCALUK',NULL,NULL),(3513152014,3513,351315,'WIDORO',NULL,NULL),(3513152015,3513,351315,'GEBANGAN',NULL,NULL),(3513152016,3513,351315,'DUWUHAN',NULL,NULL),(3513152017,3513,351315,'SOKAAN',NULL,NULL),(3513162001,3513,351316,'SELOGUDIG KULON',NULL,NULL),(3513162002,3513,351316,'SELOGUDIG WETAN',NULL,NULL),(3513162003,3513,351316,'KETOMPEN',NULL,NULL),(3513162004,3513,351316,'KARANGBONG',NULL,NULL),(3513162005,3513,351316,'KARANGPRANTI',NULL,NULL),(3513162006,3513,351316,'GEJUGAN',NULL,NULL),(3513162007,3513,351316,'KARANGGEGER',NULL,NULL),(3513162008,3513,351316,'TANJUNG',NULL,NULL),(3513162009,3513,351316,'PEJARAKAN KULON',NULL,NULL),(3513162010,3513,351316,'SUKOKERTO',NULL,NULL),(3513162011,3513,351316,'SUKOMULYO',NULL,NULL),(3513162012,3513,351316,'PENAMBANGAN',NULL,NULL),(3513172001,3513,351317,'BRABE',NULL,NULL),(3513172002,3513,351317,'GERONGAN',NULL,NULL),(3513172003,3513,351317,'MARON KIDUL',NULL,NULL),(3513172004,3513,351317,'SUMBERDAWE',NULL,NULL),(3513172005,3513,351317,'SUMBERPOH',NULL,NULL),(3513172006,3513,351317,'KEDUNGSARI',NULL,NULL),(3513172007,3513,351317,'MARON KULON',NULL,NULL),(3513172008,3513,351317,'MARON WETAN',NULL,NULL),(3513172009,3513,351317,'BRANI KULON',NULL,NULL),(3513172010,3513,351317,'SATREYAN',NULL,NULL),(3513172011,3513,351317,'BRANI WETAN',NULL,NULL),(3513172012,3513,351317,'PUSPAN',NULL,NULL),(3513172013,3513,351317,'WONOREJO',NULL,NULL),(3513172014,3513,351317,'BRUMBUNGAN KIDUL',NULL,NULL),(3513172015,3513,351317,'PEGALANGAN KIDUL',NULL,NULL),(3513172016,3513,351317,'SUKO',NULL,NULL),(3513172017,3513,351317,'GANTING KULON',NULL,NULL),(3513172018,3513,351317,'GANTING WETAN',NULL,NULL),(3513182001,3513,351318,'BRUMBUNGAN LOR',NULL,NULL),(3513182002,3513,351318,'JATIADI',NULL,NULL),(3513182003,3513,351318,'KLASEMAN',NULL,NULL),(3513182004,3513,351318,'PESISIR',NULL,NULL),(3513182005,3513,351318,'BULANG',NULL,NULL),(3513182006,3513,351318,'RANDUPITU',NULL,NULL),(3513182007,3513,351318,'PIKATAN',NULL,NULL),(3513182008,3513,351318,'SEBAUNG',NULL,NULL),(3513182009,3513,351318,'SUMBERKERANG',NULL,NULL),(3513182010,3513,351318,'BANYUANYAR LOR',NULL,NULL),(3513182011,3513,351318,'CURAHSAWO',NULL,NULL),(3513182012,3513,351318,'PAJURANGAN',NULL,NULL),(3513182013,3513,351318,'GENDING',NULL,NULL),(3513192001,3513,351319,'WATUWUNGKUK',NULL,NULL),(3513192002,3513,351319,'SUMBERSUKO',NULL,NULL),(3513192003,3513,351319,'SUMBERAGUNG',NULL,NULL),(3513192004,3513,351319,'NGEPOH',NULL,NULL),(3513192005,3513,351319,'MRANGONLAWANG',NULL,NULL),(3513192006,3513,351319,'SEKARKARE',NULL,NULL),(3513192007,3513,351319,'TAMANSARI',NULL,NULL),(3513192008,3513,351319,'TEGALREJO',NULL,NULL),(3513192009,3513,351319,'KALIREJO',NULL,NULL),(3513192010,3513,351319,'KEDUNGDALEM',NULL,NULL),(3513192011,3513,351319,'KALISALAM',NULL,NULL),(3513192012,3513,351319,'RANDUPUTIH',NULL,NULL),(3513192013,3513,351319,'DRINGU',NULL,NULL),(3513192014,3513,351319,'PABEAN',NULL,NULL),(3513202001,3513,351320,'MALESANWETAN',NULL,NULL),(3513202002,3513,351320,'GUNUNGBEKEL',NULL,NULL),(3513202003,3513,351320,'TEGALSONO',NULL,NULL),(3513202004,3513,351320,'BULUJARANKIDUL',NULL,NULL),(3513202005,3513,351320,'BULUJARANLOR',NULL,NULL),(3513202006,3513,351320,'PARAS',NULL,NULL),(3513202007,3513,351320,'TEGALSIWALAN',NULL,NULL),(3513202008,3513,351320,'BANJARSAWAH',NULL,NULL),(3513202009,3513,351320,'SUMBERBULU',NULL,NULL),(3513202010,3513,351320,'SUMBERKLEDUNG',NULL,NULL),(3513202011,3513,351320,'BLADOKULON',NULL,NULL),(3513202012,3513,351320,'TEGALMOJO',NULL,NULL),(3513212001,3513,351321,'SUMBERBENDO',NULL,NULL),(3513212002,3513,351321,'JANGUR',NULL,NULL),(3513212003,3513,351321,'MUNENG',NULL,NULL),(3513212004,3513,351321,'MUNENGKIDUL',NULL,NULL),(3513212005,3513,351321,'POHSANGITLERES',NULL,NULL),(3513212006,3513,351321,'LAWEYAN',NULL,NULL),(3513212007,3513,351321,'SUMURMATI',NULL,NULL),(3513212008,3513,351321,'MENTOR',NULL,NULL),(3513212009,3513,351321,'AMBULU',NULL,NULL),(3513212010,3513,351321,'BANJARSARI',NULL,NULL),(3513212011,3513,351321,'LEMAHKEMBAR',NULL,NULL),(3513212012,3513,351321,'PESISIR',NULL,NULL),(3513212013,3513,351321,'GILIKETAPANG',NULL,NULL),(3513222001,3513,351322,'SUMBERKARE',NULL,NULL),(3513222002,3513,351322,'PATALAN',NULL,NULL),(3513222003,3513,351322,'JREBENG',NULL,NULL),(3513222004,3513,351322,'WONOREJO',NULL,NULL),(3513222005,3513,351322,'TUNGGAKCERME',NULL,NULL),(3513222006,3513,351322,'POHSANGIT TENGAH',NULL,NULL),(3513222007,3513,351322,'POHSANGIT LOR',NULL,NULL),(3513222008,3513,351322,'POHSANGIT NGISOR',NULL,NULL),(3513222009,3513,351322,'SEPUHGEMBOL',NULL,NULL),(3513222010,3513,351322,'KARENG KIDUL',NULL,NULL),(3513222011,3513,351322,'KEDUNGSUPIT',NULL,NULL),(3513232001,3513,351323,'SUMBERREJO',NULL,NULL),(3513232002,3513,351323,'SUMENDI',NULL,NULL),(3513232003,3513,351323,'BAYEMAN',NULL,NULL),(3513232004,3513,351323,'DUNGUN',NULL,NULL),(3513232005,3513,351323,'CURAHDRINGU',NULL,NULL),(3513232006,3513,351323,'WRINGINANOM',NULL,NULL),(3513232007,3513,351323,'SUMBERKRAMAT',NULL,NULL),(3513232008,3513,351323,'TONGASWETAN',NULL,NULL),(3513232009,3513,351323,'PAMATAN',NULL,NULL),(3513232010,3513,351323,'KLAMPOK',NULL,NULL),(3513232011,3513,351323,'TONGASKULON',NULL,NULL),(3513232012,3513,351323,'CURAHTULIS',NULL,NULL),(3513232013,3513,351323,'TAMBAKREJO',NULL,NULL),(3513232014,3513,351323,'TANJUNGREJO',NULL,NULL),(3513242001,3513,351324,'SAPIH',NULL,NULL),(3513242002,3513,351324,'NEGOROREJO',NULL,NULL),(3513242003,3513,351324,'BRANGGAH',NULL,NULL),(3513242004,3513,351324,'LAMBANGKUNING',NULL,NULL),(3513242005,3513,351324,'WONOGORO',NULL,NULL),(3513242006,3513,351324,'PALANGBESI',NULL,NULL),(3513242007,3513,351324,'BOTO',NULL,NULL),(3513242008,3513,351324,'LUMBANG',NULL,NULL),(3513242009,3513,351324,'TANDONSENTUL',NULL,NULL),(3513242010,3513,351324,'PURUT',NULL,NULL),(3514012001,3514,351401,'GERBO',NULL,NULL),(3514012002,3514,351401,'DAWUHANSENGON',NULL,NULL),(3514012003,3514,351401,'LEBAK REJO',NULL,NULL),(3514012004,3514,351401,'COWEK',NULL,NULL),(3514012005,3514,351401,'PURWODADI',NULL,NULL),(3514012006,3514,351401,'PAREREJO',NULL,NULL),(3514012007,3514,351401,'GAJAHREJO',NULL,NULL),(3514012008,3514,351401,'SENTUL',NULL,NULL),(3514012009,3514,351401,'JATIREJO',NULL,NULL),(3514012010,3514,351401,'TAMBAK SARI',NULL,NULL),(3514012011,3514,351401,'PUCANG SARI',NULL,NULL),(3514012012,3514,351401,'SEMUT',NULL,NULL),(3514012013,3514,351401,'CAPANG',NULL,NULL),(3514022001,3514,351402,'NGADIREJO',NULL,NULL),(3514022002,3514,351402,'BLARANG',NULL,NULL),(3514022003,3514,351402,'KAYU KEBEK',NULL,NULL),(3514022004,3514,351402,'ANDONO SARI',NULL,NULL),(3514022005,3514,351402,'WONOSARI',NULL,NULL),(3514022006,3514,351402,'GENDRO',NULL,NULL),(3514022007,3514,351402,'TLOGOSARI',NULL,NULL),(3514022008,3514,351402,'TUTUR',NULL,NULL),(3514022009,3514,351402,'PUNGGING',NULL,NULL),(3514022010,3514,351402,'KALIPUCANG',NULL,NULL),(3514022011,3514,351402,'SUMBER PITU',NULL,NULL),(3514022012,3514,351402,'NGEMBAL',NULL,NULL),(3514032001,3514,351403,'KEMIRI',NULL,NULL),(3514032002,3514,351403,'JANJANGWULUNG',NULL,NULL),(3514032003,3514,351403,'PALANGSARI',NULL,NULL),(3514032004,3514,351403,'PUSPO',NULL,NULL),(3514032005,3514,351403,'JIMBARAN',NULL,NULL),(3514032006,3514,351403,'PUSUNG MALANG',NULL,NULL),(3514032007,3514,351403,'KEDUWUNG',NULL,NULL),(3514042001,3514,351404,'WONOREJO',NULL,NULL),(3514042002,3514,351404,'BANJARIMBO',NULL,NULL),(3514042003,3514,351404,'WELULANG',NULL,NULL),(3514042004,3514,351404,'WATU LUMBUNG',NULL,NULL),(3514042005,3514,351404,'PANDITAN',NULL,NULL),(3514042006,3514,351404,'BULU KANDANG',NULL,NULL),(3514042007,3514,351404,'LUMBANG',NULL,NULL),(3514042008,3514,351404,'PANCUR',NULL,NULL),(3514042009,3514,351404,'KRONTO',NULL,NULL),(3514042010,3514,351404,'KARANG ASEM',NULL,NULL),(3514042011,3514,351404,'CUKUR GULING',NULL,NULL),(3514042012,3514,351404,'KARANG JATI',NULL,NULL),(3514052001,3514,351405,'NGANTUNGAN',NULL,NULL),(3514052002,3514,351405,'GALIH',NULL,NULL),(3514052003,3514,351405,'PETUNG',NULL,NULL),(3514052004,3514,351405,'KLAKAH',NULL,NULL),(3514052005,3514,351405,'SIBON',NULL,NULL),(3514052006,3514,351405,'MANGGUAN',NULL,NULL),(3514052007,3514,351405,'AMPEL SARI',NULL,NULL),(3514052008,3514,351405,'TEMPURAN',NULL,NULL),(3514052009,3514,351405,'SAPULANTE',NULL,NULL),(3514052010,3514,351405,'POHGEDANG',NULL,NULL),(3514052011,3514,351405,'PASREPAN',NULL,NULL),(3514052012,3514,351405,'REJOSALAM',NULL,NULL),(3514052013,3514,351405,'CENGKRONG',NULL,NULL),(3514052014,3514,351405,'LEMAHBANG',NULL,NULL),(3514052015,3514,351405,'TAMBAK REJO',NULL,NULL),(3514052016,3514,351405,'POHGADING',NULL,NULL),(3514052017,3514,351405,'JOGOREPUH',NULL,NULL),(3514061024,3514,351406,'KEJAYAN',NULL,NULL),(3514062001,3514,351406,'ORO ORO PULEH',NULL,NULL),(3514062002,3514,351406,'KEDUNGPENGARON',NULL,NULL),(3514062003,3514,351406,'BENERWOJO',NULL,NULL),(3514062004,3514,351406,'COBANJOYO',NULL,NULL),(3514062005,3514,351406,'KEPUH',NULL,NULL),(3514062006,3514,351406,'LOROKAN',NULL,NULL),(3514062007,3514,351406,'KLANGRONG',NULL,NULL),(3514062008,3514,351406,'LINGGO',NULL,NULL),(3514062009,3514,351406,'AMBAL AMBIL',NULL,NULL),(3514062010,3514,351406,'KEDEMUNGAN',NULL,NULL),(3514062011,3514,351406,'WRATI',NULL,NULL),(3514062012,3514,351406,'PACAR KELING',NULL,NULL),(3514062013,3514,351406,'LUWUK',NULL,NULL),(3514062014,3514,351406,'SUMBER SUKO',NULL,NULL),(3514062015,3514,351406,'SUMBER BANTENG',NULL,NULL),(3514062016,3514,351406,'KURUNG',NULL,NULL),(3514062017,3514,351406,'TANGGULANGIN',NULL,NULL),(3514062018,3514,351406,'RANDUGONG',NULL,NULL),(3514062019,3514,351406,'WANGKALWETAN',NULL,NULL),(3514062020,3514,351406,'KLINTER',NULL,NULL),(3514062021,3514,351406,'TUNDOSURO/TUNDOSOR O',NULL,NULL),(3514062022,3514,351406,'KETANGIREJO',NULL,NULL),(3514062023,3514,351406,'PATEBON',NULL,NULL),(3514062025,3514,351406,'SLADI',NULL,NULL),(3514072001,3514,351407,'KARANGMENGGAH',NULL,NULL),(3514072002,3514,351407,'KARANGJATIANYAR',NULL,NULL),(3514072003,3514,351407,'PAKIJANGAN',NULL,NULL),(3514072004,3514,351407,'COBANBLIMBING',NULL,NULL),(3514072005,3514,351407,'WONOREJO',NULL,NULL),(3514072006,3514,351407,'WONOSARI',NULL,NULL),(3514072007,3514,351407,'TAMANSARI',NULL,NULL),(3514072008,3514,351407,'JATI GUNTING',NULL,NULL),(3514072009,3514,351407,'REBONO',NULL,NULL),(3514072010,3514,351407,'KARANGSONO',NULL,NULL),(3514072011,3514,351407,'KENDANGDUKUH',NULL,NULL),(3514072012,3514,351407,'KARANGASEM',NULL,NULL),(3514072013,3514,351407,'KLUWUT',NULL,NULL),(3514072014,3514,351407,'SAMBISIRAH',NULL,NULL),(3514072015,3514,351407,'LEBAK SARI',NULL,NULL),(3514081006,3514,351408,'PURWOSARI',NULL,NULL),(3514082001,3514,351408,'SUMBERREJO',NULL,NULL),(3514082002,3514,351408,'SEKARMOJO',NULL,NULL),(3514082003,3514,351408,'TEJOWANGI',NULL,NULL),(3514082004,3514,351408,'KERTOSARI',NULL,NULL),(3514082005,3514,351408,'MARTOPURO',NULL,NULL),(3514082007,3514,351408,'SENGONAGUNG',NULL,NULL),(3514082008,3514,351408,'PAGER',NULL,NULL),(3514082009,3514,351408,'CENDONO',NULL,NULL),(3514082010,3514,351408,'KARANGREJO',NULL,NULL),(3514082011,3514,351408,'SUMBERSUKO',NULL,NULL),(3514082012,3514,351408,'PUCANG SARI',NULL,NULL),(3514082013,3514,351408,'KAYOMAN',NULL,NULL),(3514082014,3514,351408,'SUKODERMO',NULL,NULL),(3514082015,3514,351408,'BAKALAN',NULL,NULL),(3514092001,3514,351409,'GUNTING',NULL,NULL),(3514092002,3514,351409,'PAKUKERTO',NULL,NULL),(3514092003,3514,351409,'GLAGAHSARI',NULL,NULL),(3514092004,3514,351409,'SUKOREJO',NULL,NULL),(3514092005,3514,351409,'KARANGSONO',NULL,NULL),(3514092006,3514,351409,'SEBANDUNG',NULL,NULL),(3514092007,3514,351409,'DUKUHSARI',NULL,NULL),(3514092008,3514,351409,'LECARI',NULL,NULL),(3514092009,3514,351409,'LEMAHBANG',NULL,NULL),(3514092010,3514,351409,'NGADIMULYO',NULL,NULL),(3514092011,3514,351409,'TANJUNGARUM',NULL,NULL),(3514092012,3514,351409,'SUWAYUWO',NULL,NULL),(3514092013,3514,351409,'MOJOTENGAH',NULL,NULL),(3514092014,3514,351409,'KALIREJO',NULL,NULL),(3514092015,3514,351409,'CANDIBINANGUN',NULL,NULL),(3514092016,3514,351409,'KENDURUAN',NULL,NULL),(3514092017,3514,351409,'SUKORAME',NULL,NULL),(3514092018,3514,351409,'CURAHREJO',NULL,NULL),(3514092019,3514,351409,'WONOKERTO',NULL,NULL),(3514101007,3514,351410,'LEDUG',NULL,NULL),(3514101008,3514,351410,'PECALUKAN',NULL,NULL),(3514101009,3514,351410,'PRIGEN',NULL,NULL),(3514102001,3514,351410,'JATIREJO',NULL,NULL),(3514102002,3514,351410,'WATUAGUNG',NULL,NULL),(3514102003,3514,351410,'DAYUREJO',NULL,NULL),(3514102004,3514,351410,'BULUKANDANG',NULL,NULL),(3514102005,3514,351410,'KETANIRENG',NULL,NULL),(3514102006,3514,351410,'SUKOLELO',NULL,NULL),(3514102010,3514,351410,'LUMBANGREJO',NULL,NULL),(3514102011,3514,351410,'SUKORENO',NULL,NULL),(3514102012,3514,351410,'SEKARJOHO',NULL,NULL),(3514102013,3514,351410,'GAMBIRAN',NULL,NULL),(3514102014,3514,351410,'CANDIWATES',NULL,NULL),(3514111006,3514,351411,'KUTOREJO',NULL,NULL),(3514111007,3514,351411,'JOGOSARI',NULL,NULL),(3514111008,3514,351411,'PETUNGASRI',NULL,NULL),(3514111011,3514,351411,'PANDAAN',NULL,NULL),(3514112001,3514,351411,'PLINTAHAN',NULL,NULL),(3514112002,3514,351411,'DURENSEWU',NULL,NULL),(3514112003,3514,351411,'KARANGJATI',NULL,NULL),(3514112004,3514,351411,'WEDORO',NULL,NULL),(3514112005,3514,351411,'TUNGGULWULUNG',NULL,NULL),(3514112009,3514,351411,'SUMBERGEDANG',NULL,NULL),(3514112010,3514,351411,'TAWANGREJO',NULL,NULL),(3514112012,3514,351411,'NOGOSARI',NULL,NULL),(3514112013,3514,351411,'KEBONWARIS',NULL,NULL),(3514112014,3514,351411,'SEBANI',NULL,NULL),(3514112015,3514,351411,'BANJARSARI',NULL,NULL),(3514112016,3514,351411,'BANJARKEJEN',NULL,NULL),(3514112017,3514,351411,'KEMIRISEWU',NULL,NULL),(3514112018,3514,351411,'SUMBERREJO',NULL,NULL),(3514122001,3514,351412,'WONOSUNYO',NULL,NULL),(3514122002,3514,351412,'SUMBERSUKO',NULL,NULL),(3514122003,3514,351412,'WONOSARI',NULL,NULL),(3514122004,3514,351412,'KEPULUNGAN',NULL,NULL),(3514122005,3514,351412,'RANDUPITU',NULL,NULL),(3514122006,3514,351412,'NGERONG',NULL,NULL),(3514122007,3514,351412,'KARANGREJO',NULL,NULL),(3514122008,3514,351412,'BULUSARI',NULL,NULL),(3514122009,3514,351412,'JERUK PURUT',NULL,NULL),(3514122010,3514,351412,'WATUKOSEK',NULL,NULL),(3514122011,3514,351412,'CARAT',NULL,NULL),(3514122012,3514,351412,'KEJAPANAN',NULL,NULL),(3514122013,3514,351412,'WINONG',NULL,NULL),(3514122014,3514,351412,'LEGOK',NULL,NULL),(3514122015,3514,351412,'GEMPOL',NULL,NULL),(3514131013,3514,351413,'GLANGGANG',NULL,NULL),(3514131014,3514,351413,'PAGAK',NULL,NULL),(3514132001,3514,351413,'BAUJENG',NULL,NULL),(3514132002,3514,351413,'NGEMBE',NULL,NULL),(3514132003,3514,351413,'KENEP',NULL,NULL),(3514132004,3514,351413,'SIDOWAYAH',NULL,NULL),(3514132005,3514,351413,'GAJAHREJO',NULL,NULL),(3514132006,3514,351413,'GUNUNG GANGSIR',NULL,NULL),(3514132007,3514,351413,'WONOKOYO',NULL,NULL),(3514132008,3514,351413,'GUNUNGSARI',NULL,NULL),(3514132009,3514,351413,'CANGKRINGMALANG',NULL,NULL),(3514132010,3514,351413,'KEDUNGRINGIN',NULL,NULL),(3514132011,3514,351413,'KEDUNGBOTO',NULL,NULL),(3514132012,3514,351413,'BEJI',NULL,NULL),(3514141001,3514,351414,'KOLURSARI',NULL,NULL),(3514141002,3514,351414,'KIDULDALEM',NULL,NULL),(3514141003,3514,351414,'POGAR',NULL,NULL),(3514141004,3514,351414,'KAUMAN',NULL,NULL),(3514141005,3514,351414,'BENDOMUNGAL',NULL,NULL),(3514141006,3514,351414,'KERSIKAN',NULL,NULL),(3514141007,3514,351414,'GEMPENG',NULL,NULL),(3514141008,3514,351414,'DERMO',NULL,NULL),(3514141009,3514,351414,'LATEK',NULL,NULL),(3514141012,3514,351414,'KALIANYAR',NULL,NULL),(3514141014,3514,351414,'KALIREJO',NULL,NULL),(3514142010,3514,351414,'MASANGAN',NULL,NULL),(3514142011,3514,351414,'RACI',NULL,NULL),(3514142013,3514,351414,'MANARUWI',NULL,NULL),(3514142015,3514,351414,'TAMBAKAN',NULL,NULL),(3514152001,3514,351415,'KALISAT',NULL,NULL),(3514152002,3514,351415,'TAMPUNG',NULL,NULL),(3514152003,3514,351415,'PAJARAN',NULL,NULL),(3514152004,3514,351415,'SIYAR',NULL,NULL),(3514152005,3514,351415,'GENENGWARU',NULL,NULL),(3514152006,3514,351415,'KANIGORO',NULL,NULL),(3514152007,3514,351415,'SUMBERGLAGAH',NULL,NULL),(3514152008,3514,351415,'KRENGIH',NULL,NULL),(3514152009,3514,351415,'REMBANG',NULL,NULL),(3514152010,3514,351415,'ORO-OROBULU',NULL,NULL),(3514152011,3514,351415,'KEDUNG BANTENG',NULL,NULL),(3514152012,3514,351415,'ORO-ORO OMBOWETAN',NULL,NULL),(3514152013,3514,351415,'ORO-ORO OMBOKULON',NULL,NULL),(3514152014,3514,351415,'PEKOREN',NULL,NULL),(3514152015,3514,351415,'PEJANGKUNGAN',NULL,NULL),(3514152016,3514,351415,'PANDEAN',NULL,NULL),(3514152017,3514,351415,'MOJOPARON',NULL,NULL),(3514162001,3514,351416,'PUKUL',NULL,NULL),(3514162002,3514,351416,'GAMBIRKUNING',NULL,NULL),(3514162003,3514,351416,'MULYOREJO',NULL,NULL),(3514162004,3514,351416,'KEBOTOHAN',NULL,NULL),(3514162005,3514,351416,'NGABAR',NULL,NULL),(3514162006,3514,351416,'SLAMBRIT',NULL,NULL),(3514162007,3514,351416,'JERUK',NULL,NULL),(3514162008,3514,351416,'KLAMPISREJO',NULL,NULL),(3514162009,3514,351416,'PLINGGISAN',NULL,NULL),(3514162010,3514,351416,'TAMBAKSARI',NULL,NULL),(3514162011,3514,351416,'DHOMPO',NULL,NULL),(3514162012,3514,351416,'NGEMPIT',NULL,NULL),(3514162013,3514,351416,'SIDOGIRI',NULL,NULL),(3514162014,3514,351416,'KARANGANYAR',NULL,NULL),(3514162015,3514,351416,'SELOTAMBAK',NULL,NULL),(3514162016,3514,351416,'CURAHREJO',NULL,NULL),(3514162017,3514,351416,'REJOSARI',NULL,NULL),(3514162018,3514,351416,'ASEM KANDANG',NULL,NULL),(3514162019,3514,351416,'TAMBAK REJO',NULL,NULL),(3514162020,3514,351416,'KALIREJO',NULL,NULL),(3514162021,3514,351416,'SEMARE',NULL,NULL),(3514162022,3514,351416,'KRATON',NULL,NULL),(3514162023,3514,351416,'PULOKERTO',NULL,NULL),(3514162024,3514,351416,'BENDUNGAN',NULL,NULL),(3514162025,3514,351416,'GERONGAN',NULL,NULL),(3514172001,3514,351417,'SUSUKAN REJO',NULL,NULL),(3514172002,3514,351417,'WARUNGDOWO',NULL,NULL),(3514172003,3514,351417,'PLERET',NULL,NULL),(3514172004,3514,351417,'PARASREJO',NULL,NULL),(3514172005,3514,351417,'LOGOWOK',NULL,NULL),(3514172006,3514,351417,'TIDU',NULL,NULL),(3514172007,3514,351417,'SUNGIWETAN',NULL,NULL),(3514172008,3514,351417,'SUNGIKULON',NULL,NULL),(3514172009,3514,351417,'SUKOREJO',NULL,NULL),(3514181016,3514,351418,'GONDANG WETAN',NULL,NULL),(3514182001,3514,351418,'TEBAS',NULL,NULL),(3514182002,3514,351418,'BRAMBANG',NULL,NULL),(3514182003,3514,351418,'BAYEMAN',NULL,NULL),(3514182004,3514,351418,'KEBON CANDI',NULL,NULL),(3514182005,3514,351418,'TENGGILIS REJO',NULL,NULL),(3514182006,3514,351418,'WONOJATI',NULL,NULL),(3514182007,3514,351418,'WONOSARI',NULL,NULL),(3514182008,3514,351418,'KERSIKAN',NULL,NULL),(3514182009,3514,351418,'KARANGSENTUL',NULL,NULL),(3514182010,3514,351418,'GAYAM',NULL,NULL),(3514182011,3514,351418,'LAJUK',NULL,NULL),(3514182012,3514,351418,'KALIREJO',NULL,NULL),(3514182013,3514,351418,'PATEGUHAN',NULL,NULL),(3514182014,3514,351418,'GROGOL',NULL,NULL),(3514182015,3514,351418,'PEKANGKUNGAN',NULL,NULL),(3514182017,3514,351418,'RANGGEH',NULL,NULL),(3514182018,3514,351418,'SEKAR PUTIH',NULL,NULL),(3514182019,3514,351418,'BAJANGAN',NULL,NULL),(3514182020,3514,351418,'GONDANGREJO',NULL,NULL),(3514192001,3514,351419,'MINGGIR',NULL,NULL),(3514192002,3514,351419,'KARANG TENGAH',NULL,NULL),(3514192003,3514,351419,'KEDUNGREJO',NULL,NULL),(3514192004,3514,351419,'UMBULAN',NULL,NULL),(3514192005,3514,351419,'SIDEPAN',NULL,NULL),(3514192006,3514,351419,'SRUWI',NULL,NULL),(3514192007,3514,351419,'JELADRI',NULL,NULL),(3514192008,3514,351419,'SUMBERREJO',NULL,NULL),(3514192009,3514,351419,'PRODO',NULL,NULL),(3514192010,3514,351419,'LEBAK',NULL,NULL),(3514192011,3514,351419,'MENYARIK',NULL,NULL),(3514192012,3514,351419,'KANDUNG',NULL,NULL),(3514192013,3514,351419,'MENDALAN',NULL,NULL),(3514192014,3514,351419,'PENATAAN',NULL,NULL),(3514192015,3514,351419,'WINONGAN KIDUL',NULL,NULL),(3514192016,3514,351419,'BANDARAN',NULL,NULL),(3514192017,3514,351419,'WINONGAN LOR',NULL,NULL),(3514192018,3514,351419,'GADING',NULL,NULL),(3514201005,3514,351420,'GRATITUNON',NULL,NULL),(3514202001,3514,351420,'KEBONREJO',NULL,NULL),(3514202002,3514,351420,'KARANGLO',NULL,NULL),(3514202003,3514,351420,'REBALAS',NULL,NULL),(3514202004,3514,351420,'PLOSOSARI',NULL,NULL),(3514202006,3514,351420,'KALIPANG',NULL,NULL),(3514202007,3514,351420,'TREWUNG',NULL,NULL),(3514202008,3514,351420,'KAMBINGANREJO',NULL,NULL),(3514202009,3514,351420,'KARANGKLIWON',NULL,NULL),(3514202010,3514,351420,'KEDAWUNGKULON',NULL,NULL),(3514202011,3514,351420,'KEDAWUNGWETAN',NULL,NULL),(3514202012,3514,351420,'SUMBERAGUNG',NULL,NULL),(3514202013,3514,351420,'RANUKLINDUNGAN',NULL,NULL),(3514202014,3514,351420,'SUMBERDAWESARI',NULL,NULL),(3514202015,3514,351420,'CUKURGULING',NULL,NULL),(3514212001,3514,351421,'SANGANOM',NULL,NULL),(3514212002,3514,351421,'SEBALONG',NULL,NULL),(3514212003,3514,351421,'WOTGALIH',NULL,NULL),(3514212004,3514,351421,'WATESTANI',NULL,NULL),(3514212005,3514,351421,'NGULING',NULL,NULL),(3514212006,3514,351421,'SEDARUM',NULL,NULL),(3514212007,3514,351421,'DANDANGGENDIS',NULL,NULL),(3514212008,3514,351421,'SUMBERANYAR',NULL,NULL),(3514212009,3514,351421,'SUDIMULYO',NULL,NULL),(3514212010,3514,351421,'PENUNGGUL',NULL,NULL),(3514212011,3514,351421,'MLATEN',NULL,NULL),(3514212012,3514,351421,'KEDAWANG',NULL,NULL),(3514212013,3514,351421,'RANDUATI',NULL,NULL),(3514212014,3514,351421,'KAPASAN',NULL,NULL),(3514212015,3514,351421,'WATUPRAPAT',NULL,NULL),(3514222001,3514,351422,'ROWOGEMPOL',NULL,NULL),(3514222002,3514,351422,'GEJUGJATI',NULL,NULL),(3514222003,3514,351422,'ALAS TLOGO',NULL,NULL),(3514222004,3514,351422,'BALONGANYAR',NULL,NULL),(3514222005,3514,351422,'BRANANG',NULL,NULL),(3514222006,3514,351422,'TAMPUNG',NULL,NULL),(3514222007,3514,351422,'TAMBAKLEKOK',NULL,NULL),(3514222008,3514,351422,'JATIREJO',NULL,NULL),(3514222009,3514,351422,'PASINAN',NULL,NULL),(3514222010,3514,351422,'WATES',NULL,NULL),(3514222011,3514,351422,'SEMEDUSARI',NULL,NULL),(3514232001,3514,351423,'SADENGREJO',NULL,NULL),(3514232002,3514,351423,'PANDANREJO',NULL,NULL),(3514232003,3514,351423,'KETEGAN',NULL,NULL),(3514232004,3514,351423,'TOYANING',NULL,NULL),(3514232005,3514,351423,'ARJOSARI',NULL,NULL),(3514232006,3514,351423,'KAWISREJO',NULL,NULL),(3514232007,3514,351423,'REJOSO KIDUL',NULL,NULL),(3514232008,3514,351423,'MANIKREJO',NULL,NULL),(3514232009,3514,351423,'KARANGPANDAN',NULL,NULL),(3514232010,3514,351423,'SAMBIREJO',NULL,NULL),(3514232011,3514,351423,'KEDUNGBAKO',NULL,NULL),(3514232012,3514,351423,'REJOSO LOR',NULL,NULL),(3514232013,3514,351423,'PATUGUHAN',NULL,NULL),(3514232014,3514,351423,'KEMANTREN REJO',NULL,NULL),(3514232015,3514,351423,'SEGOROPURO',NULL,NULL),(3514232016,3514,351423,'JARANGAN',NULL,NULL),(3514242001,3514,351424,'MOROREJO',NULL,NULL),(3514242002,3514,351424,'PODOKOYO',NULL,NULL),(3514242003,3514,351424,'NGADIWONO',NULL,NULL),(3514242004,3514,351424,'TOSARI',NULL,NULL),(3514242005,3514,351424,'WONOKITRI',NULL,NULL),(3514242006,3514,351424,'BALEDONO',NULL,NULL),(3514242007,3514,351424,'SEDAENG',NULL,NULL),(3514242008,3514,351424,'KANDANGAN',NULL,NULL),(3515012001,3515,351501,'MIRIPROWO',NULL,NULL),(3515012002,3515,351501,'KEDUNGBOCOK',NULL,NULL),(3515012003,3515,351501,'SINGOGALIH',NULL,NULL),(3515012004,3515,351501,'TARIK',NULL,NULL),(3515012005,3515,351501,'MERGOBENER',NULL,NULL),(3515012006,3515,351501,'MERGOSARI',NULL,NULL),(3515012007,3515,351501,'KENDALSEWU',NULL,NULL),(3515012008,3515,351501,'KLANTINGSARI',NULL,NULL),(3515012009,3515,351501,'KALIMATI',NULL,NULL),(3515012010,3515,351501,'GEMPOLKLUTUK',NULL,NULL),(3515012011,3515,351501,'BANJARWUNGU',NULL,NULL),(3515012012,3515,351501,'BALONGMACEKAN',NULL,NULL),(3515012013,3515,351501,'GAMPINGROWO',NULL,NULL),(3515012014,3515,351501,'SEBANI',NULL,NULL),(3515012015,3515,351501,'KRAMATTEMANGGUNG',NULL,NULL),(3515012016,3515,351501,'MINDUGADING',NULL,NULL),(3515012017,3515,351501,'KEMUNING',NULL,NULL),(3515012018,3515,351501,'JANTI',NULL,NULL),(3515012019,3515,351501,'SEGODOBANCANG',NULL,NULL),(3515012020,3515,351501,'KEDINDING',NULL,NULL),(3515022001,3515,351502,'PRAMBON',NULL,NULL),(3515022002,3515,351502,'KAJARTENGGULI',NULL,NULL),(3515022003,3515,351502,'GEDANGROWO',NULL,NULL),(3515022004,3515,351502,'WIROBITING',NULL,NULL),(3515022005,3515,351502,'SIMPANG',NULL,NULL),(3515022006,3515,351502,'BULANG',NULL,NULL),(3515022007,3515,351502,'GAMPANG',NULL,NULL),(3515022008,3515,351502,'JATIKALANG',NULL,NULL),(3515022009,3515,351502,'JATIALUN-ALUN',NULL,NULL),(3515022010,3515,351502,'PEJANGKUNGAN',NULL,NULL),(3515022011,3515,351502,'KEDUNGSUGO',NULL,NULL),(3515022012,3515,351502,'KEDUNGWONOKERTO',NULL,NULL),(3515022013,3515,351502,'BENDOTRETEK',NULL,NULL),(3515022014,3515,351502,'WONOPLINTAHAN',NULL,NULL),(3515022015,3515,351502,'KEDUNGKEMBAR',NULL,NULL),(3515022016,3515,351502,'JEDONGCANGKRING',NULL,NULL),(3515022017,3515,351502,'CANGKRINGTURI',NULL,NULL),(3515022018,3515,351502,'SIMOGIRANG',NULL,NULL),(3515022019,3515,351502,'TEMU',NULL,NULL),(3515022020,3515,351502,'WATUTULIS',NULL,NULL),(3515032001,3515,351503,'TAMBAKREJO',NULL,NULL),(3515032002,3515,351503,'KEPER',NULL,NULL),(3515032003,3515,351503,'KEDUNGSUMUR',NULL,NULL),(3515032004,3515,351503,'KEDUNGRAWAN',NULL,NULL),(3515032005,3515,351503,'TANJEKWAGIR',NULL,NULL),(3515032006,3515,351503,'MOJORUNTUT',NULL,NULL),(3515032007,3515,351503,'GADING',NULL,NULL),(3515032008,3515,351503,'WANGKAL',NULL,NULL),(3515032009,3515,351503,'JENGGOT',NULL,NULL),(3515032010,3515,351503,'WAUNG',NULL,NULL),(3515032011,3515,351503,'PLOSO',NULL,NULL),(3515032012,3515,351503,'REJENI',NULL,NULL),(3515032013,3515,351503,'KANDANGAN',NULL,NULL),(3515032014,3515,351503,'KREMBUNG',NULL,NULL),(3515032015,3515,351503,'LEMUJUT',NULL,NULL),(3515032016,3515,351503,'CANGKRING',NULL,NULL),(3515032017,3515,351503,'KERET',NULL,NULL),(3515032018,3515,351503,'WONOMLATI',NULL,NULL),(3515032019,3515,351503,'BALONGGARUT',NULL,NULL),(3515041003,3515,351504,'PORONG',NULL,NULL),(3515041004,3515,351504,'JUWETKENONGO',NULL,NULL),(3515041005,3515,351504,'MINDI',NULL,NULL),(3515041006,3515,351504,'GEDANG',NULL,NULL),(3515041013,3515,351504,'JATIREJO',NULL,NULL),(3515041017,3515,351504,'SIRING',NULL,NULL),(3515042001,3515,351504,'KEBONAGUNG',NULL,NULL),(3515042002,3515,351504,'KEDUNGSOLO',NULL,NULL),(3515042007,3515,351504,'KESAMBI',NULL,NULL),(3515042008,3515,351504,'KEBAKALAN',NULL,NULL),(3515042009,3515,351504,'LAJUK',NULL,NULL),(3515042010,3515,351504,'KEDUNGBOTO',NULL,NULL),(3515042011,3515,351504,'CANDIPARI',NULL,NULL),(3515042012,3515,351504,'PAMOTAN',NULL,NULL),(3515042014,3515,351504,'RENOKENONGO',NULL,NULL),(3515042015,3515,351504,'GLAGAHHARUM',NULL,NULL),(3515042016,3515,351504,'PLUMBON',NULL,NULL),(3515042018,3515,351504,'WUNUT',NULL,NULL),(3515042019,3515,351504,'PESAWAHAN',NULL,NULL),(3515052001,3515,351505,'PANGGREH',NULL,NULL),(3515052002,3515,351505,'TROMPOASRI',NULL,NULL),(3515052003,3515,351505,'KEDUNGREJO',NULL,NULL),(3515052004,3515,351505,'SEMAMBUNG',NULL,NULL),(3515052005,3515,351505,'KEDUNGPANDAN',NULL,NULL),(3515052006,3515,351505,'KUPANG',NULL,NULL),(3515052007,3515,351505,'TAMBAKKALISOGO',NULL,NULL),(3515052008,3515,351505,'BALONGTANI',NULL,NULL),(3515052009,3515,351505,'JEMIRAHAN',NULL,NULL),(3515052010,3515,351505,'DUKUHSARI',NULL,NULL),(3515052011,3515,351505,'KEDUNGCANGKRING',NULL,NULL),(3515052012,3515,351505,'PAJARAKAN',NULL,NULL),(3515052013,3515,351505,'BESUKI',NULL,NULL),(3515052014,3515,351505,'KEBOGUYANG',NULL,NULL),(3515052015,3515,351505,'PERMISAN',NULL,NULL),(3515062001,3515,351506,'KALISAMPURNO',NULL,NULL),(3515062002,3515,351506,'KETAPANG',NULL,NULL),(3515062003,3515,351506,'KEDUNGBENDO',NULL,NULL),(3515062004,3515,351506,'KALITENGAH',NULL,NULL),(3515062005,3515,351506,'GEMPOLSARI',NULL,NULL),(3515062006,3515,351506,'SENTUL',NULL,NULL),(3515062007,3515,351506,'PENATARSEWU',NULL,NULL),(3515062008,3515,351506,'BANJARASRI',NULL,NULL),(3515062009,3515,351506,'BANJARPANJI',NULL,NULL),(3515062010,3515,351506,'KEDUNGBANTENG',NULL,NULL),(3515062011,3515,351506,'KALIDAWIR',NULL,NULL),(3515062012,3515,351506,'PUTAT',NULL,NULL),(3515062013,3515,351506,'NGABAN',NULL,NULL),(3515062014,3515,351506,'KLUDAN',NULL,NULL),(3515062015,3515,351506,'BORO',NULL,NULL),(3515062016,3515,351506,'KEDENSARI',NULL,NULL),(3515062017,3515,351506,'KETEGAN',NULL,NULL),(3515062018,3515,351506,'GANGGANGPANJANG',NULL,NULL),(3515062019,3515,351506,'RANDEGAN',NULL,NULL),(3515072001,3515,351507,'KARANGTANJUNG',NULL,NULL),(3515072002,3515,351507,'SUMORAME',NULL,NULL),(3515072003,3515,351507,'NGAMPELSARI',NULL,NULL),(3515072004,3515,351507,'BALONGGABUS',NULL,NULL),(3515072005,3515,351507,'BALONGDOWO',NULL,NULL),(3515072006,3515,351507,'KENDALPECABEAN',NULL,NULL),(3515072007,3515,351507,'KEDUNGPELUK',NULL,NULL),(3515072008,3515,351507,'KALIPECABEAN',NULL,NULL),(3515072009,3515,351507,'KLURAK',NULL,NULL),(3515072010,3515,351507,'KEBONSARI',NULL,NULL),(3515072011,3515,351507,'GELAM',NULL,NULL),(3515072012,3515,351507,'CANDI',NULL,NULL),(3515072013,3515,351507,'SUGIHWARAS',NULL,NULL),(3515072014,3515,351507,'KEDUNGKENDO',NULL,NULL),(3515072015,3515,351507,'DURUNGBANJAR',NULL,NULL),(3515072016,3515,351507,'DURUNGBEDUG',NULL,NULL),(3515072017,3515,351507,'JAMBANGAN',NULL,NULL),(3515072018,3515,351507,'SIDODADI',NULL,NULL),(3515072019,3515,351507,'SEPANDE',NULL,NULL),(3515072020,3515,351507,'SUMOKALI',NULL,NULL),(3515072021,3515,351507,'TENGGULUNAN',NULL,NULL),(3515072022,3515,351507,'BLIGO',NULL,NULL),(3515072023,3515,351507,'WEDOROKLURAK',NULL,NULL),(3515072024,3515,351507,'LARANGAN',NULL,NULL),(3515081004,3515,351508,'SIDOKARE',NULL,NULL),(3515081005,3515,351508,'CELEP',NULL,NULL),(3515081006,3515,351508,'SEKARDANGAN',NULL,NULL),(3515081007,3515,351508,'GEBANG',NULL,NULL),(3515081009,3515,351508,'BULUSIDOKARE',NULL,NULL),(3515081010,3515,351508,'PUCANGANOM',NULL,NULL),(3515081011,3515,351508,'PEKAUMAN',NULL,NULL),(3515081012,3515,351508,'LEMAHPUTRO',NULL,NULL),(3515081013,3515,351508,'SIDOKUMPUL',NULL,NULL),(3515081014,3515,351508,'SIDOKLUMPUK',NULL,NULL),(3515081017,3515,351508,'PUCANG',NULL,NULL),(3515081018,3515,351508,'MAGERSARI',NULL,NULL),(3515081020,3515,351508,'CEMENKALANG',NULL,NULL),(3515081022,3515,351508,'URANGAGUNG',NULL,NULL),(3515082001,3515,351508,'LEBO',NULL,NULL),(3515082002,3515,351508,'SUKO',NULL,NULL),(3515082003,3515,351508,'BANJARBENDO',NULL,NULL),(3515082008,3515,351508,'RANGKAHKIDUL',NULL,NULL),(3515082015,3515,351508,'BLURUKIDUL',NULL,NULL),(3515082016,3515,351508,'KEMIRI',NULL,NULL),(3515082019,3515,351508,'JATI',NULL,NULL),(3515082021,3515,351508,'CEMENGBAKALAN',NULL,NULL),(3515082023,3515,351508,'SARIROGO',NULL,NULL),(3515082024,3515,351508,'SUMPUT',NULL,NULL),(3515092001,3515,351509,'JANTI',NULL,NULL),(3515092002,3515,351509,'KEBARON',NULL,NULL),(3515092003,3515,351509,'KENONGO',NULL,NULL),(3515092004,3515,351509,'GELANG',NULL,NULL),(3515092005,3515,351509,'JIKEN',NULL,NULL),(3515092006,3515,351509,'PANGKEMIRI',NULL,NULL),(3515092007,3515,351509,'KEPATIHAN',NULL,NULL),(3515092008,3515,351509,'TULANGAN',NULL,NULL),(3515092009,3515,351509,'KEPADANGAN',NULL,NULL),(3515092010,3515,351509,'TLASIH',NULL,NULL),(3515092011,3515,351509,'KAJEKSAN',NULL,NULL),(3515092012,3515,351509,'SINGOPADU',NULL,NULL),(3515092013,3515,351509,'KEMANTREN',NULL,NULL),(3515092014,3515,351509,'KEPUNTEN',NULL,NULL),(3515092015,3515,351509,'KEPUHKEMIRI',NULL,NULL),(3515092016,3515,351509,'GRINTING',NULL,NULL),(3515092017,3515,351509,'MODONG',NULL,NULL),(3515092018,3515,351509,'GROGOL',NULL,NULL),(3515092019,3515,351509,'MEDALEM',NULL,NULL),(3515092020,3515,351509,'SUDIMORO',NULL,NULL),(3515092021,3515,351509,'KEDONDONG',NULL,NULL),(3515092022,3515,351509,'GRABAGAN',NULL,NULL),(3515102001,3515,351510,'TANGGUL',NULL,NULL),(3515102002,3515,351510,'SIMOKETAWANG',NULL,NULL),(3515102003,3515,351510,'POPOH',NULL,NULL),(3515102004,3515,351510,'JIMBARANKULON',NULL,NULL),(3515102005,3515,351510,'JIMBARANWETAN',NULL,NULL),(3515102006,3515,351510,'KETIMANG',NULL,NULL),(3515102007,3515,351510,'PILANG',NULL,NULL),(3515102008,3515,351510,'SUMBERREJO',NULL,NULL),(3515102009,3515,351510,'MOJORANGAGUNG',NULL,NULL),(3515102010,3515,351510,'WONOKASIAN',NULL,NULL),(3515102011,3515,351510,'PLOSO',NULL,NULL),(3515102012,3515,351510,'MULYODADI',NULL,NULL),(3515102013,3515,351510,'WONOAYU',NULL,NULL),(3515102014,3515,351510,'SEMAMBUNG',NULL,NULL),(3515102015,3515,351510,'SIMOANGIN-ANGIN',NULL,NULL),(3515102016,3515,351510,'WONOKALANG',NULL,NULL),(3515102017,3515,351510,'PAGERNGUMBUK',NULL,NULL),(3515102018,3515,351510,'PLAOSAN',NULL,NULL),(3515102019,3515,351510,'LAMBANGAN',NULL,NULL),(3515102020,3515,351510,'SAWOCANGKRING',NULL,NULL),(3515102021,3515,351510,'BECIRONGENGOR',NULL,NULL),(3515102022,3515,351510,'KARANGPURI',NULL,NULL),(3515102023,3515,351510,'CANDINEGORO',NULL,NULL),(3515111013,3515,351511,'KEMASAN',NULL,NULL),(3515111015,3515,351511,'TAMBAKKEMERAKAN',NULL,NULL),(3515111016,3515,351511,'KRIAN',NULL,NULL),(3515112001,3515,351511,'TROPODO',NULL,NULL),(3515112002,3515,351511,'SEDENGANMIJEN',NULL,NULL),(3515112003,3515,351511,'KATERUNGAN',NULL,NULL),(3515112004,3515,351511,'JERUKGAMPING',NULL,NULL),(3515112005,3515,351511,'GAMPING',NULL,NULL),(3515112006,3515,351511,'TERIK',NULL,NULL),(3515112007,3515,351511,'JUNWANGI',NULL,NULL),(3515112008,3515,351511,'TERUNGKULON',NULL,NULL),(3515112009,3515,351511,'TERUNGWETAN',NULL,NULL),(3515112010,3515,351511,'JATIKALANG',NULL,NULL),(3515112011,3515,351511,'KEBOHARAN',NULL,NULL),(3515112012,3515,351511,'PONOKAWAN',NULL,NULL),(3515112014,3515,351511,'SIDOMOJO',NULL,NULL),(3515112017,3515,351511,'KRATON',NULL,NULL),(3515112018,3515,351511,'SIDOMULYO',NULL,NULL),(3515112019,3515,351511,'TEMPEL',NULL,NULL),(3515112020,3515,351511,'WATUGOLONG',NULL,NULL),(3515112021,3515,351511,'BARENGKRAJAN',NULL,NULL),(3515112022,3515,351511,'SIDOREJO',NULL,NULL),(3515122001,3515,351512,'WONOKUPANG',NULL,NULL),(3515122002,3515,351512,'SUMOKEMBANGSRI',NULL,NULL),(3515122003,3515,351512,'SINGKALAN',NULL,NULL),(3515122004,3515,351512,'BAKUNGPRINGGODANI',NULL,NULL),(3515122005,3515,351512,'WONOKARANG',NULL,NULL),(3515122006,3515,351512,'SEDURI',NULL,NULL),(3515122007,3515,351512,'BAKALANWRINGINPITU',NULL,NULL),(3515122008,3515,351512,'GAGANGKEPUHSARI',NULL,NULL),(3515122009,3515,351512,'SUWALUH',NULL,NULL),(3515122010,3515,351512,'WATESARI',NULL,NULL),(3515122011,3515,351512,'SEKETI',NULL,NULL),(3515122012,3515,351512,'KEMANGSEN',NULL,NULL),(3515122013,3515,351512,'JABARAN',NULL,NULL),(3515122014,3515,351512,'BALONGBENDO',NULL,NULL),(3515122015,3515,351512,'JERUKLEGI',NULL,NULL),(3515122016,3515,351512,'PENAMBANGAN',NULL,NULL),(3515122017,3515,351512,'WARUBERON',NULL,NULL),(3515122018,3515,351512,'BOGEMPINGGIR',NULL,NULL),(3515122019,3515,351512,'KEDUNGSUKODANI',NULL,NULL),(3515122020,3515,351512,'BAKUNGTEMENGGUNGAN',NULL,NULL),(3515131005,3515,351513,'TAMAN',NULL,NULL),(3515131015,3515,351513,'GELURAN',NULL,NULL),(3515131017,3515,351513,'KALIJATEN',NULL,NULL),(3515131018,3515,351513,'KETEGAN',NULL,NULL),(3515131019,3515,351513,'SEPANJANG',NULL,NULL),(3515131020,3515,351513,'BEBEKAN',NULL,NULL),(3515131021,3515,351513,'WONOCOLO',NULL,NULL),(3515131022,3515,351513,'NGELOM',NULL,NULL),(3515132001,3515,351513,'BOHAR',NULL,NULL),(3515132002,3515,351513,'WAGE',NULL,NULL),(3515132003,3515,351513,'KEDUNGTURI',NULL,NULL),(3515132004,3515,351513,'JEMUNDO',NULL,NULL),(3515132006,3515,351513,'SADANG',NULL,NULL),(3515132007,3515,351513,'SAMBIBULU',NULL,NULL),(3515132008,3515,351513,'BRINGINBENDO',NULL,NULL),(3515132009,3515,351513,'SIDODADI',NULL,NULL),(3515132010,3515,351513,'KRAMATJEGU',NULL,NULL),(3515132011,3515,351513,'TROSOBO',NULL,NULL),(3515132012,3515,351513,'PERTAPANMADURETNO',NULL,NULL),(3515132013,3515,351513,'TAWANGSARI',NULL,NULL),(3515132014,3515,351513,'GILANG',NULL,NULL),(3515132016,3515,351513,'KLETEK',NULL,NULL),(3515132023,3515,351513,'TANJUNGSARI',NULL,NULL),(3515132024,3515,351513,'KREMBANGAN',NULL,NULL),(3515142001,3515,351514,'WILAYUT',NULL,NULL),(3515142002,3515,351514,'KEBONAGUNG',NULL,NULL),(3515142003,3515,351514,'ANGGASWANGI',NULL,NULL),(3515142004,3515,351514,'JUMPUTREJO',NULL,NULL),(3515142005,3515,351514,'SURUH',NULL,NULL),(3515142006,3515,351514,'PEKARUNGAN',NULL,NULL),(3515142007,3515,351514,'PADEMONEGORO',NULL,NULL),(3515142008,3515,351514,'CANGKRINGSARI',NULL,NULL),(3515142009,3515,351514,'JOGOSATRU',NULL,NULL),(3515142010,3515,351514,'NGARESREJO',NULL,NULL),(3515142011,3515,351514,'SAMBUNGREJO',NULL,NULL),(3515142012,3515,351514,'PLUMBUNGAN',NULL,NULL),(3515142013,3515,351514,'SUKODONO',NULL,NULL),(3515142014,3515,351514,'KLOPOSEPULUH',NULL,NULL),(3515142015,3515,351514,'MASANGANWETAN',NULL,NULL),(3515142016,3515,351514,'SUKO',NULL,NULL),(3515142017,3515,351514,'MASANGANKULON',NULL,NULL),(3515142018,3515,351514,'PANJUNAN',NULL,NULL),(3515142019,3515,351514,'BANGSRI',NULL,NULL),(3515152001,3515,351515,'ENTALSEWU',NULL,NULL),(3515152002,3515,351515,'PAGERWOJO',NULL,NULL),(3515152003,3515,351515,'SIDOKERTO',NULL,NULL),(3515152004,3515,351515,'BUDURAN',NULL,NULL),(3515152005,3515,351515,'SIWALANPANJI',NULL,NULL),(3515152006,3515,351515,'SIDOMULYO',NULL,NULL),(3515152007,3515,351515,'PRASUNG',NULL,NULL),(3515152008,3515,351515,'SAWOHAN',NULL,NULL),(3515152009,3515,351515,'DAMARSI',NULL,NULL),(3515152010,3515,351515,'DUKUHTENGAH',NULL,NULL),(3515152011,3515,351515,'BANJARSARI',NULL,NULL),(3515152012,3515,351515,'WADUNGASIH',NULL,NULL),(3515152013,3515,351515,'BANJARKEMANTREN',NULL,NULL),(3515152014,3515,351515,'SUKOREJO',NULL,NULL),(3515152015,3515,351515,'SIDOKEPUNG',NULL,NULL),(3515162001,3515,351516,'GANTING',NULL,NULL),(3515162002,3515,351516,'KARANGBONG',NULL,NULL),(3515162003,3515,351516,'TEBEL',NULL,NULL),(3515162004,3515,351516,'KRAGAN',NULL,NULL),(3515162005,3515,351516,'GEMURUNG',NULL,NULL),(3515162006,3515,351516,'PUNGGUL',NULL,NULL),(3515162007,3515,351516,'WEDI',NULL,NULL),(3515162008,3515,351516,'KETAJEN',NULL,NULL),(3515162009,3515,351516,'GEDANGAN',NULL,NULL),(3515162010,3515,351516,'SRUNI',NULL,NULL),(3515162011,3515,351516,'KEBOANSIKEP',NULL,NULL),(3515162012,3515,351516,'KEBOANANOM',NULL,NULL),(3515162013,3515,351516,'BANGAH',NULL,NULL),(3515162014,3515,351516,'SAWOTRATAP',NULL,NULL),(3515162015,3515,351516,'SEMAMBUNG',NULL,NULL),(3515172001,3515,351517,'KWANGSAN',NULL,NULL),(3515172002,3515,351517,'PEPE',NULL,NULL),(3515172003,3515,351517,'BUNCITAN',NULL,NULL),(3515172004,3515,351517,'KALANGANYAR',NULL,NULL),(3515172005,3515,351517,'TAMBAKCEMANDI',NULL,NULL),(3515172006,3515,351517,'GISIK CEMANDI',NULL,NULL),(3515172007,3515,351517,'CEMANDI',NULL,NULL),(3515172008,3515,351517,'PULUNGAN',NULL,NULL),(3515172009,3515,351517,'BETRO',NULL,NULL),(3515172010,3515,351517,'SEDATIAGUNG',NULL,NULL),(3515172011,3515,351517,'SEDATIGEDE',NULL,NULL),(3515172012,3515,351517,'PABEAN',NULL,NULL),(3515172013,3515,351517,'SEMAMPIR',NULL,NULL),(3515172014,3515,351517,'PRANTI',NULL,NULL),(3515172015,3515,351517,'SEGOROTAMBAK',NULL,NULL),(3515172016,3515,351517,'BANJARKEMUNING',NULL,NULL),(3515182001,3515,351518,'PEPELEGI',NULL,NULL),(3515182002,3515,351518,'WARU',NULL,NULL),(3515182003,3515,351518,'KUREKSARI',NULL,NULL),(3515182004,3515,351518,'NGINGAS',NULL,NULL),(3515182005,3515,351518,'TROPODO',NULL,NULL),(3515182006,3515,351518,'TAMBAKSAWAH',NULL,NULL),(3515182007,3515,351518,'TAMBAKREJO',NULL,NULL),(3515182008,3515,351518,'TAMBAKOSO',NULL,NULL),(3515182009,3515,351518,'TAMBAKSUMUR',NULL,NULL),(3515182010,3515,351518,'WADUNGASRI',NULL,NULL),(3515182011,3515,351518,'KEPUHKIRIMAN',NULL,NULL),(3515182012,3515,351518,'BERBEK',NULL,NULL),(3515182013,3515,351518,'WEDORO',NULL,NULL),(3515182014,3515,351518,'JANTI',NULL,NULL),(3515182015,3515,351518,'KEDUNGREJO',NULL,NULL),(3515182016,3515,351518,'MEDAENG',NULL,NULL),(3515182017,3515,351518,'BUNGURASIH',NULL,NULL),(3516012001,3516,351601,'TAWANGREJO',NULL,NULL),(3516012002,3516,351601,'REJOSARI',NULL,NULL),(3516012003,3516,351601,'JEMBUL',NULL,NULL),(3516012004,3516,351601,'MANTING',NULL,NULL),(3516012005,3516,351601,'SUMBERJATI',NULL,NULL),(3516012006,3516,351601,'LEBAKJABUNG',NULL,NULL),(3516012007,3516,351601,'BLEBERAN',NULL,NULL),(3516012008,3516,351601,'SUMBERAGUNG',NULL,NULL),(3516012009,3516,351601,'BAURENO',NULL,NULL),(3516012010,3516,351601,'JATIREJO',NULL,NULL),(3516012011,3516,351601,'DUKUHNGARJO',NULL,NULL),(3516012012,3516,351601,'GADING',NULL,NULL),(3516012013,3516,351601,'KUMITIR',NULL,NULL),(3516012014,3516,351601,'SUMENGKO',NULL,NULL),(3516012015,3516,351601,'GEBANGSARI',NULL,NULL),(3516012016,3516,351601,'DINOYO',NULL,NULL),(3516012017,3516,351601,'PADANGASRI',NULL,NULL),(3516012018,3516,351601,'MOJOGENENG',NULL,NULL),(3516012019,3516,351601,'KARANGJERUK',NULL,NULL),(3516022001,3516,351602,'GUMENG',NULL,NULL),(3516022002,3516,351602,'BEGAGANLIMO',NULL,NULL),(3516022003,3516,351602,'KALIKATIR',NULL,NULL),(3516022004,3516,351602,'DILEM',NULL,NULL),(3516022005,3516,351602,'NGEMBAT',NULL,NULL),(3516022006,3516,351602,'JATIDUKU',NULL,NULL),(3516022007,3516,351602,'BENING',NULL,NULL),(3516022008,3516,351602,'KARANGKUTEN',NULL,NULL),(3516022009,3516,351602,'TAWAR',NULL,NULL),(3516022010,3516,351602,'POHJEJER',NULL,NULL),(3516022011,3516,351602,'WONOPLOSO',NULL,NULL),(3516022012,3516,351602,'PUGERAN',NULL,NULL),(3516022013,3516,351602,'GONDANG',NULL,NULL),(3516022014,3516,351602,'KEBONTUNGGUL',NULL,NULL),(3516022015,3516,351602,'KEMASANTANI',NULL,NULL),(3516022016,3516,351602,'PADI',NULL,NULL),(3516022017,3516,351602,'BAKALAN',NULL,NULL),(3516022018,3516,351602,'CENTONG',NULL,NULL),(3516032001,3516,351603,'KEMIRI',NULL,NULL),(3516032002,3516,351603,'WIYU',NULL,NULL),(3516032003,3516,351603,'KESIMANTENGAH',NULL,NULL),(3516032004,3516,351603,'SAJEN',NULL,NULL),(3516032005,3516,351603,'PACET',NULL,NULL),(3516032006,3516,351603,'PADUSAN',NULL,NULL),(3516032007,3516,351603,'CEMPOKOLIMO',NULL,NULL),(3516032008,3516,351603,'CLAKET',NULL,NULL),(3516032009,3516,351603,'CEMBOR',NULL,NULL),(3516032010,3516,351603,'NOGOSARI',NULL,NULL),(3516032011,3516,351603,'KEMBANGBELOR',NULL,NULL),(3516032012,3516,351603,'MOJOKEMBANG',NULL,NULL),(3516032013,3516,351603,'BENDUNGANJATI',NULL,NULL),(3516032014,3516,351603,'PETAK',NULL,NULL),(3516032015,3516,351603,'CANDIWATU',NULL,NULL),(3516032016,3516,351603,'WARUGUNUNG',NULL,NULL),(3516032017,3516,351603,'TANJUNGKENONGO',NULL,NULL),(3516032018,3516,351603,'SUMBERKEMBAR',NULL,NULL),(3516032019,3516,351603,'KURIPANSARI',NULL,NULL),(3516032020,3516,351603,'PANDANARUM',NULL,NULL),(3516042001,3516,351604,'KETAPANRAME',NULL,NULL),(3516042002,3516,351604,'TRAWAS',NULL,NULL),(3516042003,3516,351604,'SELOTAPAK',NULL,NULL),(3516042004,3516,351604,'TAMIAJENG',NULL,NULL),(3516042005,3516,351604,'KESIMAN',NULL,NULL),(3516042006,3516,351604,'BELIK',NULL,NULL),(3516042007,3516,351604,'DUYUNG',NULL,NULL),(3516042008,3516,351604,'PENANGGUNGAN',NULL,NULL),(3516042009,3516,351604,'KEDUNGUDI',NULL,NULL),(3516042010,3516,351604,'SUKOSARI',NULL,NULL),(3516042011,3516,351604,'JATIJEJER',NULL,NULL),(3516042012,3516,351604,'SUGENG',NULL,NULL),(3516042013,3516,351604,'SELOLIMAN',NULL,NULL),(3516052001,3516,351605,'SRIGADING',NULL,NULL),(3516052002,3516,351605,'KESEMEN',NULL,NULL),(3516052003,3516,351605,'KUTOGIRANG',NULL,NULL),(3516052004,3516,351605,'LOLAWANG',NULL,NULL),(3516052005,3516,351605,'WOTANMASJEDONG',NULL,NULL),(3516052006,3516,351605,'TANJANGRONO',NULL,NULL),(3516052007,3516,351605,'KUNJOROWESI',NULL,NULL),(3516052008,3516,351605,'MANDURO MANGGUNGGAJAH',NULL,NULL),(3516052009,3516,351605,'WONOSARI',NULL,NULL),(3516052010,3516,351605,'NGORO',NULL,NULL),(3516052011,3516,351605,'SEDATI',NULL,NULL),(3516052012,3516,351605,'PORWOJATI',NULL,NULL),(3516052013,3516,351605,'JASEM',NULL,NULL),(3516052014,3516,351605,'SUKOANYAR',NULL,NULL),(3516052015,3516,351605,'BANDARASRI',NULL,NULL),(3516052016,3516,351605,'KEMBANGSRI',NULL,NULL),(3516052017,3516,351605,'CANDIHARJO',NULL,NULL),(3516052018,3516,351605,'WATESNEGORO',NULL,NULL),(3516052019,3516,351605,'TAMBAKREJO',NULL,NULL),(3516062001,3516,351606,'PURWOREJO',NULL,NULL),(3516062002,3516,351606,'MOJOREJO',NULL,NULL),(3516062003,3516,351606,'CURAHMOJO',NULL,NULL),(3516062004,3516,351606,'SEKARGADUNG',NULL,NULL),(3516062005,3516,351606,'TEMPURAN',NULL,NULL),(3516062006,3516,351606,'JATILANGKUNG',NULL,NULL),(3516062007,3516,351606,'BANJARTANGGUL',NULL,NULL),(3516062008,3516,351606,'KALIPURO',NULL,NULL),(3516062009,3516,351606,'RANDUHARJO',NULL,NULL),(3516062010,3516,351606,'KEMBANGRINGGIT',NULL,NULL),(3516062011,3516,351606,'PUNGGING',NULL,NULL),(3516062012,3516,351606,'LEBAKSONO',NULL,NULL),(3516062013,3516,351606,'TUNGGALPAGER',NULL,NULL),(3516062014,3516,351606,'BALONGMASIN',NULL,NULL),(3516062015,3516,351606,'JABONTEGAL',NULL,NULL),(3516062016,3516,351606,'KEDUNGMUNGAL',NULL,NULL),(3516062017,3516,351606,'WATUKENONGO',NULL,NULL),(3516062018,3516,351606,'NGRAME',NULL,NULL),(3516062019,3516,351606,'BANGUN',NULL,NULL),(3516072001,3516,351607,'PAYUNGREJO',NULL,NULL),(3516072002,3516,351607,'SIMBARINGIN',NULL,NULL),(3516072003,3516,351607,'SAMPANGAGUNG',NULL,NULL),(3516072004,3516,351607,'JIYU',NULL,NULL),(3516072005,3516,351607,'PESANGGRAHAN',NULL,NULL),(3516072006,3516,351607,'WINDUREJO',NULL,NULL),(3516072007,3516,351607,'KERTOSARI',NULL,NULL),(3516072008,3516,351607,'KEPUHARUM',NULL,NULL),(3516072009,3516,351607,'GEDANGAN',NULL,NULL),(3516072010,3516,351607,'KUTOREJO',NULL,NULL),(3516072011,3516,351607,'KARANGDIYENG',NULL,NULL),(3516072012,3516,351607,'SAWO',NULL,NULL),(3516072013,3516,351607,'WONODADI',NULL,NULL),(3516072014,3516,351607,'SINGOWANGI',NULL,NULL),(3516072015,3516,351607,'KEPUHPANDAK',NULL,NULL),(3516072016,3516,351607,'KARANGASEM',NULL,NULL),(3516072017,3516,351607,'KALIGORO',NULL,NULL),(3516081004,3516,351608,'KAUMAN',NULL,NULL),(3516081005,3516,351608,'SARIREJO',NULL,NULL),(3516081006,3516,351608,'SAWAHAN',NULL,NULL),(3516081007,3516,351608,'MOJOSARI',NULL,NULL),(3516081008,3516,351608,'WONOKUSUMO',NULL,NULL),(3516082001,3516,351608,'SUMBERTANGGUL',NULL,NULL),(3516082002,3516,351608,'BELAHANTENGAH',NULL,NULL),(3516082003,3516,351608,'AWANG-AWANG',NULL,NULL),(3516082009,3516,351608,'SEDURI',NULL,NULL),(3516082010,3516,351608,'MOJOSULUR',NULL,NULL),(3516082011,3516,351608,'RANDUBANGO',NULL,NULL),(3516082012,3516,351608,'JOTANGAN',NULL,NULL),(3516082013,3516,351608,'MENANGGAL',NULL,NULL),(3516082014,3516,351608,'PEKUKUHAN',NULL,NULL),(3516082015,3516,351608,'MODOPURO',NULL,NULL),(3516082016,3516,351608,'KEBONDALEM',NULL,NULL),(3516082017,3516,351608,'KEDUNGGEMPOL',NULL,NULL),(3516082018,3516,351608,'NGIMBANGAN',NULL,NULL),(3516082019,3516,351608,'LEMINGGIR',NULL,NULL),(3516092001,3516,351609,'PUNGGUL',NULL,NULL),(3516092002,3516,351609,'KALEN',NULL,NULL),(3516092003,3516,351609,'KEDUNGGEDE',NULL,NULL),(3516092004,3516,351609,'MOJOKARANG',NULL,NULL),(3516092005,3516,351609,'SEGUNUNG',NULL,NULL),(3516092006,3516,351609,'TALOK',NULL,NULL),(3516092007,3516,351609,'SUMBERSONO',NULL,NULL),(3516092008,3516,351609,'SAMBILAWANG',NULL,NULL),(3516092009,3516,351609,'JRAMBE',NULL,NULL),(3516092010,3516,351609,'RANDUGENENGAN',NULL,NULL),(3516092011,3516,351609,'POHKECIK',NULL,NULL),(3516092012,3516,351609,'DLANGGU',NULL,NULL),(3516092013,3516,351609,'NGEMBEH',NULL,NULL),(3516092014,3516,351609,'SUMBERKARANG',NULL,NULL),(3516092015,3516,351609,'KEDUNGLENGKONG',NULL,NULL),(3516092016,3516,351609,'TUMAPEL',NULL,NULL),(3516102001,3516,351610,'PACING',NULL,NULL),(3516102002,3516,351610,'SUMBERWONO',NULL,NULL),(3516102003,3516,351610,'KEDUNGUNENG',NULL,NULL),(3516102004,3516,351610,'KUTOPORONG',NULL,NULL),(3516102005,3516,351610,'NGASTEMI',NULL,NULL),(3516102006,3516,351610,'PETERONGAN',NULL,NULL),(3516102007,3516,351610,'BANGSAL',NULL,NULL),(3516102008,3516,351610,'SUMBERTEBU',NULL,NULL),(3516102009,3516,351610,'SIDOMULYO',NULL,NULL),(3516102010,3516,351610,'GAYAM',NULL,NULL),(3516102011,3516,351610,'TINGGARBUNTUT',NULL,NULL),(3516102012,3516,351610,'PEKUWON',NULL,NULL),(3516102013,3516,351610,'SALEN',NULL,NULL),(3516102014,3516,351610,'MEJOYO',NULL,NULL),(3516102015,3516,351610,'NGROWO',NULL,NULL),(3516102016,3516,351610,'PULONITI',NULL,NULL),(3516102017,3516,351610,'MOJOTAMPING',NULL,NULL),(3516112001,3516,351611,'TAMPUNGREJO',NULL,NULL),(3516112002,3516,351611,'PLOSOSARI',NULL,NULL),(3516112003,3516,351611,'KINTELAN',NULL,NULL),(3516112004,3516,351611,'BRAYUNG',NULL,NULL),(3516112005,3516,351611,'KETEMASDUNGUS',NULL,NULL),(3516112006,3516,351611,'PURI',NULL,NULL),(3516112007,3516,351611,'TANGUNAN',NULL,NULL),(3516112008,3516,351611,'KEBONAGUNG',NULL,NULL),(3516112009,3516,351611,'SUMBERGIRANG',NULL,NULL),(3516112010,3516,351611,'MLATEN',NULL,NULL),(3516112011,3516,351611,'MEDALI',NULL,NULL),(3516112012,3516,351611,'BALONGMOJO',NULL,NULL),(3516112013,3516,351611,'SUMOLAWANG',NULL,NULL),(3516112014,3516,351611,'TAMBAKAGUNG',NULL,NULL),(3516112015,3516,351611,'GAYAMAN',NULL,NULL),(3516112016,3516,351611,'BANJARAGUNG',NULL,NULL),(3516122001,3516,351612,'JAMBUWOK',NULL,NULL),(3516122002,3516,351612,'DOMAS',NULL,NULL),(3516122003,3516,351612,'BELOH',NULL,NULL),(3516122004,3516,351612,'TEMON',NULL,NULL),(3516122005,3516,351612,'PAKIS',NULL,NULL),(3516122006,3516,351612,'SENTONOREJO',NULL,NULL),(3516122007,3516,351612,'TROWULAN',NULL,NULL),(3516122008,3516,351612,'BEJIJONG',NULL,NULL),(3516122009,3516,351612,'KEJAGAN',NULL,NULL),(3516122010,3516,351612,'JATIPASAR',NULL,NULL),(3516122011,3516,351612,'WATESUMPAK',NULL,NULL),(3516122012,3516,351612,'WONOREJO',NULL,NULL),(3516122013,3516,351612,'PANGGIH',NULL,NULL),(3516122014,3516,351612,'TAWANGSARI',NULL,NULL),(3516122015,3516,351612,'BICAK',NULL,NULL),(3516122016,3516,351612,'BALONGWONO',NULL,NULL),(3516132001,3516,351613,'GEMEKAN',NULL,NULL),(3516132002,3516,351613,'BLIMBINGSARI',NULL,NULL),(3516132003,3516,351613,'BRANGKAL',NULL,NULL),(3516132004,3516,351613,'KEDUNGMALING',NULL,NULL),(3516132005,3516,351613,'KLINTEREJO',NULL,NULL),(3516132006,3516,351613,'MODONGAN',NULL,NULL),(3516132007,3516,351613,'SAMBIROTO',NULL,NULL),(3516132008,3516,351613,'JAMPIROGO',NULL,NULL),(3516132009,3516,351613,'JAPAN',NULL,NULL),(3516132010,3516,351613,'SOOKO',NULL,NULL),(3516132011,3516,351613,'WRINGINREJO',NULL,NULL),(3516132012,3516,351613,'KARANGKEDAWANG',NULL,NULL),(3516132013,3516,351613,'MOJORANU',NULL,NULL),(3516132014,3516,351613,'TEMPURAN',NULL,NULL),(3516132015,3516,351613,'NGINGASREMBYONG',NULL,NULL),(3516142001,3516,351614,'NGARESKIDUL',NULL,NULL),(3516142002,3516,351614,'GEMBONGAN',NULL,NULL),(3516142003,3516,351614,'GEMPOLKEREP',NULL,NULL),(3516142004,3516,351614,'BANDUNG',NULL,NULL),(3516142005,3516,351614,'GEDEG',NULL,NULL),(3516142006,3516,351614,'PAGERLUYUNG',NULL,NULL),(3516142007,3516,351614,'KEMANTREN',NULL,NULL),(3516142008,3516,351614,'TERUSAN',NULL,NULL),(3516142009,3516,351614,'SIDOHARJO',NULL,NULL),(3516142010,3516,351614,'BALONGSARI',NULL,NULL),(3516142011,3516,351614,'BATANKRAJAN',NULL,NULL),(3516142012,3516,351614,'PAGERJO',NULL,NULL),(3516142013,3516,351614,'JERUKSEGER',NULL,NULL),(3516142014,3516,351614,'BERATWETAN',NULL,NULL),(3516152001,3516,351615,'WATESPROJO',NULL,NULL),(3516152002,3516,351615,'BETRO',NULL,NULL),(3516152003,3516,351615,'KEDUNGSARI',NULL,NULL),(3516152004,3516,351615,'MOJOJAJAR',NULL,NULL),(3516152005,3516,351615,'BERATKULON',NULL,NULL),(3516152006,3516,351615,'MOJOSARIREJO',NULL,NULL),(3516152007,3516,351615,'MOJOWIRYO',NULL,NULL),(3516152008,3516,351615,'MOJOWATESREJO',NULL,NULL),(3516152009,3516,351615,'MOJOGEBANG',NULL,NULL),(3516152010,3516,351615,'MOJOPILANG',NULL,NULL),(3516152011,3516,351615,'MOJOKUSUMO',NULL,NULL),(3516152012,3516,351615,'JAPANAN',NULL,NULL),(3516152013,3516,351615,'MOJOKUMPUL',NULL,NULL),(3516152014,3516,351615,'TANJUNGAN',NULL,NULL),(3516152015,3516,351615,'MOJOREJO',NULL,NULL),(3516152016,3516,351615,'MOJODADI',NULL,NULL),(3516152017,3516,351615,'KEMLAGI',NULL,NULL),(3516152018,3516,351615,'MOJOWONO',NULL,NULL),(3516152019,3516,351615,'PANDANKRAJAN',NULL,NULL),(3516152020,3516,351615,'MOJODOWO',NULL,NULL),(3516162001,3516,351616,'MLIRIP',NULL,NULL),(3516162002,3516,351616,'PENOMPO',NULL,NULL),(3516162003,3516,351616,'CANGGU',NULL,NULL),(3516162004,3516,351616,'NGABAR',NULL,NULL),(3516162005,3516,351616,'BANJARSARI',NULL,NULL),(3516162006,3516,351616,'SAWO',NULL,NULL),(3516162007,3516,351616,'MOJOREJO',NULL,NULL),(3516162008,3516,351616,'JOLOTUNDO',NULL,NULL),(3516162009,3516,351616,'KUPANG',NULL,NULL),(3516162010,3516,351616,'BENDUNG',NULL,NULL),(3516162011,3516,351616,'MOJOLEBAK',NULL,NULL),(3516162012,3516,351616,'PARENGAN',NULL,NULL),(3516162013,3516,351616,'JETIS',NULL,NULL),(3516162014,3516,351616,'PERNING',NULL,NULL),(3516162015,3516,351616,'SIDOREJO',NULL,NULL),(3516162016,3516,351616,'LAKARDOWO',NULL,NULL),(3516172001,3516,351617,'CENDORO',NULL,NULL),(3516172002,3516,351617,'SIMONGAGROK',NULL,NULL),(3516172003,3516,351617,'SUMBERWULUH',NULL,NULL),(3516172004,3516,351617,'TALUNBLANDONG',NULL,NULL),(3516172005,3516,351617,'CINANDANG',NULL,NULL),(3516172006,3516,351617,'GUNUNGSARI',NULL,NULL),(3516172007,3516,351617,'DAWARBLANDONG',NULL,NULL),(3516172008,3516,351617,'PULOREJO',NULL,NULL),(3516172009,3516,351617,'JATIROWO',NULL,NULL),(3516172010,3516,351617,'SURU',NULL,NULL),(3516172011,3516,351617,'BANGERAN',NULL,NULL),(3516172012,3516,351617,'PUCUK',NULL,NULL),(3516172013,3516,351617,'BANYULEGI',NULL,NULL),(3516172014,3516,351617,'GUNUNGAN',NULL,NULL),(3516172015,3516,351617,'BRAYUBLANDONG',NULL,NULL),(3516172016,3516,351617,'MADURESO',NULL,NULL),(3516172017,3516,351617,'TEMUIRENG',NULL,NULL),(3516172018,3516,351617,'RANDEGAN',NULL,NULL),(3516182001,3516,351618,'SADARTENGAH',NULL,NULL),(3516182002,3516,351618,'LENGKONG',NULL,NULL),(3516182003,3516,351618,'KEPUHANYAR',NULL,NULL),(3516182004,3516,351618,'SUMBERJATI',NULL,NULL),(3516182005,3516,351618,'GEBANGMALANG',NULL,NULL),(3516182006,3516,351618,'JABON',NULL,NULL),(3516182007,3516,351618,'KENANTEN',NULL,NULL),(3516182008,3516,351618,'NGARJO',NULL,NULL),(3516182009,3516,351618,'WUNUT',NULL,NULL),(3516182010,3516,351618,'KWEDENKEMBAR',NULL,NULL),(3516182011,3516,351618,'JUMENENG',NULL,NULL),(3516182012,3516,351618,'KWATU',NULL,NULL),(3517012001,3517,351701,'JANTIGANGGONG',NULL,NULL),(3517012002,3517,351701,'KEPUHKAJANG',NULL,NULL),(3517012003,3517,351701,'SUMBERAGUNG',NULL,NULL),(3517012004,3517,351701,'PAGERWOJO',NULL,NULL),(3517012005,3517,351701,'PERAK',NULL,NULL),(3517012006,3517,351701,'SEMBUNG',NULL,NULL),(3517012007,3517,351701,'GLAGAHAN',NULL,NULL),(3517012008,3517,351701,'KALANGSEMANDING',NULL,NULL),(3517012009,3517,351701,'GADINGMANGU',NULL,NULL),(3517012010,3517,351701,'PLOSOGENUK',NULL,NULL),(3517012011,3517,351701,'SUKOREJO',NULL,NULL),(3517012012,3517,351701,'TEMUWULAN',NULL,NULL),(3517012013,3517,351701,'CANGKRINGRANDU',NULL,NULL),(3517022001,3517,351702,'PUCANGRO',NULL,NULL),(3517022002,3517,351702,'KEDUNGTURI',NULL,NULL),(3517022003,3517,351702,'JAPANAN',NULL,NULL),(3517022004,3517,351702,'BLIMBING',NULL,NULL),(3517022005,3517,351702,'MENTAOS',NULL,NULL),(3517022006,3517,351702,'SUKOIBER',NULL,NULL),(3517022007,3517,351702,'SUKOPINGGIR',NULL,NULL),(3517022008,3517,351702,'BUGASUR KEDALEMAN',NULL,NULL),(3517022009,3517,351702,'GUDO',NULL,NULL),(3517022010,3517,351702,'PESANGGRAHAN',NULL,NULL),(3517022011,3517,351702,'WANGKALKEPUH',NULL,NULL),(3517022012,3517,351702,'KREMBANGAN',NULL,NULL),(3517022013,3517,351702,'SEPANYUL',NULL,NULL),(3517022014,3517,351702,'GODONG',NULL,NULL),(3517022015,3517,351702,'MEJOYOLOSARI',NULL,NULL),(3517022016,3517,351702,'PLUMBON GAMBANG',NULL,NULL),(3517022017,3517,351702,'GEMPOLLEGUNDI',NULL,NULL),(3517022018,3517,351702,'TANGGUNGAN',NULL,NULL),(3517032001,3517,351703,'JOMBOK',NULL,NULL),(3517032002,3517,351703,'GENUKWATU',NULL,NULL),(3517032003,3517,351703,'REJOAGUNG',NULL,NULL),(3517032004,3517,351703,'KAUMAN',NULL,NULL),(3517032005,3517,351703,'NGORO',NULL,NULL),(3517032006,3517,351703,'BADANG',NULL,NULL),(3517032007,3517,351703,'PULOREJO',NULL,NULL),(3517032008,3517,351703,'BANYUARANG',NULL,NULL),(3517032009,3517,351703,'SIDOWAREK',NULL,NULL),(3517032010,3517,351703,'GAJAH',NULL,NULL),(3517032011,3517,351703,'KESAMBEN',NULL,NULL),(3517032012,3517,351703,'KERTOREJO',NULL,NULL),(3517032013,3517,351703,'SUGIHWARAS',NULL,NULL),(3517042001,3517,351704,'KEBONDALEM',NULL,NULL),(3517042002,3517,351704,'MUNDUSEWU',NULL,NULL),(3517042003,3517,351704,'PAKEL',NULL,NULL),(3517042004,3517,351704,'KARANGAN',NULL,NULL),(3517042005,3517,351704,'NGAMPUNGAN',NULL,NULL),(3517042006,3517,351704,'JENISGELARAN',NULL,NULL),(3517042007,3517,351704,'BARENG',NULL,NULL),(3517042008,3517,351704,'TEBEL',NULL,NULL),(3517042009,3517,351704,'MOJOTENGAH',NULL,NULL),(3517042010,3517,351704,'BANJARAGUNG',NULL,NULL),(3517042011,3517,351704,'NGLEBAK',NULL,NULL),(3517042012,3517,351704,'NGRIMBI',NULL,NULL),(3517042013,3517,351704,'PULOSARI',NULL,NULL),(3517052001,3517,351705,'GALENGDOWO',NULL,NULL),(3517052002,3517,351705,'WONOMERTO',NULL,NULL),(3517052003,3517,351705,'JARAK',NULL,NULL),(3517052004,3517,351705,'SAMBIREJO',NULL,NULL),(3517052005,3517,351705,'WONOSALAM',NULL,NULL),(3517052006,3517,351705,'CARANGWULUNG',NULL,NULL),(3517052007,3517,351705,'WONOKERTO',NULL,NULL),(3517052008,3517,351705,'SUMBERJO',NULL,NULL),(3517052009,3517,351705,'PANGLUNGAN',NULL,NULL),(3517062001,3517,351706,'KEDUNGLUMPANG',NULL,NULL),(3517062002,3517,351706,'DUKUHMOJO',NULL,NULL),(3517062003,3517,351706,'KARANGWINONGAN',NULL,NULL),(3517062004,3517,351706,'KADEMANGAN',NULL,NULL),(3517062005,3517,351706,'JANTI',NULL,NULL),(3517062006,3517,351706,'TEJO',NULL,NULL),(3517062007,3517,351706,'GAMBIRAN',NULL,NULL),(3517062008,3517,351706,'KAUMAN',NULL,NULL),(3517062009,3517,351706,'MOJOTRISNO',NULL,NULL),(3517062010,3517,351706,'TANGGALREJO',NULL,NULL),(3517062011,3517,351706,'DUKUHDIMORO',NULL,NULL),(3517062012,3517,351706,'MIAGAN',NULL,NULL),(3517062013,3517,351706,'MANCILAN',NULL,NULL),(3517062014,3517,351706,'BETEK',NULL,NULL),(3517062015,3517,351706,'KAROBELAH',NULL,NULL),(3517062016,3517,351706,'MURUKAN',NULL,NULL),(3517062017,3517,351706,'JOHOWINONG',NULL,NULL),(3517062018,3517,351706,'SEKETI',NULL,NULL),(3517072001,3517,351707,'KEDUNGPARI',NULL,NULL),(3517072002,3517,351707,'KARANGLO',NULL,NULL),(3517072003,3517,351707,'LATSARI',NULL,NULL),(3517072004,3517,351707,'MOJOWARNO',NULL,NULL),(3517072005,3517,351707,'PENGGARON',NULL,NULL),(3517072006,3517,351707,'MOJODUWUR',NULL,NULL),(3517072007,3517,351707,'MOJOWANGI',NULL,NULL),(3517072008,3517,351707,'GONDEK',NULL,NULL),(3517072009,3517,351707,'GEDANGAN',NULL,NULL),(3517072010,3517,351707,'MOJOJEJER',NULL,NULL),(3517072011,3517,351707,'JAPANAN',NULL,NULL),(3517072012,3517,351707,'MENGANTO',NULL,NULL),(3517072013,3517,351707,'GROBOGAN',NULL,NULL),(3517072014,3517,351707,'REJOSLAMET',NULL,NULL),(3517072015,3517,351707,'SELOREJO',NULL,NULL),(3517072016,3517,351707,'SIDOKERTO',NULL,NULL),(3517072017,3517,351707,'SUKOMULYO',NULL,NULL),(3517072018,3517,351707,'CATAKGAYAM',NULL,NULL),(3517072019,3517,351707,'WRINGINPITU',NULL,NULL),(3517082001,3517,351708,'KAYANGAN',NULL,NULL),(3517082002,3517,351708,'PUTON',NULL,NULL),(3517082003,3517,351708,'BENDET',NULL,NULL),(3517082004,3517,351708,'BULUREJO',NULL,NULL),(3517082005,3517,351708,'GROGOL',NULL,NULL),(3517082006,3517,351708,'JATIREJO',NULL,NULL),(3517082007,3517,351708,'CUKIR',NULL,NULL),(3517082008,3517,351708,'KWARON',NULL,NULL),(3517082009,3517,351708,'WATUGALUH',NULL,NULL),(3517082010,3517,351708,'PUNDONG',NULL,NULL),(3517082011,3517,351708,'DIWEK',NULL,NULL),(3517082012,3517,351708,'BANDUNG',NULL,NULL),(3517082013,3517,351708,'KEDAWONG',NULL,NULL),(3517082014,3517,351708,'NGUDIREJO',NULL,NULL),(3517082015,3517,351708,'CEWENG',NULL,NULL),(3517082016,3517,351708,'BALONGBESUK',NULL,NULL),(3517082017,3517,351708,'PANDANWANGI',NULL,NULL),(3517082018,3517,351708,'BRAMBANG',NULL,NULL),(3517082019,3517,351708,'JATIPELEM',NULL,NULL),(3517082020,3517,351708,'KERAS',NULL,NULL),(3517091002,3517,351709,'JOMBATAN',NULL,NULL),(3517091004,3517,351709,'KALIWUNGU',NULL,NULL),(3517091005,3517,351709,'JELAKOMBO',NULL,NULL),(3517091006,3517,351709,'KEPANJEN',NULL,NULL),(3517092001,3517,351709,'MOJONGAPIT',NULL,NULL),(3517092003,3517,351709,'PLANDI',NULL,NULL),(3517092007,3517,351709,'KEPATIHAN',NULL,NULL),(3517092008,3517,351709,'PULOLOR',NULL,NULL),(3517092009,3517,351709,'SENGON',NULL,NULL),(3517092010,3517,351709,'TUNGGORONO',NULL,NULL),(3517092011,3517,351709,'DENANYAR',NULL,NULL),(3517092012,3517,351709,'JOMBANG',NULL,NULL),(3517092013,3517,351709,'CANDIMULYO',NULL,NULL),(3517092014,3517,351709,'TAMBAKREJO',NULL,NULL),(3517092015,3517,351709,'BANJARDOWO',NULL,NULL),(3517092016,3517,351709,'SAMBONGDUKUH',NULL,NULL),(3517092017,3517,351709,'DAPURKEJAMBON',NULL,NULL),(3517092018,3517,351709,'JABON',NULL,NULL),(3517092019,3517,351709,'PLOSOGENENG',NULL,NULL),(3517092020,3517,351709,'SUMBERJO',NULL,NULL),(3517102001,3517,351710,'PETERONGAN',NULL,NULL),(3517102002,3517,351710,'KEPLAKSARI',NULL,NULL),(3517102003,3517,351710,'KEPUHKEMBENG',NULL,NULL),(3517102004,3517,351710,'MANCAR',NULL,NULL),(3517102005,3517,351710,'TUGUSUMBERJO',NULL,NULL),(3517102006,3517,351710,'MOROSUNGGINGAN',NULL,NULL),(3517102007,3517,351710,'KEBONTEMU',NULL,NULL),(3517102008,3517,351710,'DUKUHKLOPO',NULL,NULL),(3517102009,3517,351710,'TANJUNGGUNUNG',NULL,NULL),(3517102010,3517,351710,'BONGKOT',NULL,NULL),(3517102011,3517,351710,'SENDEN',NULL,NULL),(3517102012,3517,351710,'NGRANDULOR',NULL,NULL),(3517102013,3517,351710,'TENGARAN',NULL,NULL),(3517102014,3517,351710,'SUMBERAGUNG',NULL,NULL),(3517112001,3517,351711,'PLOSOKEREP',NULL,NULL),(3517112002,3517,351711,'JOGOLOYO',NULL,NULL),(3517112003,3517,351711,'PALREJO',NULL,NULL),(3517112004,3517,351711,'PLEMAHAN',NULL,NULL),(3517112005,3517,351711,'BRUDU',NULL,NULL),(3517112006,3517,351711,'BADAS',NULL,NULL),(3517112007,3517,351711,'NGLELE',NULL,NULL),(3517112008,3517,351711,'TRAWASAN',NULL,NULL),(3517112009,3517,351711,'SEBANI',NULL,NULL),(3517112010,3517,351711,'MLARAS',NULL,NULL),(3517112011,3517,351711,'SEGODOREJO',NULL,NULL),(3517112012,3517,351711,'KEDUNG PAPAR',NULL,NULL),(3517112013,3517,351711,'SUMOBITO',NULL,NULL),(3517112014,3517,351711,'CURAHMALANG',NULL,NULL),(3517112015,3517,351711,'BUDUGSIDOREJO',NULL,NULL),(3517112016,3517,351711,'KENDALSARI',NULL,NULL),(3517112017,3517,351711,'TALUNKIDUL',NULL,NULL),(3517112018,3517,351711,'MADIOPURO',NULL,NULL),(3517112019,3517,351711,'BAKALAN',NULL,NULL),(3517112020,3517,351711,'GEDANGAN',NULL,NULL),(3517112021,3517,351711,'MENTORO',NULL,NULL),(3517122001,3517,351712,'KEDUNGBETIK',NULL,NULL),(3517122002,3517,351712,'KEDUNGMLATI',NULL,NULL),(3517122003,3517,351712,'WATUDAKON',NULL,NULL),(3517122004,3517,351712,'CARANGREJO',NULL,NULL),(3517122005,3517,351712,'JOMBOK',NULL,NULL),(3517122006,3517,351712,'BLIMBING',NULL,NULL),(3517122007,3517,351712,'WULUH',NULL,NULL),(3517122008,3517,351712,'POJOKREJO',NULL,NULL),(3517122009,3517,351712,'KESAMBEN',NULL,NULL),(3517122010,3517,351712,'PODOROTO',NULL,NULL),(3517122011,3517,351712,'JOMBATAN',NULL,NULL),(3517122012,3517,351712,'POJOKKULON',NULL,NULL),(3517122013,3517,351712,'GUMULAN',NULL,NULL),(3517122014,3517,351712,'JATIDUWUR',NULL,NULL),(3517132001,3517,351713,'MOJOKRAPAK',NULL,NULL),(3517132002,3517,351713,'PESANTREN',NULL,NULL),(3517132003,3517,351713,'TAMPINGMOJO',NULL,NULL),(3517132004,3517,351713,'KALIKEJAMBON',NULL,NULL),(3517132005,3517,351713,'KEDUNGLOSARI',NULL,NULL),(3517132006,3517,351713,'KEDUNGOTOK',NULL,NULL),(3517132007,3517,351713,'TEMBELANG',NULL,NULL),(3517132008,3517,351713,'SENTUL',NULL,NULL),(3517132009,3517,351713,'GABUSBANARAN',NULL,NULL),(3517132010,3517,351713,'PULOREJO',NULL,NULL),(3517132011,3517,351713,'REJOSOPINGGIR',NULL,NULL),(3517132012,3517,351713,'JATIWATES',NULL,NULL),(3517132013,3517,351713,'KEPUHDOKO',NULL,NULL),(3517132014,3517,351713,'PULOGEDANG',NULL,NULL),(3517132015,3517,351713,'BEDAHLAWAK',NULL,NULL),(3517142001,3517,351714,'TANGGUNGKRAMAT',NULL,NULL),(3517142002,3517,351714,'REJOAGUNG',NULL,NULL),(3517142003,3517,351714,'LOSARI',NULL,NULL),(3517142004,3517,351714,'PLOSO',NULL,NULL),(3517142005,3517,351714,'JATIGEDONG',NULL,NULL),(3517142006,3517,351714,'DADITUNGGAL',NULL,NULL),(3517142007,3517,351714,'GEDUNGOMBO',NULL,NULL),(3517142008,3517,351714,'JATIBANJAR',NULL,NULL),(3517142009,3517,351714,'PAGERTANJUNG',NULL,NULL),(3517142010,3517,351714,'PANDANBLOLE',NULL,NULL),(3517142011,3517,351714,'KEDUNGDOWO',NULL,NULL),(3517142012,3517,351714,'KEBONAGUNG',NULL,NULL),(3517142013,3517,351714,'BAWANGAN',NULL,NULL),(3517152001,3517,351715,'KLITIH',NULL,NULL),(3517152002,3517,351715,'PLABUHAN',NULL,NULL),(3517152003,3517,351715,'KAMPUNGBARU',NULL,NULL),(3517152004,3517,351715,'GEBANGBUNDER',NULL,NULL),(3517152005,3517,351715,'JATIMLEREK',NULL,NULL),(3517152006,3517,351715,'KARANGMOJO',NULL,NULL),(3517152007,3517,351715,'PLANDAAN',NULL,NULL),(3517152008,3517,351715,'BANGSRI',NULL,NULL),(3517152009,3517,351715,'PURISEMANDING',NULL,NULL),(3517152010,3517,351715,'TONDOWULAN',NULL,NULL),(3517152011,3517,351715,'DARUREJO',NULL,NULL),(3517152012,3517,351715,'SUMBERJO',NULL,NULL),(3517152013,3517,351715,'JIPORAPAH',NULL,NULL),(3517162001,3517,351716,'MARMOYO',NULL,NULL),(3517162002,3517,351716,'TANJUNGWADUNG',NULL,NULL),(3517162003,3517,351716,'MANGUNAN',NULL,NULL),(3517162004,3517,351716,'KABUH',NULL,NULL),(3517162005,3517,351716,'KEDUNGJATI',NULL,NULL),(3517162006,3517,351716,'BANJARDOWO',NULL,NULL),(3517162007,3517,351716,'KARANGPAKIS',NULL,NULL),(3517162008,3517,351716,'SUMBERINGIN',NULL,NULL),(3517162009,3517,351716,'SUMBERGONDANG',NULL,NULL),(3517162010,3517,351716,'KAUMAN',NULL,NULL),(3517162011,3517,351716,'MUNUNGKEREP',NULL,NULL),(3517162012,3517,351716,'GENENGANJASEM',NULL,NULL),(3517162013,3517,351716,'MANDURO',NULL,NULL),(3517162014,3517,351716,'SUKODADI',NULL,NULL),(3517162015,3517,351716,'PENGAMPON',NULL,NULL),(3517162016,3517,351716,'SUMBERAJI',NULL,NULL),(3517172001,3517,351717,'SIDOKATON',NULL,NULL),(3517172002,3517,351717,'TAPEN',NULL,NULL),(3517172003,3517,351717,'BAKALANRAYUNG',NULL,NULL),(3517172004,3517,351717,'RANDUWATANG',NULL,NULL),(3517172005,3517,351717,'SUMBERTEGUH',NULL,NULL),(3517172006,3517,351717,'MENTURUS',NULL,NULL),(3517172007,3517,351717,'KUDUBANJAR',NULL,NULL),(3517172008,3517,351717,'MADE',NULL,NULL),(3517172009,3517,351717,'KEPUHREJO',NULL,NULL),(3517172010,3517,351717,'BENDUNGAN',NULL,NULL),(3517172011,3517,351717,'KATEMAS',NULL,NULL),(3517182001,3517,351718,'BANDARKEDUNGMULYO',NULL,NULL),(3517182002,3517,351718,'MOJOKAMBANG',NULL,NULL),(3517182003,3517,351718,'BARONGSAWAHAN',NULL,NULL),(3517182004,3517,351718,'KAYEN',NULL,NULL),(3517182005,3517,351718,'GONDANGMANIS',NULL,NULL),(3517182006,3517,351718,'BRODOT',NULL,NULL),(3517182007,3517,351718,'PUCANGSIMO',NULL,NULL),(3517182008,3517,351718,'BANJARSARI',NULL,NULL),(3517182009,3517,351718,'BRANGKAL',NULL,NULL),(3517182010,3517,351718,'KARANGDAGANGAN',NULL,NULL),(3517182011,3517,351718,'TINGGAR',NULL,NULL),(3517192001,3517,351719,'JOGOROTO',NULL,NULL),(3517192002,3517,351719,'JARAKKULON',NULL,NULL),(3517192003,3517,351719,'ALANG-ALANG CARUBAN',NULL,NULL),(3517192004,3517,351719,'SUKOSARI',NULL,NULL),(3517192005,3517,351719,'SAWIJI',NULL,NULL),(3517192006,3517,351719,'MAYANGAN',NULL,NULL),(3517192007,3517,351719,'SUMBERMULYO',NULL,NULL),(3517192008,3517,351719,'NGUMPUL',NULL,NULL),(3517192009,3517,351719,'TAMBAR',NULL,NULL),(3517192010,3517,351719,'JANTI',NULL,NULL),(3517192011,3517,351719,'SAMBIREJO',NULL,NULL),(3517202001,3517,351720,'TURIPINGGIR',NULL,NULL),(3517202002,3517,351720,'GONGSENG',NULL,NULL),(3517202003,3517,351720,'MEGALUH',NULL,NULL),(3517202004,3517,351720,'SUDIMORO',NULL,NULL),(3517202005,3517,351720,'BALONGSARI',NULL,NULL),(3517202006,3517,351720,'SUMBERSARI',NULL,NULL),(3517202007,3517,351720,'NGOGRI',NULL,NULL),(3517202008,3517,351720,'SIDOMULYO',NULL,NULL),(3517202009,3517,351720,'BALONGGEMEK',NULL,NULL),(3517202010,3517,351720,'DUKUHARUM',NULL,NULL),(3517202011,3517,351720,'SUMBERAGUNG',NULL,NULL),(3517202012,3517,351720,'PACARPELUK',NULL,NULL),(3517202013,3517,351720,'KEDUNGREJO',NULL,NULL),(3517212001,3517,351721,'KETAPANGKUNING',NULL,NULL),(3517212002,3517,351721,'KEBOAN',NULL,NULL),(3517212003,3517,351721,'KEDUNGBOGO',NULL,NULL),(3517212004,3517,351721,'NGUSIKAN',NULL,NULL),(3517212005,3517,351721,'SUMBERNONGKO',NULL,NULL),(3517212006,3517,351721,'CUPAK',NULL,NULL),(3517212007,3517,351721,'MANUNGGAL',NULL,NULL),(3517212008,3517,351721,'NGAMPEL',NULL,NULL),(3517212009,3517,351721,'MOJODANU',NULL,NULL),(3517212010,3517,351721,'KROMONG',NULL,NULL),(3517212011,3517,351721,'ASEMGEDE',NULL,NULL),(3518012001,3518,351801,'BENDOLO',NULL,NULL),(3518012002,3518,351801,'SAWAHAN',NULL,NULL),(3518012003,3518,351801,'NGLIMAN',NULL,NULL),(3518012004,3518,351801,'BARENG',NULL,NULL),(3518012005,3518,351801,'SIDOREJO',NULL,NULL),(3518012006,3518,351801,'DUREN',NULL,NULL),(3518012007,3518,351801,'SIWALAN',NULL,NULL),(3518012008,3518,351801,'MARGOPATUT',NULL,NULL),(3518012009,3518,351801,'KEBONAGUNG',NULL,NULL),(3518022001,3518,351802,'KUNCIR',NULL,NULL),(3518022002,3518,351802,'KEPEL',NULL,NULL),(3518022003,3518,351802,'SURU',NULL,NULL),(3518022004,3518,351802,'NGETOS',NULL,NULL),(3518022005,3518,351802,'KLODAN',NULL,NULL),(3518022006,3518,351802,'MOJODUWUR',NULL,NULL),(3518022007,3518,351802,'KWEDEN',NULL,NULL),(3518022008,3518,351802,'BLONGKO',NULL,NULL),(3518022009,3518,351802,'ORO-ORO OMBO',NULL,NULL),(3518032001,3518,351803,'SALAMROJO',NULL,NULL),(3518032002,3518,351803,'CEPOKO',NULL,NULL),(3518032003,3518,351803,'MAGUAN',NULL,NULL),(3518032004,3518,351803,'SEMARE',NULL,NULL),(3518032005,3518,351803,'BERBEK',NULL,NULL),(3518032006,3518,351803,'MLILIR',NULL,NULL),(3518032007,3518,351803,'BENDUNGREJO',NULL,NULL),(3518032008,3518,351803,'SENGKUT',NULL,NULL),(3518032009,3518,351803,'NGRAWAN',NULL,NULL),(3518032010,3518,351803,'SUMBERWINDU',NULL,NULL),(3518032011,3518,351803,'KACANGAN',NULL,NULL),(3518032012,3518,351803,'SENDANGBUMEN',NULL,NULL),(3518032013,3518,351803,'PATRANREJO',NULL,NULL),(3518032014,3518,351803,'SUMBERURIP',NULL,NULL),(3518032015,3518,351803,'BULU',NULL,NULL),(3518032016,3518,351803,'GROJOGAN',NULL,NULL),(3518032017,3518,351803,'TIRIPAN',NULL,NULL),(3518032018,3518,351803,'BALONGREJO',NULL,NULL),(3518032019,3518,351803,'SONOPATIK',NULL,NULL),(3518042001,3518,351804,'TANJUNGREJO',NULL,NULL),(3518042002,3518,351804,'SOMBRON',NULL,NULL),(3518042003,3518,351804,'GENJENG',NULL,NULL),(3518042004,3518,351804,'KARANGSONO',NULL,NULL),(3518042005,3518,351804,'NGEPEH',NULL,NULL),(3518042006,3518,351804,'GODEAN',NULL,NULL),(3518042007,3518,351804,'PATIHAN',NULL,NULL),(3518042008,3518,351804,'MUNGKUNG',NULL,NULL),(3518042009,3518,351804,'SEKARAN',NULL,NULL),(3518042010,3518,351804,'LOCERET',NULL,NULL),(3518042011,3518,351804,'JATIREJO',NULL,NULL),(3518042012,3518,351804,'TEMPEL WETAN',NULL,NULL),(3518042013,3518,351804,'TEKENGLAGAHAN',NULL,NULL),(3518042014,3518,351804,'GEJAGAN',NULL,NULL),(3518042015,3518,351804,'CANDIREJO',NULL,NULL),(3518042016,3518,351804,'SUKOREJO',NULL,NULL),(3518042017,3518,351804,'KWAGEAN',NULL,NULL),(3518042018,3518,351804,'KENEP',NULL,NULL),(3518042019,3518,351804,'PUTUKREJO',NULL,NULL),(3518042020,3518,351804,'NGLABAN',NULL,NULL),(3518042021,3518,351804,'MACANAN',NULL,NULL),(3518042022,3518,351804,'BAJULAN',NULL,NULL),(3518052001,3518,351805,'JAMPES',NULL,NULL),(3518052002,3518,351805,'MLANDANGAN',NULL,NULL),(3518052003,3518,351805,'GONDANG',NULL,NULL),(3518052004,3518,351805,'JATIGREGES',NULL,NULL),(3518052005,3518,351805,'JOHO',NULL,NULL),(3518052006,3518,351805,'SANAN',NULL,NULL),(3518052007,3518,351805,'PACEKULON',NULL,NULL),(3518052008,3518,351805,'CERME',NULL,NULL),(3518052009,3518,351805,'BABADAN',NULL,NULL),(3518052010,3518,351805,'BATEMBAT',NULL,NULL),(3518052011,3518,351805,'BANARAN',NULL,NULL),(3518052012,3518,351805,'BODOR',NULL,NULL),(3518052013,3518,351805,'PACE WETAN',NULL,NULL),(3518052014,3518,351805,'JETIS',NULL,NULL),(3518052015,3518,351805,'GEMENGGENG',NULL,NULL),(3518052016,3518,351805,'KECUBUNG',NULL,NULL),(3518052017,3518,351805,'PLOSOHARJO',NULL,NULL),(3518052018,3518,351805,'KEPANJEN',NULL,NULL),(3518062001,3518,351806,'GONDANGLEGI',NULL,NULL),(3518062002,3518,351806,'SINGKALANYAR',NULL,NULL),(3518062003,3518,351806,'MOJOAGUNG',NULL,NULL),(3518062004,3518,351806,'BANDUNG',NULL,NULL),(3518062005,3518,351806,'NGLAWAK',NULL,NULL),(3518062006,3518,351806,'BALETURI',NULL,NULL),(3518062007,3518,351806,'TEGARON',NULL,NULL),(3518062008,3518,351806,'TANJUNGTANI',NULL,NULL),(3518062009,3518,351806,'SANGGRAHAN',NULL,NULL),(3518062010,3518,351806,'ROWOHARJO',NULL,NULL),(3518062011,3518,351806,'SUGIHWARAS',NULL,NULL),(3518062012,3518,351806,'WATUDANDANG',NULL,NULL),(3518062013,3518,351806,'SONO AGENG',NULL,NULL),(3518062014,3518,351806,'KURUNGREJO',NULL,NULL),(3518072001,3518,351807,'CENGKOK',NULL,NULL),(3518072002,3518,351807,'TANJUNGKALANG',NULL,NULL),(3518072003,3518,351807,'JUWET',NULL,NULL),(3518072004,3518,351807,'KELUTAN',NULL,NULL),(3518072005,3518,351807,'NGRONGGOT',NULL,NULL),(3518072006,3518,351807,'MOJOKENDIL',NULL,NULL),(3518072007,3518,351807,'BETET',NULL,NULL),(3518072008,3518,351807,'KALORAN',NULL,NULL),(3518072009,3518,351807,'BANJARSARI',NULL,NULL),(3518072010,3518,351807,'DADAPAN',NULL,NULL),(3518072011,3518,351807,'TRAYANG',NULL,NULL),(3518072012,3518,351807,'KALIANYAR',NULL,NULL),(3518072013,3518,351807,'KLURAHAN',NULL,NULL),(3518081011,3518,351808,'BANARAN',NULL,NULL),(3518082001,3518,351808,'DRENGES',NULL,NULL),(3518082002,3518,351808,'YUWONO',NULL,NULL),(3518082003,3518,351808,'BANGSRI',NULL,NULL),(3518082004,3518,351808,'KALIANYAR',NULL,NULL),(3518082005,3518,351808,'TANJUNG',NULL,NULL),(3518082006,3518,351808,'NGLAWAK',NULL,NULL),(3518082007,3518,351808,'KEPUH',NULL,NULL),(3518082008,3518,351808,'TEMBARAK',NULL,NULL),(3518082009,3518,351808,'PELEM',NULL,NULL),(3518082010,3518,351808,'KUTOREJO',NULL,NULL),(3518082012,3518,351808,'LAMBANGKUNING',NULL,NULL),(3518082013,3518,351808,'PANDANTOYO',NULL,NULL),(3518082014,3518,351808,'KUDU',NULL,NULL),(3518092001,3518,351809,'BUKUR',NULL,NULL),(3518092002,3518,351809,'BABADAN',NULL,NULL),(3518092003,3518,351809,'NGEPUNG',NULL,NULL),(3518092004,3518,351809,'PISANG',NULL,NULL),(3518092005,3518,351809,'LESTARI',NULL,NULL),(3518092006,3518,351809,'PECUK',NULL,NULL),(3518092007,3518,351809,'PATIANROWO',NULL,NULL),(3518092008,3518,351809,'PAKUNCEN',NULL,NULL),(3518092009,3518,351809,'ROWOMARTO',NULL,NULL),(3518092010,3518,351809,'NGROMBOT',NULL,NULL),(3518092011,3518,351809,'TIRTOBINANGUN',NULL,NULL),(3518102001,3518,351810,'SAMBIROTO',NULL,NULL),(3518102002,3518,351810,'GEBANGKEREP',NULL,NULL),(3518102003,3518,351810,'BARON',NULL,NULL),(3518102004,3518,351810,'WAUNG',NULL,NULL),(3518102005,3518,351810,'KEMLOKOLEGI',NULL,NULL),(3518102006,3518,351810,'KEMADUH',NULL,NULL),(3518102007,3518,351810,'GARU',NULL,NULL),(3518102008,3518,351810,'JEKEK',NULL,NULL),(3518102009,3518,351810,'KATERBAN',NULL,NULL),(3518102010,3518,351810,'MABUNG',NULL,NULL),(3518102011,3518,351810,'JAMBI',NULL,NULL),(3518111011,3518,351811,'TANJUNGANOM',NULL,NULL),(3518111013,3518,351811,'WARUJAYENG',NULL,NULL),(3518112001,3518,351811,'KEDUNGOMBO',NULL,NULL),(3518112002,3518,351811,'SUMBERKEPUH',NULL,NULL),(3518112003,3518,351811,'WATES',NULL,NULL),(3518112004,3518,351811,'MALANGSARI',NULL,NULL),(3518112005,3518,351811,'GETAS',NULL,NULL),(3518112006,3518,351811,'SONOBEKEL',NULL,NULL),(3518112007,3518,351811,'NGADIREJO',NULL,NULL),(3518112008,3518,351811,'BANJARANYAR',NULL,NULL),(3518112009,3518,351811,'SIDOHARJO',NULL,NULL),(3518112010,3518,351811,'KAMPUNGBARU',NULL,NULL),(3518112012,3518,351811,'JOGOMERTO',NULL,NULL),(3518112014,3518,351811,'KEDUNGREJO',NULL,NULL),(3518112015,3518,351811,'SAMBIREJO',NULL,NULL),(3518112016,3518,351811,'DEMANGAN',NULL,NULL),(3518121002,3518,351812,'KAPAS',NULL,NULL),(3518121007,3518,351812,'SOKOMORO',NULL,NULL),(3518122001,3518,351812,'SUMENGKO',NULL,NULL),(3518122003,3518,351812,'BLITARAN',NULL,NULL),(3518122004,3518,351812,'KEDUNGSOKO',NULL,NULL),(3518122005,3518,351812,'NGLUDO',NULL,NULL),(3518122006,3518,351812,'BUNGUR',NULL,NULL),(3518122008,3518,351812,'PEHSERUT',NULL,NULL),(3518122009,3518,351812,'NGRAMI',NULL,NULL),(3518122010,3518,351812,'BAGOR WETAN',NULL,NULL),(3518122011,3518,351812,'PUTREN',NULL,NULL),(3518122012,3518,351812,'NGRENGKET',NULL,NULL),(3518131001,3518,351813,'JATIREJO',NULL,NULL),(3518131002,3518,351813,'PLOSO',NULL,NULL),(3518131003,3518,351813,'PAYAMAN',NULL,NULL),(3518131004,3518,351813,'KRAMAT',NULL,NULL),(3518131005,3518,351813,'GANUNG KIDUL',NULL,NULL),(3518131006,3518,351813,'WERUNGOTOK',NULL,NULL),(3518131007,3518,351813,'MANGUNDIKARAN',NULL,NULL),(3518131008,3518,351813,'KAUMAN',NULL,NULL),(3518131009,3518,351813,'KARTOHARJO',NULL,NULL),(3518131010,3518,351813,'CANGKRIMAN',NULL,NULL),(3518131011,3518,351813,'BOGO',NULL,NULL),(3518131012,3518,351813,'RINGINANOM',NULL,NULL),(3518131013,3518,351813,'BEGADUNG',NULL,NULL),(3518132014,3518,351813,'KEDUNGDOWO',NULL,NULL),(3518132015,3518,351813,'BALONGPACUL',NULL,NULL),(3518141014,3518,351814,'GUYANGAN',NULL,NULL),(3518141015,3518,351814,'KEDONDONG',NULL,NULL),(3518142001,3518,351814,'BALONGREJO',NULL,NULL),(3518142002,3518,351814,'GIRIREJO',NULL,NULL),(3518142003,3518,351814,'PESUDUKUH',NULL,NULL),(3518142004,3518,351814,'SEKARPUTIH',NULL,NULL),(3518142005,3518,351814,'BUDURAN',NULL,NULL),(3518142006,3518,351814,'NGUMPUL',NULL,NULL),(3518142007,3518,351814,'BAGOR KULON',NULL,NULL),(3518142008,3518,351814,'PETAK',NULL,NULL),(3518142009,3518,351814,'PARON',NULL,NULL),(3518142010,3518,351814,'KARANG TENGAH',NULL,NULL),(3518142011,3518,351814,'SELOREJO',NULL,NULL),(3518142012,3518,351814,'GANDU',NULL,NULL),(3518142013,3518,351814,'KEREPKIDUL',NULL,NULL),(3518142016,3518,351814,'KUTOREJO',NULL,NULL),(3518142017,3518,351814,'SUGIHWARAS',NULL,NULL),(3518142018,3518,351814,'GEMENGGENG',NULL,NULL),(3518142019,3518,351814,'KENDALREJO',NULL,NULL),(3518142020,3518,351814,'BANARAN KULON',NULL,NULL),(3518142021,3518,351814,'BANARAN WETAN',NULL,NULL),(3518152001,3518,351815,'SUDIMOROHARJO',NULL,NULL),(3518152002,3518,351815,'WILANGAN',NULL,NULL),(3518152003,3518,351815,'NGADIPIRO',NULL,NULL),(3518152004,3518,351815,'MANCON',NULL,NULL),(3518152005,3518,351815,'NGUDIKAN',NULL,NULL),(3518152006,3518,351815,'SOKOHARJO',NULL,NULL),(3518162001,3518,351816,'GEMPOL',NULL,NULL),(3518162002,3518,351816,'MUNGKUNG',NULL,NULL),(3518162003,3518,351816,'SETREN',NULL,NULL),(3518162004,3518,351816,'SUKOREJO',NULL,NULL),(3518162005,3518,351816,'SIDOKARE',NULL,NULL),(3518162006,3518,351816,'MOJOREMBUN',NULL,NULL),(3518162007,3518,351816,'NGADIBOYO',NULL,NULL),(3518162008,3518,351816,'REJOSO',NULL,NULL),(3518162009,3518,351816,'KLAGEN',NULL,NULL),(3518162010,3518,351816,'JATIREJO',NULL,NULL),(3518162011,3518,351816,'MLORAH',NULL,NULL),(3518162012,3518,351816,'PUHKEREP',NULL,NULL),(3518162013,3518,351816,'TALUN',NULL,NULL),(3518162014,3518,351816,'NGANGKATAN',NULL,NULL),(3518162015,3518,351816,'TALANG',NULL,NULL),(3518162016,3518,351816,'BANJAREJO',NULL,NULL),(3518162017,3518,351816,'SAMBIKEREP',NULL,NULL),(3518162018,3518,351816,'MUSIR LOR',NULL,NULL),(3518162019,3518,351816,'MUSIR KIDUL',NULL,NULL),(3518162020,3518,351816,'WENGKAL',NULL,NULL),(3518162021,3518,351816,'JINTEL',NULL,NULL),(3518162022,3518,351816,'KEDUNGPADANG',NULL,NULL),(3518162023,3518,351816,'TRITIK',NULL,NULL),(3518162024,3518,351816,'BENDOASRI',NULL,NULL),(3518172001,3518,351817,'SUMBERJO',NULL,NULL),(3518172002,3518,351817,'NGLINGGO',NULL,NULL),(3518172003,3518,351817,'MOJOSETO',NULL,NULL),(3518172004,3518,351817,'KARANGSEMI',NULL,NULL),(3518172005,3518,351817,'SENJAYAN',NULL,NULL),(3518172006,3518,351817,'KEDUNGGLUGU',NULL,NULL),(3518172007,3518,351817,'JAAN',NULL,NULL),(3518172008,3518,351817,'SUMBERAGUNG',NULL,NULL),(3518172009,3518,351817,'KETAWANG',NULL,NULL),(3518172010,3518,351817,'NGUNJUNG',NULL,NULL),(3518172011,3518,351817,'SANGGRAHAN',NULL,NULL),(3518172012,3518,351817,'BALONGGEBANG',NULL,NULL),(3518172013,3518,351817,'PANDEAN',NULL,NULL),(3518172014,3518,351817,'CAMPUR',NULL,NULL),(3518172015,3518,351817,'GONDANGKULON',NULL,NULL),(3518172016,3518,351817,'SENGGOWAR',NULL,NULL),(3518172017,3518,351817,'LOSARI',NULL,NULL),(3518182001,3518,351818,'SUGIHWARAS',NULL,NULL),(3518182002,3518,351818,'NGLUYU',NULL,NULL),(3518182003,3518,351818,'TEMPURAN',NULL,NULL),(3518182004,3518,351818,'LENGKONG LOR',NULL,NULL),(3518182005,3518,351818,'GAMPENG',NULL,NULL),(3518182006,3518,351818,'BAJANG',NULL,NULL),(3518192001,3518,351819,'BANJARDOWO',NULL,NULL),(3518192002,3518,351819,'LENGKONG',NULL,NULL),(3518192003,3518,351819,'JEGREG',NULL,NULL),(3518192004,3518,351819,'KEDUNGMLATEN',NULL,NULL),(3518192005,3518,351819,'PRAYUNGAN',NULL,NULL),(3518192006,3518,351819,'SUMBERSONO',NULL,NULL),(3518192007,3518,351819,'BALONGASEM',NULL,NULL),(3518192008,3518,351819,'SAWAHAN',NULL,NULL),(3518192009,3518,351819,'NGRINGIN',NULL,NULL),(3518192010,3518,351819,'JATIPUNGGUR',NULL,NULL),(3518192011,3518,351819,'KETANDAN',NULL,NULL),(3518192012,3518,351819,'SUMBERKEPUH',NULL,NULL),(3518192013,3518,351819,'NGEPUNG',NULL,NULL),(3518192014,3518,351819,'PINGGIR',NULL,NULL),(3518192015,3518,351819,'BANGLE',NULL,NULL),(3518192016,3518,351819,'SUMBERMIRI',NULL,NULL),(3518202001,3518,351820,'PERNING',NULL,NULL),(3518202002,3518,351820,'NGASEM',NULL,NULL),(3518202003,3518,351820,'GONDANG WETAN',NULL,NULL),(3518202004,3518,351820,'JATIKALEN',NULL,NULL),(3518202005,3518,351820,'BEGENDENG',NULL,NULL),(3518202006,3518,351820,'LUMPANGKUWIK',NULL,NULL),(3518202007,3518,351820,'DAWUHAN',NULL,NULL),(3518202008,3518,351820,'MUNUNG',NULL,NULL),(3518202009,3518,351820,'PULOWETAN',NULL,NULL),(3518202010,3518,351820,'PULE',NULL,NULL),(3518202011,3518,351820,'DLURUREJO',NULL,NULL),(3519012001,3519,351901,'TAMBAKMAS',NULL,NULL),(3519012002,3519,351901,'TANJUNGREJO',NULL,NULL),(3519012003,3519,351901,'SUKOREJO',NULL,NULL),(3519012004,3519,351901,'PUCANGANOM',NULL,NULL),(3519012005,3519,351901,'KRANDEGAN',NULL,NULL),(3519012006,3519,351901,'SINGGAHAN',NULL,NULL),(3519012007,3519,351901,'SIDOREJO',NULL,NULL),(3519012008,3519,351901,'PALUR',NULL,NULL),(3519012009,3519,351901,'MOJOREJO',NULL,NULL),(3519012010,3519,351901,'REJOSARI',NULL,NULL),(3519012011,3519,351901,'KEBONSARI',NULL,NULL),(3519012012,3519,351901,'BALEREJO',NULL,NULL),(3519012013,3519,351901,'KENDONDONG',NULL,NULL),(3519012014,3519,351901,'BACEM',NULL,NULL),(3519021002,3519,351902,'MLILIR',NULL,NULL),(3519021012,3519,351902,'BANGUNSARI',NULL,NULL),(3519022001,3519,351902,'LEMBAH',NULL,NULL),(3519022003,3519,351902,'KRADINAN',NULL,NULL),(3519022004,3519,351902,'SULUK',NULL,NULL),(3519022005,3519,351902,'BLIMBING',NULL,NULL),(3519022006,3519,351902,'BADER',NULL,NULL),(3519022007,3519,351902,'CANDIMULYO',NULL,NULL),(3519022008,3519,351902,'GLONGGONG',NULL,NULL),(3519022009,3519,351902,'DOLOPO',NULL,NULL),(3519022010,3519,351902,'DOHO',NULL,NULL),(3519022011,3519,351902,'KETAWANG',NULL,NULL),(3519032001,3519,351903,'BANARAN',NULL,NULL),(3519032002,3519,351903,'KLOROGAN',NULL,NULL),(3519032003,3519,351903,'SLAMBUR',NULL,NULL),(3519032004,3519,351903,'GEGER',NULL,NULL),(3519032005,3519,351903,'SARENG',NULL,NULL),(3519032006,3519,351903,'PURWOREJO',NULL,NULL),(3519032007,3519,351903,'SUMBEREJO',NULL,NULL),(3519032008,3519,351903,'JATISARI',NULL,NULL),(3519032009,3519,351903,'UTERAN',NULL,NULL),(3519032010,3519,351903,'PAGOTAN',NULL,NULL),(3519032011,3519,351903,'SANGEN',NULL,NULL),(3519032012,3519,351903,'JOGODAYUH',NULL,NULL),(3519032013,3519,351903,'NGLANDUNG',NULL,NULL),(3519032014,3519,351903,'SAMBIREJO',NULL,NULL),(3519032015,3519,351903,'PUTAT',NULL,NULL),(3519032016,3519,351903,'KRANGGAN',NULL,NULL),(3519032017,3519,351903,'KAIBON',NULL,NULL),(3519032018,3519,351903,'KERTOBANYON',NULL,NULL),(3519032019,3519,351903,'KERTOSARI',NULL,NULL),(3519042001,3519,351904,'KETANDAN',NULL,NULL),(3519042002,3519,351904,'TILENG',NULL,NULL),(3519042003,3519,351904,'MENDAK',NULL,NULL),(3519042004,3519,351904,'SEGULUNG',NULL,NULL),(3519042005,3519,351904,'NGRANGET',NULL,NULL),(3519042006,3519,351904,'PADAS',NULL,NULL),(3519042007,3519,351904,'DAGANGAN',NULL,NULL),(3519042008,3519,351904,'JOHO',NULL,NULL),(3519042009,3519,351904,'KEPET',NULL,NULL),(3519042010,3519,351904,'SEWULAN',NULL,NULL),(3519042011,3519,351904,'JETIS',NULL,NULL),(3519042012,3519,351904,'BANJAREJO',NULL,NULL),(3519042013,3519,351904,'MRUWAK',NULL,NULL),(3519042014,3519,351904,'PRAMBON',NULL,NULL),(3519042015,3519,351904,'BANJARSARI WETAN',NULL,NULL),(3519042016,3519,351904,'BANJARSARI KULON',NULL,NULL),(3519042017,3519,351904,'SUKOSARI',NULL,NULL),(3519052001,3519,351905,'KARE',NULL,NULL),(3519052002,3519,351905,'KEPEL',NULL,NULL),(3519052003,3519,351905,'BODAG',NULL,NULL),(3519052004,3519,351905,'BOLO',NULL,NULL),(3519052005,3519,351905,'KUWIRAN',NULL,NULL),(3519052006,3519,351905,'RANDUALAS',NULL,NULL),(3519052007,3519,351905,'CERMO',NULL,NULL),(3519052008,3519,351905,'MORANG',NULL,NULL),(3519062001,3519,351906,'BATOK',NULL,NULL),(3519062002,3519,351906,'DURENAN',NULL,NULL),(3519062003,3519,351906,'WINONG',NULL,NULL),(3519062004,3519,351906,'TAWANGREJO',NULL,NULL),(3519062005,3519,351906,'GEMARANG',NULL,NULL),(3519062006,3519,351906,'SEBAYI',NULL,NULL),(3519062007,3519,351906,'NAMPU',NULL,NULL),(3519071003,3519,351907,'MUNGGUT',NULL,NULL),(3519071009,3519,351907,'WUNGU',NULL,NULL),(3519072001,3519,351907,'SIDOREJO',NULL,NULL),(3519072002,3519,351907,'MOJOPURNO',NULL,NULL),(3519072004,3519,351907,'KARANGREJO',NULL,NULL),(3519072005,3519,351907,'BRUMBUN',NULL,NULL),(3519072006,3519,351907,'KRESEK',NULL,NULL),(3519072007,3519,351907,'MOJORAYUNG',NULL,NULL),(3519072008,3519,351907,'BANTENGAN',NULL,NULL),(3519072010,3519,351907,'PILANGREJO',NULL,NULL),(3519072011,3519,351907,'TEMPURSARI',NULL,NULL),(3519072012,3519,351907,'NGLANDUK',NULL,NULL),(3519072013,3519,351907,'NGLAMBANGAN',NULL,NULL),(3519072014,3519,351907,'SOBRAH',NULL,NULL),(3519081001,3519,351908,'NGLAMES',NULL,NULL),(3519082002,3519,351908,'SENDANGREJO',NULL,NULL),(3519082003,3519,351908,'DEMPELAN',NULL,NULL),(3519082004,3519,351908,'BETEK',NULL,NULL),(3519082005,3519,351908,'SIRAPAN',NULL,NULL),(3519082006,3519,351908,'DIMONG',NULL,NULL),(3519082007,3519,351908,'TULUNGREJO',NULL,NULL),(3519082008,3519,351908,'TANJUNGREJO',NULL,NULL),(3519082009,3519,351908,'SUMBEREJO',NULL,NULL),(3519082010,3519,351908,'BANJARSARI',NULL,NULL),(3519082011,3519,351908,'TIRON',NULL,NULL),(3519082012,3519,351908,'GUNUNGSARI',NULL,NULL),(3519082013,3519,351908,'BAGI',NULL,NULL),(3519092001,3519,351909,'BUKUR',NULL,NULL),(3519092002,3519,351909,'SAMBIREJO',NULL,NULL),(3519092003,3519,351909,'METESIH',NULL,NULL),(3519092004,3519,351909,'JIWAN',NULL,NULL),(3519092005,3519,351909,'SUKOLILO',NULL,NULL),(3519092006,3519,351909,'KINCANG WETAN',NULL,NULL),(3519092007,3519,351909,'KWANGSEN',NULL,NULL),(3519092008,3519,351909,'GROBOGAN',NULL,NULL),(3519092009,3519,351909,'WAYUT',NULL,NULL),(3519092010,3519,351909,'KLAGENSERUT',NULL,NULL),(3519092011,3519,351909,'TEGUHAN',NULL,NULL),(3519092012,3519,351909,'NGETREP',NULL,NULL),(3519092013,3519,351909,'BEDOHO',NULL,NULL),(3519092014,3519,351909,'BIBRIK',NULL,NULL),(3519102001,3519,351910,'GARON',NULL,NULL),(3519102002,3519,351910,'BALEREJO',NULL,NULL),(3519102003,3519,351910,'KEBONAGUNG',NULL,NULL),(3519102004,3519,351910,'GADING',NULL,NULL),(3519102005,3519,351910,'SUMBERBENING',NULL,NULL),(3519102006,3519,351910,'BULAKREJO',NULL,NULL),(3519102007,3519,351910,'TAPELAN',NULL,NULL),(3519102008,3519,351910,'BABADAN LOR',NULL,NULL),(3519102009,3519,351910,'WARUREJO',NULL,NULL),(3519102010,3519,351910,'JERUKGULUNG',NULL,NULL),(3519102011,3519,351910,'KEDUNGJATI',NULL,NULL),(3519102012,3519,351910,'GLONGGONG',NULL,NULL),(3519102013,3519,351910,'SOGO',NULL,NULL),(3519102014,3519,351910,'BANARAN',NULL,NULL),(3519102015,3519,351910,'PACINAN',NULL,NULL),(3519102016,3519,351910,'KEDUNGREJO',NULL,NULL),(3519102017,3519,351910,'KUWU',NULL,NULL),(3519102018,3519,351910,'SIMO',NULL,NULL),(3519111012,3519,351911,'BANGUNSARI',NULL,NULL),(3519111013,3519,351911,'KRAJAN',NULL,NULL),(3519111014,3519,351911,'PANDEAN',NULL,NULL),(3519112001,3519,351911,'KALIABU',NULL,NULL),(3519112002,3519,351911,'KLECOREJO',NULL,NULL),(3519112003,3519,351911,'BLABAKAN',NULL,NULL),(3519112004,3519,351911,'WONOREJO',NULL,NULL),(3519112005,3519,351911,'KEBONAGUNG',NULL,NULL),(3519112006,3519,351911,'DARMOREJO',NULL,NULL),(3519112007,3519,351911,'KALIGUNTING',NULL,NULL),(3519112008,3519,351911,'SIDODADI',NULL,NULL),(3519112009,3519,351911,'KUNCEN',NULL,NULL),(3519112010,3519,351911,'MEJAYAN',NULL,NULL),(3519112011,3519,351911,'NGAMPEL',NULL,NULL),(3519122001,3519,351912,'BANDUNGAN',NULL,NULL),(3519122002,3519,351912,'PAJARAN',NULL,NULL),(3519122003,3519,351912,'SUGIHWARAS',NULL,NULL),(3519122004,3519,351912,'SIDOREJO',NULL,NULL),(3519122005,3519,351912,'BONGSOPOTRO',NULL,NULL),(3519122006,3519,351912,'SUKOREJO',NULL,NULL),(3519122007,3519,351912,'NGEPEH',NULL,NULL),(3519122008,3519,351912,'BAJULAN',NULL,NULL),(3519122009,3519,351912,'BENER',NULL,NULL),(3519122010,3519,351912,'SUMBERSARI',NULL,NULL),(3519122011,3519,351912,'KLUMUTAN',NULL,NULL),(3519122012,3519,351912,'SAMBIREJO',NULL,NULL),(3519122013,3519,351912,'TULUNG',NULL,NULL),(3519122014,3519,351912,'SUMBERBENDO',NULL,NULL),(3519122015,3519,351912,'KLANGON',NULL,NULL),(3519132001,3519,351913,'MUNENG',NULL,NULL),(3519132002,3519,351913,'PULEREJO',NULL,NULL),(3519132003,3519,351913,'PURWOREJO',NULL,NULL),(3519132004,3519,351913,'KEDUNGREJO',NULL,NULL),(3519132005,3519,351913,'WONOAYU',NULL,NULL),(3519132006,3519,351913,'PILANGKENCENG',NULL,NULL),(3519132007,3519,351913,'SUMBERGANDU',NULL,NULL),(3519132008,3519,351913,'KEDUNGMARON',NULL,NULL),(3519132009,3519,351913,'DUREN',NULL,NULL),(3519132010,3519,351913,'DAWUHAN',NULL,NULL),(3519132011,3519,351913,'BULU',NULL,NULL),(3519132012,3519,351913,'KENONGOREJO',NULL,NULL),(3519132013,3519,351913,'NGENGOR',NULL,NULL),(3519132014,3519,351913,'GANDUL',NULL,NULL),(3519132015,3519,351913,'LUWORO',NULL,NULL),(3519132016,3519,351913,'KEDUNGBANTENG',NULL,NULL),(3519132017,3519,351913,'KREBET',NULL,NULL),(3519132018,3519,351913,'NGALE',NULL,NULL),(3519142001,3519,351914,'SIDOMULYO',NULL,NULL),(3519142002,3519,351914,'KANUNG',NULL,NULL),(3519142003,3519,351914,'REJOSARI',NULL,NULL),(3519142004,3519,351914,'PUCANGREJO',NULL,NULL),(3519142005,3519,351914,'KROKEH',NULL,NULL),(3519142006,3519,351914,'LEBAKAYU',NULL,NULL),(3519142007,3519,351914,'BAKUR',NULL,NULL),(3519142008,3519,351914,'GOLAN',NULL,NULL),(3519142009,3519,351914,'CABEAN',NULL,NULL),(3519142010,3519,351914,'SAWAHAN',NULL,NULL),(3519142011,3519,351914,'PULE',NULL,NULL),(3519142012,3519,351914,'KAJANG',NULL,NULL),(3519142013,3519,351914,'KLUMPIT',NULL,NULL),(3519152001,3519,351915,'NGADIREJO',NULL,NULL),(3519152002,3519,351915,'JATIREJO',NULL,NULL),(3519152003,3519,351915,'BANYUKAMBANG',NULL,NULL),(3519152004,3519,351915,'SIDOMULYO',NULL,NULL),(3519152005,3519,351915,'WONOASRI',NULL,NULL),(3519152006,3519,351915,'PLUMPUNGREJO',NULL,NULL),(3519152007,3519,351915,'BANCONG',NULL,NULL),(3519152008,3519,351915,'PURWOSARI',NULL,NULL),(3519152009,3519,351915,'KLITIK',NULL,NULL),(3519152010,3519,351915,'BUDURAN',NULL,NULL),(3520011005,3520,352001,'ALASTUWO',NULL,NULL),(3520012001,3520,352001,'PONCOL',NULL,NULL),(3520012002,3520,352001,'GONGGANG',NULL,NULL),(3520012003,3520,352001,'JANGGAN',NULL,NULL),(3520012004,3520,352001,'GENILANGIT',NULL,NULL),(3520012006,3520,352001,'PLANGKRONGAN',NULL,NULL),(3520012007,3520,352001,'CILENG',NULL,NULL),(3520012008,3520,352001,'SOMBO',NULL,NULL),(3520021008,3520,352002,'PARANG',NULL,NULL),(3520022001,3520,352002,'SAYUTAN',NULL,NULL),(3520022002,3520,352002,'NGLOPANG',NULL,NULL),(3520022003,3520,352002,'MATEGAL',NULL,NULL),(3520022004,3520,352002,'BUNGKUK',NULL,NULL),(3520022005,3520,352002,'TROSONO',NULL,NULL),(3520022006,3520,352002,'NGUNUT',NULL,NULL),(3520022007,3520,352002,'NGAGLIK',NULL,NULL),(3520022009,3520,352002,'TAMANARUM',NULL,NULL),(3520022010,3520,352002,'PRAGAK',NULL,NULL),(3520022011,3520,352002,'SUNDUL',NULL,NULL),(3520022012,3520,352002,'JOKERTO',NULL,NULL),(3520022013,3520,352002,'KRAJAN',NULL,NULL),(3520031002,3520,352003,'LEMBEYAN KULON',NULL,NULL),(3520032001,3520,352003,'KEDIREN',NULL,NULL),(3520032003,3520,352003,'LEMBEYAN WETAN',NULL,NULL),(3520032004,3520,352003,'TUNGGUR',NULL,NULL),(3520032005,3520,352003,'DUKUH',NULL,NULL),(3520032006,3520,352003,'KEDUNGPANJI',NULL,NULL),(3520032007,3520,352003,'NGURI',NULL,NULL),(3520032008,3520,352003,'PUPUS',NULL,NULL),(3520032009,3520,352003,'TAPEN',NULL,NULL),(3520032010,3520,352003,'KROWE',NULL,NULL),(3520041013,3520,352004,'TAKERAN',NULL,NULL),(3520042009,3520,352004,'KIRINGAN',NULL,NULL),(3520042010,3520,352004,'DUYUNG',NULL,NULL),(3520042011,3520,352004,'TAWANGREJO',NULL,NULL),(3520042012,3520,352004,'SAWOJAJAR',NULL,NULL),(3520042014,3520,352004,'KUWONHARJO',NULL,NULL),(3520042015,3520,352004,'KEPUHREJO',NULL,NULL),(3520042016,3520,352004,'KERIK',NULL,NULL),(3520042017,3520,352004,'WADUK',NULL,NULL),(3520042018,3520,352004,'JOMBLANG',NULL,NULL),(3520042019,3520,352004,'KERANG',NULL,NULL),(3520042020,3520,352004,'MADIGONDO',NULL,NULL),(3520051010,3520,352005,'KAWEDANAN',NULL,NULL),(3520051011,3520,352005,'REJOSARI',NULL,NULL),(3520051012,3520,352005,'SAMPUNG',NULL,NULL),(3520052001,3520,352005,'MANGUNREJO',NULL,NULL),(3520052002,3520,352005,'GIRIPURNO',NULL,NULL),(3520052003,3520,352005,'NGENTEP',NULL,NULL),(3520052004,3520,352005,'BALEREJO',NULL,NULL),(3520052005,3520,352005,'GARON',NULL,NULL),(3520052006,3520,352005,'TLADAN',NULL,NULL),(3520052007,3520,352005,'POJOK',NULL,NULL),(3520052008,3520,352005,'NGUNUT',NULL,NULL),(3520052009,3520,352005,'TULUNG',NULL,NULL),(3520052013,3520,352005,'BOGEM',NULL,NULL),(3520052014,3520,352005,'JAMBANGAN',NULL,NULL),(3520052015,3520,352005,'SELOREJO',NULL,NULL),(3520052016,3520,352005,'SUGIHREJO',NULL,NULL),(3520052017,3520,352005,'NGADIREJO',NULL,NULL),(3520052018,3520,352005,'KARANGREJO',NULL,NULL),(3520052019,3520,352005,'GENENGAN',NULL,NULL),(3520052020,3520,352005,'MOJOREJO',NULL,NULL),(3520061002,3520,352006,'MANGKUJAYAN',NULL,NULL),(3520061003,3520,352006,'BULUKERTO',NULL,NULL),(3520061004,3520,352006,'MAGETAN',NULL,NULL),(3520061010,3520,352006,'SELOSARI',NULL,NULL),(3520061011,3520,352006,'TAWANGANOM',NULL,NULL),(3520061012,3520,352006,'KEPOLOREJO',NULL,NULL),(3520061013,3520,352006,'SUKOWINANGUN',NULL,NULL),(3520061014,3520,352006,'KEBONAGUNG',NULL,NULL),(3520061015,3520,352006,'TAMBRAN',NULL,NULL),(3520062001,3520,352006,'TAMBAKREJO',NULL,NULL),(3520062005,3520,352006,'RINGINAGUNG',NULL,NULL),(3520062009,3520,352006,'CANDIREJO',NULL,NULL),(3520062016,3520,352006,'BARON',NULL,NULL),(3520062017,3520,352006,'PURWOSARI',NULL,NULL),(3520071011,3520,352007,'PLAOSAN',NULL,NULL),(3520071013,3520,352007,'SARANGAN',NULL,NULL),(3520072001,3520,352007,'NGANCAR',NULL,NULL),(3520072002,3520,352007,'PLUMPUNG',NULL,NULL),(3520072003,3520,352007,'PUNTUKDORO',NULL,NULL),(3520072004,3520,352007,'BULUGUNUNG',NULL,NULL),(3520072005,3520,352007,'BOGOARUM',NULL,NULL),(3520072006,3520,352007,'RANDUGEDE',NULL,NULL),(3520072007,3520,352007,'SUMBERAGUNG',NULL,NULL),(3520072008,3520,352007,'NITIKAN',NULL,NULL),(3520072009,3520,352007,'SIDOMUKTI',NULL,NULL),(3520072010,3520,352007,'BULUHARJO',NULL,NULL),(3520072012,3520,352007,'DADI',NULL,NULL),(3520072014,3520,352007,'PACALAN',NULL,NULL),(3520072015,3520,352007,'SENDANGAGUNG',NULL,NULL),(3520081009,3520,352008,'PANEKAN',NULL,NULL),(3520082004,3520,352008,'TERUNG',NULL,NULL),(3520082005,3520,352008,'CEPOKO',NULL,NULL),(3520082006,3520,352008,'MILANGASRI',NULL,NULL),(3520082007,3520,352008,'WATES',NULL,NULL),(3520082008,3520,352008,'SIDOWAYAH',NULL,NULL),(3520082010,3520,352008,'TANJUNGSARI',NULL,NULL),(3520082011,3520,352008,'SUMBERDODOL',NULL,NULL),(3520082012,3520,352008,'MANJUNG',NULL,NULL),(3520082013,3520,352008,'TAPAK',NULL,NULL),(3520082014,3520,352008,'SUKOWIDI',NULL,NULL),(3520082015,3520,352008,'BEDAGUNG',NULL,NULL),(3520082016,3520,352008,'NGILIRAN',NULL,NULL),(3520082017,3520,352008,'JABUNG',NULL,NULL),(3520082018,3520,352008,'REJOMULYO',NULL,NULL),(3520082019,3520,352008,'TURI',NULL,NULL),(3520082020,3520,352008,'BANJAREJO',NULL,NULL),(3520091009,3520,352009,'TINAP',NULL,NULL),(3520092001,3520,352009,'KALANGKETI',NULL,NULL),(3520092002,3520,352009,'TAMANAN',NULL,NULL),(3520092003,3520,352009,'TAMBAKMAS',NULL,NULL),(3520092004,3520,352009,'BANDAR',NULL,NULL),(3520092005,3520,352009,'BIBIS',NULL,NULL),(3520092006,3520,352009,'SUKOMORO',NULL,NULL),(3520092007,3520,352009,'BULU',NULL,NULL),(3520092008,3520,352009,'POJOKSARI',NULL,NULL),(3520092010,3520,352009,'KEDUNGGUWO',NULL,NULL),(3520092011,3520,352009,'KEMBANGAN',NULL,NULL),(3520092012,3520,352009,'KENTANGAN',NULL,NULL),(3520092013,3520,352009,'BOGEM',NULL,NULL),(3520092014,3520,352009,'TRUNENG',NULL,NULL),(3520101012,3520,352010,'BENDO',NULL,NULL),(3520102001,3520,352010,'DUKUH',NULL,NULL),(3520102002,3520,352010,'BELOTAN',NULL,NULL),(3520102003,3520,352010,'PINGKUK',NULL,NULL),(3520102004,3520,352010,'TANJUNG',NULL,NULL),(3520102005,3520,352010,'TEGALARUM',NULL,NULL),(3520102006,3520,352010,'BULAK',NULL,NULL),(3520102007,3520,352010,'KINANDANG',NULL,NULL),(3520102008,3520,352010,'SOCO',NULL,NULL),(3520102009,3520,352010,'LEMAHBANG',NULL,NULL),(3520102010,3520,352010,'KLEDOKAN',NULL,NULL),(3520102011,3520,352010,'CARIKAN',NULL,NULL),(3520102013,3520,352010,'BULUGLEDEG',NULL,NULL),(3520102014,3520,352010,'DUWET',NULL,NULL),(3520102015,3520,352010,'SETREN',NULL,NULL),(3520102016,3520,352010,'KLECO',NULL,NULL),(3520111005,3520,352011,'MAOSPATI',NULL,NULL),(3520111013,3520,352011,'KRATON',NULL,NULL),(3520111014,3520,352011,'MRANGGEN',NULL,NULL),(3520112001,3520,352011,'SUGIHWARAS',NULL,NULL),(3520112002,3520,352011,'TANJUNGSEPREH',NULL,NULL),(3520112003,3520,352011,'GULUN',NULL,NULL),(3520112004,3520,352011,'MALANG',NULL,NULL),(3520112006,3520,352011,'KLAGEN GAMBIRAN',NULL,NULL),(3520112007,3520,352011,'PANDEYAN',NULL,NULL),(3520112008,3520,352011,'SURATMAJAN',NULL,NULL),(3520112009,3520,352011,'RONOWIJAYAN',NULL,NULL),(3520112010,3520,352011,'NGUJUNG',NULL,NULL),(3520112011,3520,352011,'SUMBEREJO',NULL,NULL),(3520112012,3520,352011,'PESU',NULL,NULL),(3520112015,3520,352011,'SEMPOL',NULL,NULL),(3520121005,3520,352012,'MANGGE',NULL,NULL),(3520121006,3520,352012,'TEBON',NULL,NULL),(3520122001,3520,352012,'BOGOREJO',NULL,NULL),(3520122002,3520,352012,'BANJAREJO',NULL,NULL),(3520122003,3520,352012,'KARANGSONO',NULL,NULL),(3520122004,3520,352012,'PURWODADI',NULL,NULL),(3520122007,3520,352012,'MANJUNG',NULL,NULL),(3520122008,3520,352012,'NGUMPUL',NULL,NULL),(3520122009,3520,352012,'PANGGUNG',NULL,NULL),(3520122010,3520,352012,'BLARAN',NULL,NULL),(3520122011,3520,352012,'JONGGRANG',NULL,NULL),(3520122012,3520,352012,'REJOMULYO',NULL,NULL),(3520122013,3520,352012,'BANGUNASRI',NULL,NULL),(3520122014,3520,352012,'KLAGEN',NULL,NULL),(3520131001,3520,352013,'KARANGREJO',NULL,NULL),(3520131006,3520,352013,'MANISREJO',NULL,NULL),(3520132002,3520,352013,'MANTREN',NULL,NULL),(3520132003,3520,352013,'GONDANG',NULL,NULL),(3520132004,3520,352013,'SAMBIREMBE',NULL,NULL),(3520132005,3520,352013,'PATIHAN',NULL,NULL),(3520132007,3520,352013,'PELEM',NULL,NULL),(3520132008,3520,352013,'BALUK',NULL,NULL),(3520132009,3520,352013,'GEBYOG',NULL,NULL),(3520132010,3520,352013,'MARON',NULL,NULL),(3520132011,3520,352013,'PRAMPELAN',NULL,NULL),(3520132012,3520,352013,'GRABAHAN',NULL,NULL),(3520132013,3520,352013,'KAUMAN',NULL,NULL),(3520142001,3520,352014,'KARAS',NULL,NULL),(3520142002,3520,352014,'SOBONTORO',NULL,NULL),(3520142003,3520,352014,'SUMURSONGO',NULL,NULL),(3520142004,3520,352014,'TAJI',NULL,NULL),(3520142005,3520,352014,'KUWON',NULL,NULL),(3520142006,3520,352014,'JUNGKE',NULL,NULL),(3520142007,3520,352014,'TEMBORO',NULL,NULL),(3520142008,3520,352014,'TEMENGGUNGAN',NULL,NULL),(3520142009,3520,352014,'GEPLAK',NULL,NULL),(3520142010,3520,352014,'BOTOK',NULL,NULL),(3520142011,3520,352014,'GINUK',NULL,NULL),(3520152001,3520,352015,'KARTOHARJO',NULL,NULL),(3520152002,3520,352015,'MRAHU',NULL,NULL),(3520152003,3520,352015,'KLURAHAN',NULL,NULL),(3520152004,3520,352015,'PENCOL',NULL,NULL),(3520152005,3520,352015,'SUKOWIDI',NULL,NULL),(3520152006,3520,352015,'NGELANG',NULL,NULL),(3520152007,3520,352015,'JAJAR',NULL,NULL),(3520152008,3520,352015,'GUNUNGAN',NULL,NULL),(3520152009,3520,352015,'JERUK',NULL,NULL),(3520152010,3520,352015,'BAYEMWETAN',NULL,NULL),(3520152011,3520,352015,'BAYEMTAMAN',NULL,NULL),(3520152012,3520,352015,'KARANGMOJO',NULL,NULL),(3520162001,3520,352016,'SELOTINATAH',NULL,NULL),(3520162002,3520,352016,'PENDEM',NULL,NULL),(3520162003,3520,352016,'BANGSRI',NULL,NULL),(3520162004,3520,352016,'SELOPANGGUNG',NULL,NULL),(3520162005,3520,352016,'SUMBERDUKUN',NULL,NULL),(3520162006,3520,352016,'BALEASRI',NULL,NULL),(3520162007,3520,352016,'BALEGONDO',NULL,NULL),(3520162008,3520,352016,'NGARIBOYO',NULL,NULL),(3520162009,3520,352016,'MOJOPURNO',NULL,NULL),(3520162010,3520,352016,'BANYUDONO',NULL,NULL),(3520162011,3520,352016,'BANJARPANJANG',NULL,NULL),(3520162012,3520,352016,'BANJAREJO',NULL,NULL),(3520172001,3520,352017,'SUKOWIDI',NULL,NULL),(3520172002,3520,352017,'SEMEN',NULL,NULL),(3520172003,3520,352017,'GORANGGARENG',NULL,NULL),(3520172004,3520,352017,'PETUNGREJO',NULL,NULL),(3520172005,3520,352017,'NGUNTORONADI',NULL,NULL),(3520172006,3520,352017,'SIMBATAN',NULL,NULL),(3520172007,3520,352017,'PURWOREJO',NULL,NULL),(3520172008,3520,352017,'KENONGOMULYO',NULL,NULL),(3520172009,3520,352017,'DRIYOREJO',NULL,NULL),(3520182001,3520,352018,'SAMBIROBYONG',NULL,NULL),(3520182002,3520,352018,'CAMPURSARI',NULL,NULL),(3520182003,3520,352018,'KALANG',NULL,NULL),(3520182004,3520,352018,'DURENAN',NULL,NULL),(3520182005,3520,352018,'SIDOREJO',NULL,NULL),(3520182006,3520,352018,'GETASANYAR',NULL,NULL),(3520182007,3520,352018,'SIDOMULYO',NULL,NULL),(3520182008,3520,352018,'SUMBERSAWIT',NULL,NULL),(3520182009,3520,352018,'SIDOKERTO',NULL,NULL),(3520182010,3520,352018,'WIDOROKANDANG',NULL,NULL),(3521012001,3521,352101,'WONOSARI',NULL,NULL),(3521012002,3521,352101,'PANDANSARI',NULL,NULL),(3521012003,3521,352101,'GIRIKERTO',NULL,NULL),(3521012004,3521,352101,'NGRENDENG',NULL,NULL),(3521012005,3521,352101,'HARGOSARI',NULL,NULL),(3521012006,3521,352101,'POCOL',NULL,NULL),(3521012007,3521,352101,'GENDOL',NULL,NULL),(3521012008,3521,352101,'SINE',NULL,NULL),(3521012009,3521,352101,'SUMBEREJO',NULL,NULL),(3521012010,3521,352101,'SUMBERSARI',NULL,NULL),(3521012011,3521,352101,'KUNIRAN',NULL,NULL),(3521012012,3521,352101,'TULAKAN',NULL,NULL),(3521012013,3521,352101,'KETANGGUNG',NULL,NULL),(3521012014,3521,352101,'JAGIR',NULL,NULL),(3521012015,3521,352101,'KAUMAN',NULL,NULL),(3521022001,3521,352102,'HARGOMULYO',NULL,NULL),(3521022002,3521,352102,'GIRIHARJO',NULL,NULL),(3521022003,3521,352102,'SETONO',NULL,NULL),(3521022004,3521,352102,'WAKAH',NULL,NULL),(3521022005,3521,352102,'TAWANGREJO',NULL,NULL),(3521022006,3521,352102,'SAMBIREJO',NULL,NULL),(3521022007,3521,352102,'MANISHARJO',NULL,NULL),(3521022008,3521,352102,'SIDOMULYO',NULL,NULL),(3521022009,3521,352102,'NGRAMBE',NULL,NULL),(3521022010,3521,352102,'BABADAN',NULL,NULL),(3521022011,3521,352102,'KRANDEGAN',NULL,NULL),(3521022012,3521,352102,'PUCANGAN',NULL,NULL),(3521022013,3521,352102,'CEPOKO',NULL,NULL),(3521022014,3521,352102,'MENDIRO',NULL,NULL),(3521032001,3521,352103,'UMBULREJO',NULL,NULL),(3521032002,3521,352103,'KLETEKAN',NULL,NULL),(3521032003,3521,352103,'JATEN',NULL,NULL),(3521032004,3521,352103,'GIRIMULYO',NULL,NULL),(3521032005,3521,352103,'NGRAYUDAN',NULL,NULL),(3521032006,3521,352103,'TALANG',NULL,NULL),(3521032007,3521,352103,'MACANAN',NULL,NULL),(3521032008,3521,352103,'BRUBUH',NULL,NULL),(3521032009,3521,352103,'JOGOROGO',NULL,NULL),(3521032010,3521,352103,'DAWUNG',NULL,NULL),(3521032011,3521,352103,'TANJUNGSARI',NULL,NULL),(3521032012,3521,352103,'SOCO',NULL,NULL),(3521042001,3521,352104,'KARANGGUPITO',NULL,NULL),(3521042002,3521,352104,'KARANGREJO',NULL,NULL),(3521042003,3521,352104,'SIMO',NULL,NULL),(3521042004,3521,352104,'PLOSO',NULL,NULL),(3521042005,3521,352104,'MAJASEM',NULL,NULL),(3521042006,3521,352104,'KENDAL',NULL,NULL),(3521042007,3521,352104,'SIDOREJO',NULL,NULL),(3521042008,3521,352104,'GAYAM',NULL,NULL),(3521042009,3521,352104,'DADAPAN',NULL,NULL),(3521042010,3521,352104,'PATALAN',NULL,NULL),(3521052005,3521,352105,'KERASWETAN',NULL,NULL),(3521052006,3521,352105,'KENITEN',NULL,NULL),(3521052007,3521,352105,'TAMBAKROMO',NULL,NULL),(3521052009,3521,352105,'TEPAS',NULL,NULL),(3521052010,3521,352105,'GENENG',NULL,NULL),(3521052011,3521,352105,'SIDOREJO',NULL,NULL),(3521052012,3521,352105,'BADERAN',NULL,NULL),(3521052013,3521,352105,'KASREMAN',NULL,NULL),(3521052014,3521,352105,'KERSIKAN',NULL,NULL),(3521052015,3521,352105,'DEMPEL',NULL,NULL),(3521052016,3521,352105,'KLITIK',NULL,NULL),(3521052017,3521,352105,'KERSOHARJO',NULL,NULL),(3521052018,3521,352105,'KLAMPISAN',NULL,NULL),(3521062001,3521,352106,'KENDUNG',NULL,NULL),(3521062002,3521,352106,'DINDEN',NULL,NULL),(3521062003,3521,352106,'POJOK',NULL,NULL),(3521062004,3521,352106,'JENANGAN',NULL,NULL),(3521062005,3521,352106,'PURWOSARI',NULL,NULL),(3521062006,3521,352106,'TIRAK',NULL,NULL),(3521062007,3521,352106,'SUMENGKO',NULL,NULL),(3521062008,3521,352106,'SIMO',NULL,NULL),(3521062009,3521,352106,'WARUKKALONG',NULL,NULL),(3521062010,3521,352106,'KWADUNGAN',NULL,NULL),(3521062011,3521,352106,'BUDUG',NULL,NULL),(3521062012,3521,352106,'MOJOMANIS',NULL,NULL),(3521062013,3521,352106,'BANGET',NULL,NULL),(3521062014,3521,352106,'KARANGSONO',NULL,NULL),(3521072001,3521,352107,'CAMPURASRI',NULL,NULL),(3521072002,3521,352107,'DANGUK',NULL,NULL),(3521072003,3521,352107,'GEMPOL',NULL,NULL),(3521072004,3521,352107,'RINGINANOM',NULL,NULL),(3521072005,3521,352107,'SEMBUNG',NULL,NULL),(3521072006,3521,352107,'SIDOREJO',NULL,NULL),(3521072007,3521,352107,'DUNGMIRI',NULL,NULL),(3521072008,3521,352107,'BRANGOL',NULL,NULL),(3521072009,3521,352107,'SIDOKERTO',NULL,NULL),(3521072010,3521,352107,'JATIPURO',NULL,NULL),(3521072011,3521,352107,'PUHTI',NULL,NULL),(3521072012,3521,352107,'SAWO',NULL,NULL),(3521072013,3521,352107,'KARANGJATI',NULL,NULL),(3521072014,3521,352107,'LEGUNDI',NULL,NULL),(3521072015,3521,352107,'REJOMULYO',NULL,NULL),(3521072016,3521,352107,'REJUNO',NULL,NULL),(3521072017,3521,352107,'PLOSOLOR',NULL,NULL),(3521082001,3521,352108,'BANJARANSARI',NULL,NULL),(3521082002,3521,352108,'BENDO',NULL,NULL),(3521082003,3521,352108,'TAMBAKROMO',NULL,NULL),(3521082004,3521,352108,'TUNGKULREJO',NULL,NULL),(3521082005,3521,352108,'BINTOYO',NULL,NULL),(3521082006,3521,352108,'SUKOWIYONO',NULL,NULL),(3521082007,3521,352108,'MUNGGUT',NULL,NULL),(3521082011,3521,352108,'PACING',NULL,NULL),(3521082012,3521,352108,'PADAS',NULL,NULL),(3521082013,3521,352108,'KEDUNGPRAHU',NULL,NULL),(3521082014,3521,352108,'SAMBIROTO',NULL,NULL),(3521082015,3521,352108,'KWADUNGAN LOR',NULL,NULL),(3521091013,3521,352109,'MARGOMULYO',NULL,NULL),(3521091014,3521,352109,'KARANGTENGAH',NULL,NULL),(3521091015,3521,352109,'KETANGGI',NULL,NULL),(3521091016,3521,352109,'PELEM',NULL,NULL),(3521092001,3521,352109,'MANGUNHARJO',NULL,NULL),(3521092002,3521,352109,'KANDANGAN',NULL,NULL),(3521092003,3521,352109,'KARTOHARJO',NULL,NULL),(3521092004,3521,352109,'KARANGASRI',NULL,NULL),(3521092005,3521,352109,'BANYUURIP',NULL,NULL),(3521092006,3521,352109,'BERAN',NULL,NULL),(3521092007,3521,352109,'JURUREJO',NULL,NULL),(3521092008,3521,352109,'GRUDO',NULL,NULL),(3521092009,3521,352109,'WATUALANG',NULL,NULL),(3521092010,3521,352109,'NGAWI',NULL,NULL),(3521092011,3521,352109,'KARANGTENGAH PRANDON',NULL,NULL),(3521092012,3521,352109,'KEREK',NULL,NULL),(3521102001,3521,352110,'GENTONG',NULL,NULL),(3521102002,3521,352110,'BABADAN',NULL,NULL),(3521102003,3521,352110,'SEMEN',NULL,NULL),(3521102004,3521,352110,'KEDUNGPUTRI',NULL,NULL),(3521102005,3521,352110,'TEMPURAN',NULL,NULL),(3521102006,3521,352110,'DAWU',NULL,NULL),(3521102007,3521,352110,'PARON',NULL,NULL),(3521102008,3521,352110,'JAMBANGAN',NULL,NULL),(3521102009,3521,352110,'TEGUHAN',NULL,NULL),(3521102010,3521,352110,'SIRIGAN',NULL,NULL),(3521102011,3521,352110,'JEBLOGAN',NULL,NULL),(3521102012,3521,352110,'NGALE',NULL,NULL),(3521102013,3521,352110,'GELUNG',NULL,NULL),(3521102014,3521,352110,'KEBON',NULL,NULL),(3521112001,3521,352111,'BEGAL',NULL,NULL),(3521112002,3521,352111,'WONOREJO',NULL,NULL),(3521112003,3521,352111,'KATIKAN',NULL,NULL),(3521112004,3521,352111,'PALANG KIDUL',NULL,NULL),(3521112005,3521,352111,'KEDUNGGALAR',NULL,NULL),(3521112006,3521,352111,'JATIGEMBOL',NULL,NULL),(3521112007,3521,352111,'PELANGLOR',NULL,NULL),(3521112008,3521,352111,'BANGUNREJO KIDUL',NULL,NULL),(3521112009,3521,352111,'JENGGRIK',NULL,NULL),(3521112010,3521,352111,'WONOKERTO',NULL,NULL),(3521112011,3521,352111,'GEMARANG',NULL,NULL),(3521112012,3521,352111,'KAWU',NULL,NULL),(3521122001,3521,352112,'BANYUBIRU',NULL,NULL),(3521122002,3521,352112,'KEDUNGGUDEL',NULL,NULL),(3521122003,3521,352112,'SEKARALAS',NULL,NULL),(3521122004,3521,352112,'SEKARPUTIH',NULL,NULL),(3521122005,3521,352112,'KAYUTREJO',NULL,NULL),(3521122006,3521,352112,'SIDOLAJU',NULL,NULL),(3521122007,3521,352112,'KARANGBANYU',NULL,NULL),(3521122008,3521,352112,'WIDODAREN',NULL,NULL),(3521122009,3521,352112,'GENDINGAN',NULL,NULL),(3521122010,3521,352112,'KAUMAN',NULL,NULL),(3521122011,3521,352112,'SIDOMAKMUR',NULL,NULL),(3521122012,3521,352112,'WALIKUKUN',NULL,NULL),(3521132001,3521,352113,'SAMBIREJO',NULL,NULL),(3521132002,3521,352113,'MANTINGAN',NULL,NULL),(3521132003,3521,352113,'KEDUNGHARJO',NULL,NULL),(3521132004,3521,352113,'PAKAH',NULL,NULL),(3521132005,3521,352113,'TAMBAKBOYO',NULL,NULL),(3521132006,3521,352113,'PENGKOL',NULL,NULL),(3521132007,3521,352113,'JATIMULYO',NULL,NULL),(3521142001,3521,352114,'BABADAN',NULL,NULL),(3521142002,3521,352114,'POHKONYAL',NULL,NULL),(3521142003,3521,352114,'SUMBER',NULL,NULL),(3521142004,3521,352114,'GANDRI',NULL,NULL),(3521142005,3521,352114,'PLESET',NULL,NULL),(3521142006,3521,352114,'WARUTENGAH',NULL,NULL),(3521142007,3521,352114,'NGOMPRO',NULL,NULL),(3521142008,3521,352114,'PANGKUR',NULL,NULL),(3521142009,3521,352114,'PARAS',NULL,NULL),(3521152001,3521,352115,'SUMBERBENING',NULL,NULL),(3521152002,3521,352115,'MOJO',NULL,NULL),(3521152003,3521,352115,'KROMPOL',NULL,NULL),(3521152004,3521,352115,'BRINGIN',NULL,NULL),(3521152005,3521,352115,'DERO',NULL,NULL),(3521152006,3521,352115,'LEGOWETAN',NULL,NULL),(3521152007,3521,352115,'GANDONG',NULL,NULL),(3521152008,3521,352115,'DAMPIT',NULL,NULL),(3521152009,3521,352115,'SURUH',NULL,NULL),(3521152010,3521,352115,'KENONGOREJO',NULL,NULL),(3521162001,3521,352116,'KALANG',NULL,NULL),(3521162002,3521,352116,'PITU',NULL,NULL),(3521162003,3521,352116,'DUMPLENGAN',NULL,NULL),(3521162004,3521,352116,'SELOPURO',NULL,NULL),(3521162005,3521,352116,'KARANGGENENG',NULL,NULL),(3521162006,3521,352116,'NGANCAR',NULL,NULL),(3521162007,3521,352116,'CANTEL',NULL,NULL),(3521162008,3521,352116,'PAPUNGAN',NULL,NULL),(3521162009,3521,352116,'BANJARBANGGI',NULL,NULL),(3521162010,3521,352116,'BANGUNREJO LOR',NULL,NULL),(3521172001,3521,352117,'KARANGANYAR',NULL,NULL),(3521172002,3521,352117,'MENGGER',NULL,NULL),(3521172003,3521,352117,'GEMBOL',NULL,NULL),(3521172004,3521,352117,'SRIWEDARI',NULL,NULL),(3521172005,3521,352117,'BANGUNREJO',NULL,NULL),(3521172006,3521,352117,'PANDEAN',NULL,NULL),(3521172007,3521,352117,'SEKARJATI',NULL,NULL),(3521182001,3521,352118,'RANDUSONGO',NULL,NULL),(3521182002,3521,352118,'WIDODAREN',NULL,NULL),(3521182003,3521,352118,'GERIH',NULL,NULL),(3521182004,3521,352118,'KERASKULON',NULL,NULL),(3521182005,3521,352118,'GUYUNG',NULL,NULL),(3521192001,3521,352119,'JATIREJO',NULL,NULL),(3521192002,3521,352119,'CANGAKAN',NULL,NULL),(3521192003,3521,352119,'KARANGMALANG',NULL,NULL),(3521192004,3521,352119,'GUNUNGSARI',NULL,NULL),(3521192005,3521,352119,'KASREMAN',NULL,NULL),(3521192006,3521,352119,'LEGOKULON',NULL,NULL),(3521192007,3521,352119,'TAWUN',NULL,NULL),(3521192008,3521,352119,'KYONTEN',NULL,NULL),(3522012001,3522,352201,'LUWIHAJI',NULL,NULL),(3522012002,3522,352201,'SUGIHWARAS',NULL,NULL),(3522012003,3522,352201,'NGANTI',NULL,NULL),(3522012004,3522,352201,'JUMOK',NULL,NULL),(3522012005,3522,352201,'SUMBERAGUNG',NULL,NULL),(3522012006,3522,352201,'MOJOREJO',NULL,NULL),(3522012007,3522,352201,'NGRAHO',NULL,NULL),(3522012008,3522,352201,'BLIMBINGGEDE',NULL,NULL),(3522012009,3522,352201,'KALIREJO',NULL,NULL),(3522012010,3522,352201,'TAPELAN',NULL,NULL),(3522012011,3522,352201,'TANGGUNGAN',NULL,NULL),(3522012012,3522,352201,'PANDAN',NULL,NULL),(3522012013,3522,352201,'SUMBERARUM',NULL,NULL),(3522012014,3522,352201,'PAYAMAN',NULL,NULL),(3522012015,3522,352201,'BANCER',NULL,NULL),(3522012016,3522,352201,'KLEMPUN',NULL,NULL),(3522022001,3522,352202,'NAPIS',NULL,NULL),(3522022002,3522,352202,'JATIMULYO',NULL,NULL),(3522022003,3522,352202,'NGRANCANG',NULL,NULL),(3522022004,3522,352202,'TURI',NULL,NULL),(3522022005,3522,352202,'MALINGMATI',NULL,NULL),(3522022006,3522,352202,'TAMBAKREJO',NULL,NULL),(3522022007,3522,352202,'BAKALAN',NULL,NULL),(3522022008,3522,352202,'JAWIK',NULL,NULL),(3522022009,3522,352202,'SUKOREJO',NULL,NULL),(3522022010,3522,352202,'GADING',NULL,NULL),(3522022011,3522,352202,'PENGKOL',NULL,NULL),(3522022012,3522,352202,'TANJUNG',NULL,NULL),(3522022013,3522,352202,'GAMONGAN',NULL,NULL),(3522022014,3522,352202,'KALISUMBER',NULL,NULL),(3522022015,3522,352202,'MULYOREJO',NULL,NULL),(3522022016,3522,352202,'DOLOKGEDE',NULL,NULL),(3522022017,3522,352202,'SENDANGREJO',NULL,NULL),(3522022018,3522,352202,'KACANGAN',NULL,NULL),(3522032001,3522,352203,'NGLAMPING',NULL,NULL),(3522032002,3522,352203,'KARANGMANGU',NULL,NULL),(3522032003,3522,352203,'NGAMBON',NULL,NULL),(3522032004,3522,352203,'SENGON',NULL,NULL),(3522032005,3522,352203,'BONDOL',NULL,NULL),(3522042001,3522,352204,'BUTOH',NULL,NULL),(3522042002,3522,352204,'TRENGGULUNAN',NULL,NULL),(3522042003,3522,352204,'SETREN',NULL,NULL),(3522042004,3522,352204,'MEDIYUNAN',NULL,NULL),(3522042005,3522,352204,'KOLONG',NULL,NULL),(3522042006,3522,352204,'SENDANGHARJO',NULL,NULL),(3522042007,3522,352204,'NGADILUWIH',NULL,NULL),(3522042008,3522,352204,'NGASEM',NULL,NULL),(3522042009,3522,352204,'BANDUNGREJO',NULL,NULL),(3522042010,3522,352204,'TENGGER',NULL,NULL),(3522042011,3522,352204,'NGANTRU',NULL,NULL),(3522042012,3522,352204,'SAMBONG',NULL,NULL),(3522042013,3522,352204,'DUKOHKIDUL',NULL,NULL),(3522042014,3522,352204,'WADANG',NULL,NULL),(3522042015,3522,352204,'JAMPET',NULL,NULL),(3522042016,3522,352204,'BARENG',NULL,NULL),(3522042017,3522,352204,'JELU',NULL,NULL),(3522052001,3522,352205,'BUBULAN',NULL,NULL),(3522052002,3522,352205,'CANCUNG',NULL,NULL),(3522052003,3522,352205,'CLEBUNG',NULL,NULL),(3522052004,3522,352205,'SUMBERBENDO',NULL,NULL),(3522052005,3522,352205,'NGOROGUNUNG',NULL,NULL),(3522062001,3522,352206,'NGUNUT',NULL,NULL),(3522062002,3522,352206,'DANDER',NULL,NULL),(3522062003,3522,352206,'GROWOK',NULL,NULL),(3522062004,3522,352206,'SUMBERARUM',NULL,NULL),(3522062005,3522,352206,'KUNCI',NULL,NULL),(3522062006,3522,352206,'JATIBLIMBING',NULL,NULL),(3522062007,3522,352206,'NGRASEH',NULL,NULL),(3522062008,3522,352206,'MOJORANU',NULL,NULL),(3522062009,3522,352206,'SENDANGREJO',NULL,NULL),(3522062010,3522,352206,'KARANGSONO',NULL,NULL),(3522062011,3522,352206,'SUMBERAGUNG',NULL,NULL),(3522062012,3522,352206,'SOMODIKARAN',NULL,NULL),(3522062013,3522,352206,'NGUMPAKDALEM',NULL,NULL),(3522062014,3522,352206,'SUMBERTLASEH',NULL,NULL),(3522062015,3522,352206,'NGULANAN',NULL,NULL),(3522062016,3522,352206,'NGABLAK',NULL,NULL),(3522072001,3522,352207,'BARENG',NULL,NULL),(3522072002,3522,352207,'DRENGES',NULL,NULL),(3522072003,3522,352207,'WEDORO',NULL,NULL),(3522072004,3522,352207,'PANUNGGALAN',NULL,NULL),(3522072005,3522,352207,'ALASGUNG',NULL,NULL),(3522072006,3522,352207,'SIWALAN',NULL,NULL),(3522072007,3522,352207,'GLAGAHAN',NULL,NULL),(3522072008,3522,352207,'PANEMON',NULL,NULL),(3522072009,3522,352207,'JATITENGAH',NULL,NULL),(3522072010,3522,352207,'SUGIHWARAS',NULL,NULL),(3522072011,3522,352207,'TRATE',NULL,NULL),(3522072012,3522,352207,'BULU',NULL,NULL),(3522072013,3522,352207,'NGLAJANG',NULL,NULL),(3522072014,3522,352207,'KEDUNGDOWO',NULL,NULL),(3522072015,3522,352207,'GLAGAHWANGI',NULL,NULL),(3522072016,3522,352207,'BALONGREJO',NULL,NULL),(3522072017,3522,352207,'GENJOR',NULL,NULL),(3522082001,3522,352208,'BABAD',NULL,NULL),(3522082002,3522,352208,'PEJOK',NULL,NULL),(3522082003,3522,352208,'DAYUKIDUL',NULL,NULL),(3522082004,3522,352208,'PANJANG',NULL,NULL),(3522082005,3522,352208,'TONDOMULO',NULL,NULL),(3522082006,3522,352208,'KESONGO',NULL,NULL),(3522082007,3522,352208,'KENDUNG',NULL,NULL),(3522082008,3522,352208,'MLIDEG',NULL,NULL),(3522082009,3522,352208,'TUMBRASANOM',NULL,NULL),(3522082010,3522,352208,'KEDUNGADEM',NULL,NULL),(3522082011,3522,352208,'DUWEL',NULL,NULL),(3522082012,3522,352208,'KEPOHKIDUL',NULL,NULL),(3522082013,3522,352208,'GEGER',NULL,NULL),(3522082014,3522,352208,'KEDUNGREJO',NULL,NULL),(3522082015,3522,352208,'MEGALE',NULL,NULL),(3522082016,3522,352208,'SIDOREJO',NULL,NULL),(3522082017,3522,352208,'DROKILO',NULL,NULL),(3522082018,3522,352208,'MOJOREJO',NULL,NULL),(3522082019,3522,352208,'JAMBEREJO',NULL,NULL),(3522082020,3522,352208,'SIDOMULYO',NULL,NULL),(3522082021,3522,352208,'TLOGOAGUNG',NULL,NULL),(3522082022,3522,352208,'NGRANDU',NULL,NULL),(3522082023,3522,352208,'BALONGCABE',NULL,NULL),(3522092001,3522,352209,'PEJOK',NULL,NULL),(3522092002,3522,352209,'CENGKIR',NULL,NULL),(3522092003,3522,352209,'KEPOH',NULL,NULL),(3522092004,3522,352209,'SIDOMUKTI',NULL,NULL),(3522092005,3522,352209,'SIMOREJO',NULL,NULL),(3522092006,3522,352209,'KRANGKONG',NULL,NULL),(3522092007,3522,352209,'NGLUMBER',NULL,NULL),(3522092008,3522,352209,'BRANGKAL',NULL,NULL),(3522092009,3522,352209,'MOJOSARI',NULL,NULL),(3522092010,3522,352209,'BALONGDOWO',NULL,NULL),(3522092011,3522,352209,'SUBEROTO',NULL,NULL),(3522092012,3522,352209,'POHWATES',NULL,NULL),(3522092013,3522,352209,'TURIGEDE',NULL,NULL),(3522092014,3522,352209,'BAYEMGEDE',NULL,NULL),(3522092015,3522,352209,'TLOGOREJO',NULL,NULL),(3522092016,3522,352209,'SUMBERAGUNG',NULL,NULL),(3522092017,3522,352209,'WORO',NULL,NULL),(3522092018,3522,352209,'BUMIREJO',NULL,NULL),(3522092019,3522,352209,'BETET',NULL,NULL),(3522092020,3522,352209,'JIPO',NULL,NULL),(3522092021,3522,352209,'NGRANGGONANYAR',NULL,NULL),(3522092022,3522,352209,'MUDUNG',NULL,NULL),(3522092023,3522,352209,'KARANGAN',NULL,NULL),(3522092024,3522,352209,'SUGIHWARAS',NULL,NULL),(3522092025,3522,352209,'SUMBERGEDE',NULL,NULL),(3522102001,3522,352210,'DRAJAT',NULL,NULL),(3522102002,3522,352210,'BANJARANYAR',NULL,NULL),(3522102003,3522,352210,'NGEMPLAK',NULL,NULL),(3522102004,3522,352210,'SRATUREJO',NULL,NULL),(3522102005,3522,352210,'BLONGSONG',NULL,NULL),(3522102006,3522,352210,'BAURENO',NULL,NULL),(3522102007,3522,352210,'TROJALU',NULL,NULL),(3522102008,3522,352210,'TULUNGAGUNG',NULL,NULL),(3522102009,3522,352210,'SELOREJO',NULL,NULL),(3522102010,3522,352210,'TLOGOAGUNG',NULL,NULL),(3522102011,3522,352210,'SUMURAGUNG',NULL,NULL),(3522102012,3522,352210,'GAJAH',NULL,NULL),(3522102013,3522,352210,'KALISARI',NULL,NULL),(3522102014,3522,352210,'TANGGUNGAN',NULL,NULL),(3522102015,3522,352210,'GUNUNGSARI',NULL,NULL),(3522102016,3522,352210,'BUMIAYU',NULL,NULL),(3522102017,3522,352210,'KAUMAN',NULL,NULL),(3522102018,3522,352210,'KARANGDAYU',NULL,NULL),(3522102019,3522,352210,'PASINAN',NULL,NULL),(3522102020,3522,352210,'BANJARAN',NULL,NULL),(3522102021,3522,352210,'SEMBUNGLOR',NULL,NULL),(3522102022,3522,352210,'POMAHAN',NULL,NULL),(3522102023,3522,352210,'PUCUNGARUM',NULL,NULL),(3522102024,3522,352210,'KEDUNGREJO',NULL,NULL),(3522102025,3522,352210,'LEBAKSARI',NULL,NULL),(3522112001,3522,352211,'SEMAMBUNG',NULL,NULL),(3522112002,3522,352211,'KANOR',NULL,NULL),(3522112003,3522,352211,'TAMBAHREJO',NULL,NULL),(3522112004,3522,352211,'PIYAK',NULL,NULL),(3522112005,3522,352211,'KABALAN',NULL,NULL),(3522112006,3522,352211,'CANGAAN',NULL,NULL),(3522112007,3522,352211,'SARANGAN',NULL,NULL),(3522112008,3522,352211,'TEJO',NULL,NULL),(3522112009,3522,352211,'SIMBATAN',NULL,NULL),(3522112010,3522,352211,'PESEN',NULL,NULL),(3522112011,3522,352211,'SAMBERAN',NULL,NULL),(3522112012,3522,352211,'PALEMBON',NULL,NULL),(3522112013,3522,352211,'SEDENG',NULL,NULL),(3522112014,3522,352211,'CARUBAN',NULL,NULL),(3522112015,3522,352211,'SUMBERWANGI',NULL,NULL),(3522112016,3522,352211,'PRIGI',NULL,NULL),(3522112017,3522,352211,'PILANG',NULL,NULL),(3522112018,3522,352211,'GEDONGARUM',NULL,NULL),(3522112019,3522,352211,'KEDUNGPRIMPEN',NULL,NULL),(3522112020,3522,352211,'TEMU',NULL,NULL),(3522112021,3522,352211,'SIMOREJO',NULL,NULL),(3522112022,3522,352211,'BUNGUR',NULL,NULL),(3522112023,3522,352211,'BAKUNG',NULL,NULL),(3522112024,3522,352211,'NGLARANGAN',NULL,NULL),(3522112025,3522,352211,'SROYO',NULL,NULL),(3522122001,3522,352212,'TLOGOHAJI',NULL,NULL),(3522122002,3522,352212,'NGAMPAL',NULL,NULL),(3522122003,3522,352212,'KEDUNGREJO',NULL,NULL),(3522122004,3522,352212,'MLINJENG',NULL,NULL),(3522122005,3522,352212,'BANJAREJO',NULL,NULL),(3522122006,3522,352212,'SUMBERREJO',NULL,NULL),(3522122007,3522,352212,'KAYULEMAH',NULL,NULL),(3522122008,3522,352212,'TELENG',NULL,NULL),(3522122009,3522,352212,'WOTAN',NULL,NULL),(3522122010,3522,352212,'SAMBONGREJO',NULL,NULL),(3522122011,3522,352212,'SENDANGAGUNG',NULL,NULL),(3522122012,3522,352212,'DERU',NULL,NULL),(3522122013,3522,352212,'PEKUWON',NULL,NULL),(3522122014,3522,352212,'KARANGDOWO',NULL,NULL),(3522122015,3522,352212,'PEJAMBON',NULL,NULL),(3522122016,3522,352212,'TULUNGREJO',NULL,NULL),(3522122017,3522,352212,'KARANGDINOYO',NULL,NULL),(3522122018,3522,352212,'BUTOH',NULL,NULL),(3522122019,3522,352212,'MEJUWET',NULL,NULL),(3522122020,3522,352212,'PRAYUNGAN',NULL,NULL),(3522122021,3522,352212,'SUMURAGUNG',NULL,NULL),(3522122022,3522,352212,'JATIGEDE',NULL,NULL),(3522122023,3522,352212,'TALUN',NULL,NULL),(3522122024,3522,352212,'BOGANGIN',NULL,NULL),(3522122025,3522,352212,'SUMBERHARJO',NULL,NULL),(3522122026,3522,352212,'MARGOAGUNG',NULL,NULL),(3522132001,3522,352213,'SIDOBANDUNG',NULL,NULL),(3522132002,3522,352213,'MAYANGKAWIS',NULL,NULL),(3522132003,3522,352213,'KENEP',NULL,NULL),(3522132004,3522,352213,'POHBOGO',NULL,NULL),(3522132005,3522,352213,'PENGANTEN',NULL,NULL),(3522132006,3522,352213,'BULAKLO',NULL,NULL),(3522132007,3522,352213,'BULU',NULL,NULL),(3522132008,3522,352213,'KEMAMANG',NULL,NULL),(3522132009,3522,352213,'NGADILUHUR',NULL,NULL),(3522132010,3522,352213,'KABUNAN',NULL,NULL),(3522132011,3522,352213,'SOBONTORO',NULL,NULL),(3522132012,3522,352213,'SUWALOH',NULL,NULL),(3522132013,3522,352213,'BALENREJO',NULL,NULL),(3522132014,3522,352213,'MARGOMULYO',NULL,NULL),(3522132015,3522,352213,'LENGKONG',NULL,NULL),(3522132016,3522,352213,'MULYOAGUNG',NULL,NULL),(3522132017,3522,352213,'SEKARAN',NULL,NULL),(3522132018,3522,352213,'PRAMBATAN',NULL,NULL),(3522132019,3522,352213,'KEDUNGDOWO',NULL,NULL),(3522132020,3522,352213,'KEDUNGBENDO',NULL,NULL),(3522132021,3522,352213,'PILANGGEDE',NULL,NULL),(3522132022,3522,352213,'SARIREJO',NULL,NULL),(3522132023,3522,352213,'MULYOREJO',NULL,NULL),(3522142001,3522,352214,'KUMPULREJO',NULL,NULL),(3522142002,3522,352214,'BENDO',NULL,NULL),(3522142003,3522,352214,'PADANGMENTOYO',NULL,NULL),(3522142004,3522,352214,'TAPELAN',NULL,NULL),(3522142005,3522,352214,'BANGILAN',NULL,NULL),(3522142006,3522,352214,'SEMBUNG',NULL,NULL),(3522142007,3522,352214,'TANJUNGHARJO',NULL,NULL),(3522142008,3522,352214,'WEDI',NULL,NULL),(3522142009,3522,352214,'PLESUNGAN',NULL,NULL),(3522142010,3522,352214,'KEDATON',NULL,NULL),(3522142011,3522,352214,'KAPAS',NULL,NULL),(3522142012,3522,352214,'SEMENPINGGIR',NULL,NULL),(3522142013,3522,352214,'BOGO',NULL,NULL),(3522142014,3522,352214,'BAKALAN',NULL,NULL),(3522142015,3522,352214,'MOJODESO',NULL,NULL),(3522142016,3522,352214,'SUKOWATI',NULL,NULL),(3522142017,3522,352214,'KALIANYAR',NULL,NULL),(3522142018,3522,352214,'TIKUSAN',NULL,NULL),(3522142019,3522,352214,'NGAMPEL',NULL,NULL),(3522142020,3522,352214,'SAMBIROTO',NULL,NULL),(3522142021,3522,352214,'KLAMPOK',NULL,NULL),(3522151001,3522,352215,'JETAK',NULL,NULL),(3522151004,3522,352215,'MOJOKAMPUNG',NULL,NULL),(3522151005,3522,352215,'KEPATIHAN',NULL,NULL),(3522151006,3522,352215,'SUMBANG',NULL,NULL),(3522151007,3522,352215,'KLANGON',NULL,NULL),(3522151009,3522,352215,'LEDOK KULON',NULL,NULL),(3522151010,3522,352215,'LEDOK WETAN',NULL,NULL),(3522151011,3522,352215,'KADIPATEN',NULL,NULL),(3522151012,3522,352215,'NGROWO',NULL,NULL),(3522151013,3522,352215,'KARANG PACAR',NULL,NULL),(3522151014,3522,352215,'BANJARREJO',NULL,NULL),(3522152002,3522,352215,'PACUL',NULL,NULL),(3522152003,3522,352215,'SUKOREJO',NULL,NULL),(3522152008,3522,352215,'KAUMAN',NULL,NULL),(3522152015,3522,352215,'CAMPUREJO',NULL,NULL),(3522152016,3522,352215,'MULYOAGUNG',NULL,NULL),(3522152017,3522,352215,'KALIREJO',NULL,NULL),(3522152018,3522,352215,'SEMANDING',NULL,NULL),(3522162006,3522,352216,'KALITIDU',NULL,NULL),(3522162007,3522,352216,'SUMENGKO',NULL,NULL),(3522162008,3522,352216,'MLATEN',NULL,NULL),(3522162009,3522,352216,'TALOK',NULL,NULL),(3522162010,3522,352216,'BRENGGOLO',NULL,NULL),(3522162011,3522,352216,'GREBEGAN',NULL,NULL),(3522162012,3522,352216,'WOTANNGARE',NULL,NULL),(3522162013,3522,352216,'PANJUNAN',NULL,NULL),(3522162014,3522,352216,'MAYANGGENENG',NULL,NULL),(3522162015,3522,352216,'MAYANGREJO',NULL,NULL),(3522162016,3522,352216,'PILANGSARI',NULL,NULL),(3522162017,3522,352216,'MOJOSARI',NULL,NULL),(3522162018,3522,352216,'PUNGPUNGAN',NULL,NULL),(3522162019,3522,352216,'NGUJO',NULL,NULL),(3522162020,3522,352216,'LERAN',NULL,NULL),(3522162021,3522,352216,'SUKOHARJO',NULL,NULL),(3522162022,3522,352216,'NGIRINGINREJO',NULL,NULL),(3522162023,3522,352216,'MOJO',NULL,NULL),(3522172001,3522,352217,'DUKOHLOR',NULL,NULL),(3522172002,3522,352217,'KACANGAN',NULL,NULL),(3522172003,3522,352217,'KEMIRI',NULL,NULL),(3522172004,3522,352217,'PETAK',NULL,NULL),(3522172005,3522,352217,'SUDAH',NULL,NULL),(3522172006,3522,352217,'RENDENG',NULL,NULL),(3522172007,3522,352217,'BANARAN',NULL,NULL),(3522172008,3522,352217,'NGUJUNG',NULL,NULL),(3522172009,3522,352217,'SUMBEREJO',NULL,NULL),(3522172010,3522,352217,'TAMBAKROMO',NULL,NULL),(3522172011,3522,352217,'TINAWUN',NULL,NULL),(3522172012,3522,352217,'KEDUNGREJO',NULL,NULL),(3522172013,3522,352217,'KETILENG',NULL,NULL),(3522172014,3522,352217,'MALO',NULL,NULL),(3522172015,3522,352217,'SUKOREJO',NULL,NULL),(3522172016,3522,352217,'KLITEH',NULL,NULL),(3522172017,3522,352217,'TREMBES',NULL,NULL),(3522172018,3522,352217,'SEMLARAN',NULL,NULL),(3522172019,3522,352217,'TANGGIR',NULL,NULL),(3522172020,3522,352217,'TULUNGAGUNG',NULL,NULL),(3522182001,3522,352218,'PELEM',NULL,NULL),(3522182002,3522,352218,'NGREJENG',NULL,NULL),(3522182003,3522,352218,'TLATAH',NULL,NULL),(3522182004,3522,352218,'KALIOMBO',NULL,NULL),(3522182005,3522,352218,'TINUMPUK',NULL,NULL),(3522182006,3522,352218,'PUNGGUR',NULL,NULL),(3522182007,3522,352218,'SEDAHKIDUL',NULL,NULL),(3522182008,3522,352218,'POJOK',NULL,NULL),(3522182009,3522,352218,'PURWOSARI',NULL,NULL),(3522182010,3522,352218,'GAPLUK',NULL,NULL),(3522182011,3522,352218,'KUNIRAN',NULL,NULL),(3522182012,3522,352218,'DONAN',NULL,NULL),(3522192001,3522,352219,'TEBON',NULL,NULL),(3522192002,3522,352219,'PRANGI',NULL,NULL),(3522192003,3522,352219,'PURWOREJO',NULL,NULL),(3522192004,3522,352219,'NGEPER',NULL,NULL),(3522192005,3522,352219,'NGASINAN',NULL,NULL),(3522192006,3522,352219,'CENDONO',NULL,NULL),(3522192007,3522,352219,'SIDOREJO',NULL,NULL),(3522192008,3522,352219,'NGUKEN',NULL,NULL),(3522192009,3522,352219,'DENGOK',NULL,NULL),(3522192010,3522,352219,'PADANGAN',NULL,NULL),(3522192011,3522,352219,'KUNCEN',NULL,NULL),(3522192012,3522,352219,'SONOREJO',NULL,NULL),(3522192013,3522,352219,'NGRADIN',NULL,NULL),(3522192014,3522,352219,'BANJAREJO',NULL,NULL),(3522192015,3522,352219,'KEBONAGUNG',NULL,NULL),(3522192016,3522,352219,'KENDUNG',NULL,NULL),(3522202001,3522,352220,'BATOKAN',NULL,NULL),(3522202002,3522,352220,'BETET',NULL,NULL),(3522202003,3522,352220,'TEMBELING',NULL,NULL),(3522202004,3522,352220,'SIDOMUKTI',NULL,NULL),(3522202005,3522,352220,'BASAH',NULL,NULL),(3522202006,3522,352220,'SAMBENG',NULL,NULL),(3522202007,3522,352220,'NGAGLIK',NULL,NULL),(3522202008,3522,352220,'KASIMAN',NULL,NULL),(3522202009,3522,352220,'SEKARAN',NULL,NULL),(3522202010,3522,352220,'TAMBAKMERAK',NULL,NULL),(3522212001,3522,352221,'KEDUNGSUMBER',NULL,NULL),(3522212002,3522,352221,'KEDUNGSARI',NULL,NULL),(3522212003,3522,352221,'PAPRINGAN',NULL,NULL),(3522212004,3522,352221,'SOKO',NULL,NULL),(3522212005,3522,352221,'PANDANTOYO',NULL,NULL),(3522212006,3522,352221,'BELUN',NULL,NULL),(3522212007,3522,352221,'TEMAYANG',NULL,NULL),(3522212008,3522,352221,'BAKULAN',NULL,NULL),(3522212009,3522,352221,'JONO',NULL,NULL),(3522212010,3522,352221,'NGUJUNG',NULL,NULL),(3522212011,3522,352221,'BUNTALAN',NULL,NULL),(3522212012,3522,352221,'PANCUR',NULL,NULL),(3522222001,3522,352222,'KALANGAN',NULL,NULL),(3522222002,3522,352222,'NGELO',NULL,NULL),(3522222003,3522,352222,'MARGOMULYO',NULL,NULL),(3522222004,3522,352222,'SUMBEREJO',NULL,NULL),(3522222005,3522,352222,'MEDURI',NULL,NULL),(3522222006,3522,352222,'GENENG',NULL,NULL),(3522232001,3522,352223,'BANJARSARI',NULL,NULL),(3522232002,3522,352223,'TULUNGREJO',NULL,NULL),(3522232003,3522,352223,'TRUCUK',NULL,NULL),(3522232004,3522,352223,'MORI',NULL,NULL),(3522232005,3522,352223,'PADANG',NULL,NULL),(3522232006,3522,352223,'SUMBEREJO',NULL,NULL),(3522232007,3522,352223,'GUYANGAN',NULL,NULL),(3522232008,3522,352223,'SRANAK',NULL,NULL),(3522232009,3522,352223,'SUMBANGTIMUN',NULL,NULL),(3522232010,3522,352223,'KANTEN',NULL,NULL),(3522232011,3522,352223,'KANDANGAN',NULL,NULL),(3522232012,3522,352223,'PAGERWESI',NULL,NULL),(3522242001,3522,352224,'SEMAWOT',NULL,NULL),(3522242002,3522,352224,'KALICILIK',NULL,NULL),(3522242003,3522,352224,'SUKOSEWU',NULL,NULL),(3522242004,3522,352224,'KLEPEK',NULL,NULL),(3522242005,3522,352224,'TEGALKODO',NULL,NULL),(3522242006,3522,352224,'SITIAJI',NULL,NULL),(3522242007,3522,352224,'PURWOASRI',NULL,NULL),(3522242008,3522,352224,'PACING',NULL,NULL),(3522242009,3522,352224,'JUMPUT',NULL,NULL),(3522242010,3522,352224,'DUYUNGAN',NULL,NULL),(3522242011,3522,352224,'SEMENKIDUL',NULL,NULL),(3522242012,3522,352224,'SIDODADI',NULL,NULL),(3522242013,3522,352224,'SIDOREJO',NULL,NULL),(3522242014,3522,352224,'SUMBEREJO KIDUL',NULL,NULL),(3522252001,3522,352225,'KAWENGAN',NULL,NULL),(3522252002,3522,352225,'WONOCOLO',NULL,NULL),(3522252003,3522,352225,'HARGOMULYO',NULL,NULL),(3522252004,3522,352225,'KEDEWAN',NULL,NULL),(3522252005,3522,352225,'BEJI',NULL,NULL),(3522262001,3522,352226,'KRONDONAN',NULL,NULL),(3522262002,3522,352226,'JARI',NULL,NULL),(3522262003,3522,352226,'SAMBONGREJO',NULL,NULL),(3522262004,3522,352226,'PAJENG',NULL,NULL),(3522262005,3522,352226,'GONDANG',NULL,NULL),(3522262006,3522,352226,'SENGANTEN',NULL,NULL),(3522262007,3522,352226,'PRAGELAN',NULL,NULL),(3522272001,3522,352227,'BOBOL',NULL,NULL),(3522272002,3522,352227,'MIYONO',NULL,NULL),(3522272003,3522,352227,'SEKAR',NULL,NULL),(3522272004,3522,352227,'KLINO',NULL,NULL),(3522272005,3522,352227,'DELING',NULL,NULL),(3522272006,3522,352227,'BARENG',NULL,NULL),(3522282001,3522,352228,'GAYAM',NULL,NULL),(3522282002,3522,352228,'BEGADON',NULL,NULL),(3522282003,3522,352228,'RINGINTUNGGAL',NULL,NULL),(3522282004,3522,352228,'MOJODELIK',NULL,NULL),(3522282005,3522,352228,'BRABOWAN',NULL,NULL),(3522282006,3522,352228,'BONOREJO',NULL,NULL),(3522282007,3522,352228,'BEGED',NULL,NULL),(3522282008,3522,352228,'KATUR',NULL,NULL),(3522282009,3522,352228,'NGRAHO',NULL,NULL),(3522282010,3522,352228,'SUDU',NULL,NULL),(3522282011,3522,352228,'CENGUNGKLUNG',NULL,NULL),(3522282012,3522,352228,'MANUKAN',NULL,NULL),(3523012001,3523,352301,'JLODRO',NULL,NULL),(3523012002,3523,352301,'SOKOGUNUNG',NULL,NULL),(3523012003,3523,352301,'JAMPRONG',NULL,NULL),(3523012004,3523,352301,'TAWARAN',NULL,NULL),(3523012005,3523,352301,'SIDOMUKTI',NULL,NULL),(3523012006,3523,352301,'BENDONGLATENG',NULL,NULL),(3523012007,3523,352301,'SIDOHASRI',NULL,NULL),(3523012008,3523,352301,'SIDOREJO',NULL,NULL),(3523012009,3523,352301,'SOKOGRENJENG',NULL,NULL),(3523022001,3523,352302,'KEBONHARJO',NULL,NULL),(3523022002,3523,352302,'WANGI',NULL,NULL),(3523022003,3523,352302,'KETODAN',NULL,NULL),(3523022004,3523,352302,'KARANGTENGAH',NULL,NULL),(3523022005,3523,352302,'BADER',NULL,NULL),(3523022006,3523,352302,'PASEYAN',NULL,NULL),(3523022007,3523,352302,'BESOWO',NULL,NULL),(3523022008,3523,352302,'JOMBOK',NULL,NULL),(3523022009,3523,352302,'SADANG',NULL,NULL),(3523022010,3523,352302,'WOTSOGO',NULL,NULL),(3523022011,3523,352302,'NGEPON',NULL,NULL),(3523022012,3523,352302,'SUGIHAN',NULL,NULL),(3523022013,3523,352302,'SIDOMULYO',NULL,NULL),(3523022014,3523,352302,'KEDUNGMAKAM',NULL,NULL),(3523022015,3523,352302,'DEMIT',NULL,NULL),(3523022016,3523,352302,'JATIKLABANG',NULL,NULL),(3523022017,3523,352302,'SEKARAN',NULL,NULL),(3523022018,3523,352302,'DINGIL',NULL,NULL),(3523032001,3523,352303,'KLAKEH',NULL,NULL),(3523032002,3523,352303,'BATE',NULL,NULL),(3523032003,3523,352303,'SIDOTENTREM',NULL,NULL),(3523032004,3523,352303,'KEDUNGJAMBANGAN',NULL,NULL),(3523032005,3523,352303,'KABLUKAN',NULL,NULL),(3523032006,3523,352303,'SIDOKUMPUL',NULL,NULL),(3523032007,3523,352303,'BANGILAN',NULL,NULL),(3523032008,3523,352303,'SIDODADI',NULL,NULL),(3523032009,3523,352303,'KUMPULREJO',NULL,NULL),(3523032010,3523,352303,'BANJARWORO',NULL,NULL),(3523032011,3523,352303,'NGROJO',NULL,NULL),(3523032012,3523,352303,'WEDEN',NULL,NULL),(3523032013,3523,352303,'KEDUNGHARJO',NULL,NULL),(3523032014,3523,352303,'KEDUNGMULYO',NULL,NULL),(3523042001,3523,352304,'TLOGOAGUNG',NULL,NULL),(3523042002,3523,352304,'NGUJURAN',NULL,NULL),(3523042003,3523,352304,'LATSARI',NULL,NULL),(3523042004,3523,352304,'SUKOLILO',NULL,NULL),(3523042005,3523,352304,'TENGGERKULON',NULL,NULL),(3523042006,3523,352304,'BULUJOWO',NULL,NULL),(3523042007,3523,352304,'SIDING',NULL,NULL),(3523042008,3523,352304,'TERGAMBANG',NULL,NULL),(3523042009,3523,352304,'BULUMEDURO',NULL,NULL),(3523042010,3523,352304,'BANJARJO',NULL,NULL),(3523042011,3523,352304,'BONCONG',NULL,NULL),(3523042012,3523,352304,'JATISARI',NULL,NULL),(3523042013,3523,352304,'SUMBERAN',NULL,NULL),(3523042014,3523,352304,'KAYEN',NULL,NULL),(3523042015,3523,352304,'BOGOREJO',NULL,NULL),(3523042016,3523,352304,'SEMBUNGIN',NULL,NULL),(3523042017,3523,352304,'KARANGREJO',NULL,NULL),(3523042018,3523,352304,'SUKOHARJO',NULL,NULL),(3523042019,3523,352304,'PUGOH',NULL,NULL),(3523042020,3523,352304,'BANCAR',NULL,NULL),(3523042021,3523,352304,'NGAMPELREJO',NULL,NULL),(3523042022,3523,352304,'SIDOMULYO',NULL,NULL),(3523042023,3523,352304,'MARGOSUKO',NULL,NULL),(3523042024,3523,352304,'CINGKLUNG',NULL,NULL),(3523052001,3523,352305,'MEDALEM',NULL,NULL),(3523052002,3523,352305,'JATISARI',NULL,NULL),(3523052003,3523,352305,'KALIGEDE',NULL,NULL),(3523052004,3523,352305,'BANYUURIP',NULL,NULL),(3523052005,3523,352305,'LERAN',NULL,NULL),(3523052006,3523,352305,'WONOSARI',NULL,NULL),(3523052007,3523,352305,'SENDANG',NULL,NULL),(3523052008,3523,352305,'WANGLUKULON',NULL,NULL),(3523052009,3523,352305,'WANGLUWETAN',NULL,NULL),(3523052010,3523,352305,'SIDOHARJO',NULL,NULL),(3523052011,3523,352305,'RAYUNG',NULL,NULL),(3523052012,3523,352305,'KATERBAN',NULL,NULL),(3523062001,3523,352306,'DIKIR',NULL,NULL),(3523062002,3523,352306,'NGULAHAN',NULL,NULL),(3523062003,3523,352306,'PLAJAN',NULL,NULL),(3523062004,3523,352306,'MANDER',NULL,NULL),(3523062005,3523,352306,'BELIKANGET',NULL,NULL),(3523062006,3523,352306,'COKROWATI',NULL,NULL),(3523062007,3523,352306,'PULOGEDE',NULL,NULL),(3523062008,3523,352306,'GADON',NULL,NULL),(3523062009,3523,352306,'SOTANG',NULL,NULL),(3523062010,3523,352306,'PABEYAN',NULL,NULL),(3523062011,3523,352306,'KLUTUK',NULL,NULL),(3523062012,3523,352306,'TAMBAKBOYO',NULL,NULL),(3523062013,3523,352306,'DASIN',NULL,NULL),(3523062014,3523,352306,'KENANTI',NULL,NULL),(3523062015,3523,352306,'SAWIR',NULL,NULL),(3523062016,3523,352306,'SOBONTORO',NULL,NULL),(3523062017,3523,352306,'MERKAWANG',NULL,NULL),(3523062018,3523,352306,'GLODONGGEDE',NULL,NULL),(3523072001,3523,352307,'LAJO KIDUL',NULL,NULL),(3523072002,3523,352307,'LAJO LOR',NULL,NULL),(3523072003,3523,352307,'TANGGIR',NULL,NULL),(3523072004,3523,352307,'TANJUNGREJO',NULL,NULL),(3523072005,3523,352307,'BINANGUN',NULL,NULL),(3523072006,3523,352307,'MERGOSARI',NULL,NULL),(3523072007,3523,352307,'MULYOAGUNG',NULL,NULL),(3523072008,3523,352307,'TUNGGULREJO',NULL,NULL),(3523072009,3523,352307,'TINGKIS',NULL,NULL),(3523072010,3523,352307,'MULYOREJO',NULL,NULL),(3523072011,3523,352307,'SARINGEMBAT',NULL,NULL),(3523072012,3523,352307,'KEDUNGJAMBE',NULL,NULL),(3523082001,3523,352308,'GEMULUNG',NULL,NULL),(3523082002,3523,352308,'SIDONGANTI',NULL,NULL),(3523082003,3523,352308,'TRANTANG',NULL,NULL),(3523082004,3523,352308,'WOLUTENGAH',NULL,NULL),(3523082005,3523,352308,'TENGGERWETAN',NULL,NULL),(3523082006,3523,352308,'GAJI',NULL,NULL),(3523082007,3523,352308,'HARGORETNO',NULL,NULL),(3523082008,3523,352308,'MARGOREJO',NULL,NULL),(3523082009,3523,352308,'KEDUNGREJO',NULL,NULL),(3523082010,3523,352308,'JAROREJO',NULL,NULL),(3523082011,3523,352308,'MLIWANG',NULL,NULL),(3523082012,3523,352308,'KASIMAN',NULL,NULL),(3523082013,3523,352308,'MARGOMULYO',NULL,NULL),(3523082014,3523,352308,'TEMAYANG',NULL,NULL),(3523082015,3523,352308,'SUMBERARUM',NULL,NULL),(3523082016,3523,352308,'KARANGLO',NULL,NULL),(3523082017,3523,352308,'PADASAN',NULL,NULL),(3523092001,3523,352309,'SEMBUNG',NULL,NULL),(3523092002,3523,352309,'KEMLATEN',NULL,NULL),(3523092003,3523,352309,'SUKOREJO',NULL,NULL),(3523092004,3523,352309,'NGAWUN',NULL,NULL),(3523092005,3523,352309,'MERGOASRI',NULL,NULL),(3523092006,3523,352309,'KUMPULREJO',NULL,NULL),(3523092007,3523,352309,'PARANGBATU',NULL,NULL),(3523092008,3523,352309,'WUKIRHARJO',NULL,NULL),(3523092009,3523,352309,'CENGKONG',NULL,NULL),(3523092010,3523,352309,'BRANGKAL',NULL,NULL),(3523092011,3523,352309,'MARGOREJO',NULL,NULL),(3523092012,3523,352309,'DAGANGAN',NULL,NULL),(3523092013,3523,352309,'SUCIHARJO',NULL,NULL),(3523092014,3523,352309,'PACING',NULL,NULL),(3523092015,3523,352309,'SELOGABUS',NULL,NULL),(3523092016,3523,352309,'SUGIHWARAS',NULL,NULL),(3523092017,3523,352309,'SENDANGREJO',NULL,NULL),(3523092018,3523,352309,'MOJOMALANG',NULL,NULL),(3523102001,3523,352310,'GUWOTERUS',NULL,NULL),(3523102002,3523,352310,'NGULUHAN',NULL,NULL),(3523102003,3523,352310,'TANGGULANGIN',NULL,NULL),(3523102004,3523,352310,'MANJUNG',NULL,NULL),(3523102005,3523,352310,'TALANGKEMBAR',NULL,NULL),(3523102006,3523,352310,'MONTONGSEKAR',NULL,NULL),(3523102007,3523,352310,'PAKEL',NULL,NULL),(3523102008,3523,352310,'SUMURGUNG',NULL,NULL),(3523102009,3523,352310,'BRINGIN',NULL,NULL),(3523102010,3523,352310,'PUCANGAN',NULL,NULL),(3523102011,3523,352310,'MAINDU',NULL,NULL),(3523102012,3523,352310,'JETAK',NULL,NULL),(3523102013,3523,352310,'TALUN',NULL,NULL),(3523112001,3523,352311,'TLUWE',NULL,NULL),(3523112002,3523,352311,'WADUNG',NULL,NULL),(3523112003,3523,352311,'JATI',NULL,NULL),(3523112004,3523,352311,'MENILO',NULL,NULL),(3523112005,3523,352311,'CEKALANG',NULL,NULL),(3523112006,3523,352311,'PANDANAGUNG',NULL,NULL),(3523112007,3523,352311,'PRAMBONTERGAYANG',NULL,NULL),(3523112008,3523,352311,'KLUMPIT',NULL,NULL),(3523112009,3523,352311,'SIMO',NULL,NULL),(3523112010,3523,352311,'MENTORO',NULL,NULL),(3523112012,3523,352311,'KENDALREJO',NULL,NULL),(3523112013,3523,352311,'NGURUAN',NULL,NULL),(3523112014,3523,352311,'JEGULO',NULL,NULL),(3523112015,3523,352311,'SOKOSARI',NULL,NULL),(3523112016,3523,352311,'BANGUNREJO',NULL,NULL),(3523112017,3523,352311,'MOJOAGUNG',NULL,NULL),(3523112019,3523,352311,'GUNUNGANYAR',NULL,NULL),(3523112020,3523,352311,'SUMURCINDE',NULL,NULL),(3523112021,3523,352311,'PANDANWANGI',NULL,NULL),(3523112022,3523,352311,'SANDINGROWO',NULL,NULL),(3523112023,3523,352311,'RAHAYU',NULL,NULL),(3523112024,3523,352311,'GLAGAHSARI',NULL,NULL),(3523112025,3523,352311,'KENONGOSARI',NULL,NULL),(3523122001,3523,352312,'KARANGASEM',NULL,NULL),(3523122002,3523,352312,'SOCOREJO',NULL,NULL),(3523122003,3523,352312,'TEMAJI',NULL,NULL),(3523122004,3523,352312,'PURWOREJO',NULL,NULL),(3523122005,3523,352312,'TASIKHARJO',NULL,NULL),(3523122006,3523,352312,'SUMURGENENG',NULL,NULL),(3523122007,3523,352312,'SUWALAN',NULL,NULL),(3523122008,3523,352312,'REMEN',NULL,NULL),(3523122009,3523,352312,'BEJI',NULL,NULL),(3523122010,3523,352312,'WADUNG',NULL,NULL),(3523122011,3523,352312,'RAWASAN',NULL,NULL),(3523122012,3523,352312,'MENTOSO',NULL,NULL),(3523122013,3523,352312,'JENGGOLO',NULL,NULL),(3523122014,3523,352312,'KALIUNTU',NULL,NULL),(3523122015,3523,352312,'SEKARDADI',NULL,NULL),(3523122016,3523,352312,'JENU',NULL,NULL),(3523122017,3523,352312,'SUGIHWARAS',NULL,NULL),(3523132001,3523,352313,'TLOGOWARU',NULL,NULL),(3523132002,3523,352313,'TOBO',NULL,NULL),(3523132003,3523,352313,'TEMANDANG',NULL,NULL),(3523132004,3523,352313,'TUWIRI WETAN',NULL,NULL),(3523132005,3523,352313,'PONGPONGAN',NULL,NULL),(3523132006,3523,352313,'TUWIRI KULON',NULL,NULL),(3523132007,3523,352313,'SUGIHAN',NULL,NULL),(3523132008,3523,352313,'SENORI',NULL,NULL),(3523132009,3523,352313,'SEMBUNGREJO',NULL,NULL),(3523132010,3523,352313,'KAPU',NULL,NULL),(3523132011,3523,352313,'TAHULU',NULL,NULL),(3523132012,3523,352313,'TEGALREJO',NULL,NULL),(3523132013,3523,352313,'BOREHBANGLE',NULL,NULL),(3523132014,3523,352313,'SAMBONGGEDE',NULL,NULL),(3523132015,3523,352313,'SUMBER',NULL,NULL),(3523132016,3523,352313,'MANDIREJO',NULL,NULL),(3523132017,3523,352313,'SENDANGHAJI',NULL,NULL),(3523132018,3523,352313,'BOGOREJO',NULL,NULL),(3523132019,3523,352313,'SUMBERJO',NULL,NULL),(3523142004,3523,352314,'KEBONAGUNG',NULL,NULL),(3523142005,3523,352314,'PEKUWON',NULL,NULL),(3523142007,3523,352314,'RENGEL',NULL,NULL),(3523142008,3523,352314,'MAIBIT',NULL,NULL),(3523142009,3523,352314,'BULUREJO',NULL,NULL),(3523142010,3523,352314,'KARANGTINOTO',NULL,NULL),(3523142011,3523,352314,'SAWAHAN',NULL,NULL),(3523142013,3523,352314,'KANOREJO',NULL,NULL),(3523142014,3523,352314,'TAMBAKREJO',NULL,NULL),(3523142016,3523,352314,'NGADIREJO',NULL,NULL),(3523142017,3523,352314,'SUMBEREJO',NULL,NULL),(3523142018,3523,352314,'PUNGGULREJO',NULL,NULL),(3523142019,3523,352314,'CAMPUREJO',NULL,NULL),(3523142020,3523,352314,'BANJARAGUNG',NULL,NULL),(3523142021,3523,352314,'BANJARARUM',NULL,NULL),(3523142022,3523,352314,'PRAMBONWETAN',NULL,NULL),(3523151006,3523,352315,'KARANG',NULL,NULL),(3523151015,3523,352315,'GEDONGOMBO',NULL,NULL),(3523152001,3523,352315,'JADI',NULL,NULL),(3523152002,3523,352315,'BOTO',NULL,NULL),(3523152003,3523,352315,'PRUNGGAHAN KULON',NULL,NULL),(3523152004,3523,352315,'TEGALAGUNG',NULL,NULL),(3523152009,3523,352315,'BEKTIHARJO',NULL,NULL),(3523152010,3523,352315,'NGINO',NULL,NULL),(3523152011,3523,352315,'PRUNGGAHAN WETAN',NULL,NULL),(3523152012,3523,352315,'SAMBONGREJO',NULL,NULL),(3523152013,3523,352315,'SEMANDING',NULL,NULL),(3523152014,3523,352315,'BEJAGUNG',NULL,NULL),(3523152016,3523,352315,'PENAMBANGAN',NULL,NULL),(3523152017,3523,352315,'GENAHARJO',NULL,NULL),(3523152018,3523,352315,'KOWANG',NULL,NULL),(3523152019,3523,352315,'TUNAH',NULL,NULL),(3523152020,3523,352315,'GESING',NULL,NULL),(3523161003,3523,352316,'MONDOKAN',NULL,NULL),(3523161005,3523,352316,'PERBON',NULL,NULL),(3523161006,3523,352316,'LATSARI',NULL,NULL),(3523161007,3523,352316,'KARANGSARI',NULL,NULL),(3523161008,3523,352316,'KINGKING',NULL,NULL),(3523161009,3523,352316,'RONGGOMULYO',NULL,NULL),(3523161010,3523,352316,'SIDOREJO',NULL,NULL),(3523161011,3523,352316,'DOROMUKTI',NULL,NULL),(3523161012,3523,352316,'SIDOMULYO',NULL,NULL),(3523161013,3523,352316,'KUTOREJO',NULL,NULL),(3523161014,3523,352316,'KEBONSARI',NULL,NULL),(3523161015,3523,352316,'SENDANGHARJO',NULL,NULL),(3523161016,3523,352316,'BATURETNO',NULL,NULL),(3523161017,3523,352316,'SUKOLILO',NULL,NULL),(3523162001,3523,352316,'SUMURGUNG',NULL,NULL),(3523162002,3523,352316,'SUGIHARJO',NULL,NULL),(3523162004,3523,352316,'KEMBANGBILO',NULL,NULL),(3523172001,3523,352317,'TRUTUP',NULL,NULL),(3523172002,3523,352317,'KESAMBEN',NULL,NULL),(3523172003,3523,352317,'KEPOHAGUNG',NULL,NULL),(3523172004,3523,352317,'KEDUNGROJO',NULL,NULL),(3523172005,3523,352317,'SUMURJALAK',NULL,NULL),(3523172006,3523,352317,'SEMBUNGREJO',NULL,NULL),(3523172007,3523,352317,'SUMBERAGUNG',NULL,NULL),(3523172008,3523,352317,'CANGKRING',NULL,NULL),(3523172009,3523,352317,'PLUMPANG',NULL,NULL),(3523172010,3523,352317,'PLANDIREJO',NULL,NULL),(3523172011,3523,352317,'NGRAYUNG',NULL,NULL),(3523172012,3523,352317,'BANDUNGREJO',NULL,NULL),(3523172013,3523,352317,'JATIMULYO',NULL,NULL),(3523172014,3523,352317,'KLOTOK',NULL,NULL),(3523172015,3523,352317,'MAGERSARI',NULL,NULL),(3523172016,3523,352317,'KEBOMLATI',NULL,NULL),(3523172017,3523,352317,'PENIDON',NULL,NULL),(3523172018,3523,352317,'KEDUNGSOKO',NULL,NULL),(3523181001,3523,352318,'PAYURAN',NULL,NULL),(3523182002,3523,352318,'TASIKMADU',NULL,NULL),(3523182003,3523,352318,'TEGALBANG',NULL,NULL),(3523182004,3523,352318,'SUMURGUNG',NULL,NULL),(3523182005,3523,352318,'KRADENAN',NULL,NULL),(3523182006,3523,352318,'DAWUNG',NULL,NULL),(3523182007,3523,352318,'CENDORO',NULL,NULL),(3523182008,3523,352318,'NGIMBANG',NULL,NULL),(3523182009,3523,352318,'PUCANGAN',NULL,NULL),(3523182010,3523,352318,'GESIKHARJO',NULL,NULL),(3523182011,3523,352318,'PALANG',NULL,NULL),(3523182012,3523,352318,'GLODOG',NULL,NULL),(3523182013,3523,352318,'LERAN KULON',NULL,NULL),(3523182014,3523,352318,'LERAN WETAN',NULL,NULL),(3523182015,3523,352318,'WANGUN',NULL,NULL),(3523182016,3523,352318,'KARANGAGUNG',NULL,NULL),(3523182017,3523,352318,'PLIWETAN',NULL,NULL),(3523182018,3523,352318,'CEPOKOREJO',NULL,NULL),(3523182019,3523,352318,'KETAMBUL',NULL,NULL),(3523192001,3523,352319,'PATIHAN',NULL,NULL),(3523192002,3523,352319,'MINOHOREJO',NULL,NULL),(3523192003,3523,352319,'MRUTUK',NULL,NULL),(3523192004,3523,352319,'COMPRENG',NULL,NULL),(3523192005,3523,352319,'SUMBERJO',NULL,NULL),(3523192006,3523,352319,'NGADIPURO',NULL,NULL),(3523192007,3523,352319,'NGADIREJO',NULL,NULL),(3523192008,3523,352319,'BUNUT',NULL,NULL),(3523192009,3523,352319,'WIDANG',NULL,NULL),(3523192010,3523,352319,'BANJAR',NULL,NULL),(3523192011,3523,352319,'TEGALSARI',NULL,NULL),(3523192012,3523,352319,'MLANGI',NULL,NULL),(3523192013,3523,352319,'SIMOREJO',NULL,NULL),(3523192014,3523,352319,'KEDUNGHARJO',NULL,NULL),(3523192015,3523,352319,'KUJUNG',NULL,NULL),(3523192016,3523,352319,'TEGALREJO',NULL,NULL),(3523202001,3523,352320,'NGARUM',NULL,NULL),(3523202002,3523,352320,'NGREJENG',NULL,NULL),(3523202003,3523,352320,'GRABAGAN',NULL,NULL),(3523202004,3523,352320,'WALERAN',NULL,NULL),(3523202005,3523,352320,'BANYUBANG',NULL,NULL),(3523202006,3523,352320,'GESIKAN',NULL,NULL),(3523202007,3523,352320,'NGANDONG',NULL,NULL),(3523202008,3523,352320,'DAHOR',NULL,NULL),(3523202009,3523,352320,'DERMAWUHARJO',NULL,NULL),(3523202010,3523,352320,'MENYUNYUR',NULL,NULL),(3523202011,3523,352320,'PAKIS',NULL,NULL),(3524012001,3524,352401,'SEMBUNG',NULL,NULL),(3524012002,3524,352401,'BANGGLE',NULL,NULL),(3524012003,3524,352401,'KEDUNGKUMPUL',NULL,NULL),(3524012004,3524,352401,'SUKORAME',NULL,NULL),(3524012005,3524,352401,'MRAGEL',NULL,NULL),(3524012006,3524,352401,'KEDUNGREJO',NULL,NULL),(3524012007,3524,352401,'SEWOR',NULL,NULL),(3524012008,3524,352401,'WEDORO',NULL,NULL),(3524012009,3524,352401,'PENDOWOKUMPUL',NULL,NULL),(3524022001,3524,352402,'TALUNREJO',NULL,NULL),(3524022002,3524,352402,'BANJARGONDANG',NULL,NULL),(3524022003,3524,352402,'BLULUK',NULL,NULL),(3524022004,3524,352402,'CANGKRING',NULL,NULL),(3524022005,3524,352402,'BRONJONG',NULL,NULL),(3524022006,3524,352402,'SONGOWARENG',NULL,NULL),(3524022007,3524,352402,'KUWUREJO',NULL,NULL),(3524022008,3524,352402,'SUMBERBANJAR',NULL,NULL),(3524022009,3524,352402,'PRIMPEN',NULL,NULL),(3524032001,3524,352403,'JEGREG',NULL,NULL),(3524032002,3524,352403,'KEDUNGPENGARON',NULL,NULL),(3524032003,3524,352403,'SUMBERAGUNG',NULL,NULL),(3524032004,3524,352403,'KEDUNGLEREP',NULL,NULL),(3524032005,3524,352403,'JATIPAYAK',NULL,NULL),(3524032006,3524,352403,'KEDUNGWARAS',NULL,NULL),(3524032007,3524,352403,'SIDOMULYO',NULL,NULL),(3524032008,3524,352403,'SAMBANGREJO',NULL,NULL),(3524032009,3524,352403,'MEDALEM',NULL,NULL),(3524032010,3524,352403,'SIDODOWO',NULL,NULL),(3524032011,3524,352403,'MOJOREJO',NULL,NULL),(3524032012,3524,352403,'SAMBUNGREJO',NULL,NULL),(3524032013,3524,352403,'KEDUNGREJO',NULL,NULL),(3524032014,3524,352403,'KACANGAN',NULL,NULL),(3524032015,3524,352403,'NGUWOK',NULL,NULL),(3524032016,3524,352403,'PULE',NULL,NULL),(3524032017,3524,352403,'YUNGYANG',NULL,NULL),(3524042001,3524,352404,'KEDUNGMENTAWAR',NULL,NULL),(3524042002,3524,352404,'CERME',NULL,NULL),(3524042003,3524,352404,'GEBANGANGKRIK',NULL,NULL),(3524042004,3524,352404,'NGASEMLEMAHBANG',NULL,NULL),(3524042005,3524,352404,'SLAHARWOTAN',NULL,NULL),(3524042006,3524,352404,'GANGGANGTINGAN',NULL,NULL),(3524042007,3524,352404,'JEJEL',NULL,NULL),(3524042008,3524,352404,'PURWOKERTO',NULL,NULL),(3524042009,3524,352404,'KAKATPENJALIN',NULL,NULL),(3524042010,3524,352404,'TLEMANG',NULL,NULL),(3524042011,3524,352404,'MENDOGO',NULL,NULL),(3524042012,3524,352404,'LAWAK',NULL,NULL),(3524042013,3524,352404,'DRUJUGURIT',NULL,NULL),(3524042014,3524,352404,'GIRIK',NULL,NULL),(3524042015,3524,352404,'MUNUNGREJO',NULL,NULL),(3524042016,3524,352404,'NGIMBANG',NULL,NULL),(3524042017,3524,352404,'DURIKEDUNGJERO',NULL,NULL),(3524042018,3524,352404,'LAMONGREJO',NULL,NULL),(3524042019,3524,352404,'SENDANGREJO',NULL,NULL),(3524051001,3524,352405,'BANARAN',NULL,NULL),(3524051003,3524,352405,'BABAT',NULL,NULL),(3524052002,3524,352405,'KARANGKEMBANG',NULL,NULL),(3524052004,3524,352405,'PUCAKWANGI',NULL,NULL),(3524052005,3524,352405,'SOGO',NULL,NULL),(3524052006,3524,352405,'BEDAHAN',NULL,NULL),(3524052007,3524,352405,'TRUNI',NULL,NULL),(3524052008,3524,352405,'GENDONGKULON',NULL,NULL),(3524052009,3524,352405,'PLAOSAN',NULL,NULL),(3524052010,3524,352405,'TREPAN',NULL,NULL),(3524052011,3524,352405,'KURIPAN',NULL,NULL),(3524052012,3524,352405,'KEBALANPELANG',NULL,NULL),(3524052013,3524,352405,'SUMURGENUK',NULL,NULL),(3524052014,3524,352405,'GEMBONG',NULL,NULL),(3524052015,3524,352405,'BULUMARGI',NULL,NULL),(3524052016,3524,352405,'DATINAWONG',NULL,NULL),(3524052017,3524,352405,'KEBALANDONO',NULL,NULL),(3524052018,3524,352405,'PATIHAN',NULL,NULL),(3524052019,3524,352405,'MOROPELANG',NULL,NULL),(3524052020,3524,352405,'KEYONGAN',NULL,NULL),(3524052021,3524,352405,'SAMBANGAN',NULL,NULL),(3524052022,3524,352405,'TRITUNGGAL',NULL,NULL),(3524052023,3524,352405,'KEBONAGUNG',NULL,NULL),(3524062001,3524,352406,'DRADAHBLUMBANG',NULL,NULL),(3524062002,3524,352406,'KALEN',NULL,NULL),(3524062003,3524,352406,'MOJODADI',NULL,NULL),(3524062004,3524,352406,'GUNUNGREJO',NULL,NULL),(3524062005,3524,352406,'WARUNGRING',NULL,NULL),(3524062006,3524,352406,'JATIDROJOG',NULL,NULL),(3524062007,3524,352406,'KRADENANREJO',NULL,NULL),(3524062008,3524,352406,'KANDANGREJO',NULL,NULL),(3524062009,3524,352406,'KEDUNGPRING',NULL,NULL),(3524062010,3524,352406,'TLANAK',NULL,NULL),(3524062011,3524,352406,'SUKOMALO',NULL,NULL),(3524062012,3524,352406,'MLATI',NULL,NULL),(3524062013,3524,352406,'KARANGCANGKRING',NULL,NULL),(3524062014,3524,352406,'MEKANDEREJO',NULL,NULL),(3524062015,3524,352406,'BANJAREJO',NULL,NULL),(3524062016,3524,352406,'SIDOBANGUN',NULL,NULL),(3524062017,3524,352406,'BLAWIREJO',NULL,NULL),(3524062018,3524,352406,'MAINDU',NULL,NULL),(3524062019,3524,352406,'TENGGEREJO',NULL,NULL),(3524062020,3524,352406,'MAJENANG',NULL,NULL),(3524062021,3524,352406,'SIDOMLANGEAN',NULL,NULL),(3524062022,3524,352406,'NGLEBUR',NULL,NULL),(3524062023,3524,352406,'SUMENGKO',NULL,NULL),(3524071010,3524,352407,'BRONDONG',NULL,NULL),(3524072001,3524,352407,'LOHGUNG',NULL,NULL),(3524072002,3524,352407,'LABUHAN',NULL,NULL),(3524072003,3524,352407,'SIDOMUKTI',NULL,NULL),(3524072004,3524,352407,'BRENGKOK',NULL,NULL),(3524072005,3524,352407,'TLOGORETNO',NULL,NULL),(3524072006,3524,352407,'SENDANGHARJO',NULL,NULL),(3524072007,3524,352407,'LEMBOR',NULL,NULL),(3524072008,3524,352407,'SEDAYULAWAS',NULL,NULL),(3524072009,3524,352407,'SUMBERAGUNG',NULL,NULL),(3524082001,3524,352408,'DATENG',NULL,NULL),(3524082002,3524,352408,'JABUNG',NULL,NULL),(3524082003,3524,352408,'KEDUYUNG',NULL,NULL),(3524082004,3524,352408,'CENTINI',NULL,NULL),(3524082005,3524,352408,'DURIKULON',NULL,NULL),(3524082006,3524,352408,'PESANGGRAHAN',NULL,NULL),(3524082007,3524,352408,'GELAP',NULL,NULL),(3524082008,3524,352408,'MOJOASEM',NULL,NULL),(3524082009,3524,352408,'SISER',NULL,NULL),(3524082010,3524,352408,'BULUTIGO',NULL,NULL),(3524082011,3524,352408,'PELANGWOT',NULL,NULL),(3524082012,3524,352408,'LAREN',NULL,NULL),(3524082013,3524,352408,'GAMPANGSEJATI',NULL,NULL),(3524082014,3524,352408,'TAMANPRIJEG',NULL,NULL),(3524082015,3524,352408,'KARANGTAWAR',NULL,NULL),(3524082016,3524,352408,'TEJOASRI',NULL,NULL),(3524082017,3524,352408,'GODOG',NULL,NULL),(3524082018,3524,352408,'BULUBRANGSI',NULL,NULL),(3524082019,3524,352408,'KARANGWUNGULOR',NULL,NULL),(3524082020,3524,352408,'BRANGSI',NULL,NULL),(3524092001,3524,352409,'BESUR',NULL,NULL),(3524092002,3524,352409,'TITIK',NULL,NULL),(3524092003,3524,352409,'KENDAL',NULL,NULL),(3524092004,3524,352409,'KETING',NULL,NULL),(3524092005,3524,352409,'NGARUM',NULL,NULL),(3524092006,3524,352409,'KEBALANKULON',NULL,NULL),(3524092007,3524,352409,'KUDIKAN',NULL,NULL),(3524092008,3524,352409,'JUGO',NULL,NULL),(3524092009,3524,352409,'MANYAR',NULL,NULL),(3524092010,3524,352409,'TROSONO',NULL,NULL),(3524092011,3524,352409,'LATEK',NULL,NULL),(3524092012,3524,352409,'MIRU',NULL,NULL),(3524092013,3524,352409,'SEKARAN',NULL,NULL),(3524092014,3524,352409,'MORO',NULL,NULL),(3524092015,3524,352409,'KARANG',NULL,NULL),(3524092016,3524,352409,'KEMBANGAN',NULL,NULL),(3524092017,3524,352409,'SIMAN',NULL,NULL),(3524092018,3524,352409,'BULUTENGGER',NULL,NULL),(3524092019,3524,352409,'PORODESO',NULL,NULL),(3524092020,3524,352409,'BUGEL',NULL,NULL),(3524092021,3524,352409,'SUNGEGENENG',NULL,NULL),(3524102001,3524,352410,'DURIWETAN',NULL,NULL),(3524102002,3524,352410,'TAJI',NULL,NULL),(3524102003,3524,352410,'BRUMBUN',NULL,NULL),(3524102004,3524,352410,'SIWURAN',NULL,NULL),(3524102005,3524,352410,'KLAGENSRAMPAT',NULL,NULL),(3524102006,3524,352410,'PANGEAN',NULL,NULL),(3524102007,3524,352410,'MADURAN',NULL,NULL),(3524102008,3524,352410,'JANGKUNGSOMO',NULL,NULL),(3524102009,3524,352410,'PARENGAN',NULL,NULL),(3524102010,3524,352410,'PANGKATREJO',NULL,NULL),(3524102011,3524,352410,'KANUGRAHAN',NULL,NULL),(3524102012,3524,352410,'GUMANTUK',NULL,NULL),(3524102013,3524,352410,'NGAYUNG',NULL,NULL),(3524102014,3524,352410,'PRINGGOBOYO',NULL,NULL),(3524102015,3524,352410,'GEDANGAN',NULL,NULL),(3524102016,3524,352410,'TURI',NULL,NULL),(3524102017,3524,352410,'BLUMBANG',NULL,NULL),(3524112001,3524,352411,'SIDOKUMPUL',NULL,NULL),(3524112002,3524,352411,'PASARLEGI',NULL,NULL),(3524112003,3524,352411,'SEMAMPIREJO',NULL,NULL),(3524112004,3524,352411,'WATESWINANGUN',NULL,NULL),(3524112005,3524,352411,'SUMBERSARI',NULL,NULL),(3524112006,3524,352411,'PATAAN',NULL,NULL),(3524112007,3524,352411,'TENGGIRING',NULL,NULL),(3524112008,3524,352411,'GARUNG',NULL,NULL),(3524112009,3524,352411,'WONOREJO',NULL,NULL),(3524112010,3524,352411,'ARDIREJO',NULL,NULL),(3524112011,3524,352411,'SEKIDANG',NULL,NULL),(3524112012,3524,352411,'KEDUNGWANGI',NULL,NULL),(3524112013,3524,352411,'JATIPANDAK',NULL,NULL),(3524112014,3524,352411,'CANDISARI',NULL,NULL),(3524112015,3524,352411,'NOGOJATISARI',NULL,NULL),(3524112016,3524,352411,'PAMOTAN',NULL,NULL),(3524112017,3524,352411,'WUDI',NULL,NULL),(3524112018,3524,352411,'BARUREJO',NULL,NULL),(3524112019,3524,352411,'KEDUNGBANJAR',NULL,NULL),(3524112020,3524,352411,'GEMPOLMANIS',NULL,NULL),(3524112021,3524,352411,'SELOREJO',NULL,NULL),(3524112022,3524,352411,'KRETERANGGON',NULL,NULL),(3524122001,3524,352412,'SIDOBOGEM',NULL,NULL),(3524122002,3524,352412,'KALITENGAH',NULL,NULL),(3524122003,3524,352412,'KEDUNGDADI',NULL,NULL),(3524122004,3524,352412,'SIDOREJO',NULL,NULL),(3524122005,3524,352412,'KEDUNGBANJAR',NULL,NULL),(3524122006,3524,352412,'BEDINGIN',NULL,NULL),(3524122007,3524,352412,'BAKALREJO',NULL,NULL),(3524122008,3524,352412,'GONDANGLOR',NULL,NULL),(3524122009,3524,352412,'PANGKATREJO',NULL,NULL),(3524122010,3524,352412,'KARANGSAMBIGALIH',NULL,NULL),(3524122011,3524,352412,'SUPENUH',NULL,NULL),(3524122012,3524,352412,'LEBAKADI',NULL,NULL),(3524122013,3524,352412,'DEKETAGUNG',NULL,NULL),(3524122014,3524,352412,'JUBELLOR',NULL,NULL),(3524122015,3524,352412,'SUGIO',NULL,NULL),(3524122016,3524,352412,'DALIWANGUN',NULL,NULL),(3524122017,3524,352412,'JUBELKIDUL',NULL,NULL),(3524122018,3524,352412,'LAWANGANAGUNG',NULL,NULL),(3524122019,3524,352412,'KALIPANG',NULL,NULL),(3524122020,3524,352412,'GERMAN',NULL,NULL),(3524122021,3524,352412,'SEKARBAGUS',NULL,NULL),(3524132001,3524,352413,'PUCUK',NULL,NULL),(3524132002,3524,352413,'GEMPOLPADING',NULL,NULL),(3524132003,3524,352413,'KESAMBI',NULL,NULL),(3524132004,3524,352413,'PLOSOSETRO',NULL,NULL),(3524132005,3524,352413,'WANAR',NULL,NULL),(3524132006,3524,352413,'KARANGTINGGIL',NULL,NULL),(3524132007,3524,352413,'WARUKULON',NULL,NULL),(3524132008,3524,352413,'WARUWETAN',NULL,NULL),(3524132009,3524,352413,'KEDALI',NULL,NULL),(3524132010,3524,352413,'PAJI',NULL,NULL),(3524132011,3524,352413,'SUMBERJO',NULL,NULL),(3524132012,3524,352413,'CUNGKUP',NULL,NULL),(3524132013,3524,352413,'BUGOHARJO',NULL,NULL),(3524132014,3524,352413,'NGAMBEG',NULL,NULL),(3524132015,3524,352413,'BABATKUMPUL',NULL,NULL),(3524132016,3524,352413,'TANGGUNGAN',NULL,NULL),(3524132017,3524,352413,'PADENGANPLOSO',NULL,NULL),(3524141001,3524,352414,'BLIMBING',NULL,NULL),(3524142002,3524,352414,'KANDANGSEMANGKON',NULL,NULL),(3524142003,3524,352414,'PACIRAN',NULL,NULL),(3524142004,3524,352414,'SUMURGAYAM',NULL,NULL),(3524142005,3524,352414,'SENDANGAGUNG',NULL,NULL),(3524142006,3524,352414,'SENDANGDUWUR',NULL,NULL),(3524142007,3524,352414,'TUNGGUL',NULL,NULL),(3524142008,3524,352414,'KRANJI',NULL,NULL),(3524142009,3524,352414,'DRAJAT',NULL,NULL),(3524142010,3524,352414,'BANJARWATI',NULL,NULL),(3524142011,3524,352414,'KEMANTREN',NULL,NULL),(3524142012,3524,352414,'SIDOKELAR',NULL,NULL),(3524142013,3524,352414,'TLOGOSADANG',NULL,NULL),(3524142014,3524,352414,'PALOH',NULL,NULL),(3524142015,3524,352414,'WERU',NULL,NULL),(3524142016,3524,352414,'SIDOKUMPUL',NULL,NULL),(3524142017,3524,352414,'WARULOR',NULL,NULL),(3524152001,3524,352415,'DADAPAN',NULL,NULL),(3524152002,3524,352415,'TEBLURU',NULL,NULL),(3524152003,3524,352415,'SUGIHAN',NULL,NULL),(3524152004,3524,352415,'TENGGULUN',NULL,NULL),(3524152005,3524,352415,'PAYAMAN',NULL,NULL),(3524152006,3524,352415,'SOLOKURO',NULL,NULL),(3524152007,3524,352415,'TAKERHARJO',NULL,NULL),(3524152008,3524,352415,'DAGAN',NULL,NULL),(3524152009,3524,352415,'BANYUBANG',NULL,NULL),(3524152010,3524,352415,'BLURI',NULL,NULL),(3524162001,3524,352416,'SUKOBENDU',NULL,NULL),(3524162002,3524,352416,'TUNGGUNJAGIR',NULL,NULL),(3524162003,3524,352416,'SUMBERBENDO',NULL,NULL),(3524162004,3524,352416,'MANTUP',NULL,NULL),(3524162005,3524,352416,'KEDUKBEMBEM',NULL,NULL),(3524162006,3524,352416,'SUMBERDADI',NULL,NULL),(3524162007,3524,352416,'KEDUNGSOKO',NULL,NULL),(3524162008,3524,352416,'TUGU',NULL,NULL),(3524162009,3524,352416,'SUKOSARI',NULL,NULL),(3524162010,3524,352416,'SUMBERAGUNG',NULL,NULL),(3524162011,3524,352416,'SIDOMULYO',NULL,NULL),(3524162012,3524,352416,'MOJOSARI',NULL,NULL),(3524162013,3524,352416,'PLABUHANREJO',NULL,NULL),(3524162014,3524,352416,'SUMBERKEREP',NULL,NULL),(3524162015,3524,352416,'RUMPUK',NULL,NULL),(3524172001,3524,352417,'SIWALANREJO',NULL,NULL),(3524172002,3524,352417,'KEBONSARI',NULL,NULL),(3524172003,3524,352417,'SUKOLILO',NULL,NULL),(3524172004,3524,352417,'PAJANGAN',NULL,NULL),(3524172005,3524,352417,'KADUNGREMBUG',NULL,NULL),(3524172006,3524,352417,'SUMBERAGUNG',NULL,NULL),(3524172007,3524,352417,'SUKODADI',NULL,NULL),(3524172008,3524,352417,'SUMBERAJI',NULL,NULL),(3524172009,3524,352417,'MENONGO',NULL,NULL),(3524172010,3524,352417,'MADULEGI',NULL,NULL),(3524172011,3524,352417,'BANJAREJO',NULL,NULL),(3524172012,3524,352417,'PLUMPANG',NULL,NULL),(3524172013,3524,352417,'BANDUNGSARI',NULL,NULL),(3524172014,3524,352417,'SIDOGEMBUL',NULL,NULL),(3524172015,3524,352417,'BALONGTAWUN',NULL,NULL),(3524172016,3524,352417,'GEDANGAN',NULL,NULL),(3524172017,3524,352417,'TLOGOREJO',NULL,NULL),(3524172018,3524,352417,'BATURONO',NULL,NULL),(3524172019,3524,352417,'SURABAYAN',NULL,NULL),(3524172020,3524,352417,'SUGIHREJO',NULL,NULL),(3524182001,3524,352418,'BANTENGPUTIH',NULL,NULL),(3524182002,3524,352418,'KARANGREJO',NULL,NULL),(3524182003,3524,352418,'LATUKAN',NULL,NULL),(3524182004,3524,352418,'GUCI',NULL,NULL),(3524182005,3524,352418,'KALIGERMAN',NULL,NULL),(3524182006,3524,352418,'SUNGELEBAK',NULL,NULL),(3524182007,3524,352418,'PRIJEKNGABLAK',NULL,NULL),(3524182008,3524,352418,'TRACAL',NULL,NULL),(3524182009,3524,352418,'SONOADI',NULL,NULL),(3524182010,3524,352418,'KALANGANYAR',NULL,NULL),(3524182011,3524,352418,'BANJARMADU',NULL,NULL),(3524182012,3524,352418,'KENDALKEMLAGI',NULL,NULL),(3524182013,3524,352418,'KAWISTOLEGI',NULL,NULL),(3524182014,3524,352418,'JAGRAN',NULL,NULL),(3524182015,3524,352418,'KARANGWUNGU',NULL,NULL),(3524182016,3524,352418,'SUMBERWUDI',NULL,NULL),(3524182017,3524,352418,'KARANGGENENG',NULL,NULL),(3524182018,3524,352418,'MERTANI',NULL,NULL),(3524192001,3524,352419,'TLOGOAGUNG',NULL,NULL),(3524192002,3524,352419,'KEDUNGMEGARIH',NULL,NULL),(3524192003,3524,352419,'SIDOMUKTI',NULL,NULL),(3524192004,3524,352419,'SUKOSONGO',NULL,NULL),(3524192005,3524,352419,'KALIWATES',NULL,NULL),(3524192006,3524,352419,'KEDUNGASRI',NULL,NULL),(3524192007,3524,352419,'DOYOMULYO',NULL,NULL),(3524192008,3524,352419,'KEMBANGBAHU',NULL,NULL),(3524192009,3524,352419,'MAOR',NULL,NULL),(3524192010,3524,352419,'MORONYAMPLUNG',NULL,NULL),(3524192011,3524,352419,'MANGKUJAJAR',NULL,NULL),(3524192012,3524,352419,'PUTER',NULL,NULL),(3524192013,3524,352419,'PELANG',NULL,NULL),(3524192014,3524,352419,'DUMPIAGUNG',NULL,NULL),(3524192015,3524,352419,'RANDUBENER',NULL,NULL),(3524192016,3524,352419,'LOPANG',NULL,NULL),(3524192017,3524,352419,'GINTUNGAN',NULL,NULL),(3524192018,3524,352419,'KATEMAS',NULL,NULL),(3524202001,3524,352420,'PUCANGRO',NULL,NULL),(3524202002,3524,352420,'PUCANGTELU',NULL,NULL),(3524202003,3524,352420,'SOMOSARI',NULL,NULL),(3524202004,3524,352420,'JELAKCATUR',NULL,NULL),(3524202005,3524,352420,'MUNGLI',NULL,NULL),(3524202006,3524,352420,'PENGANGSALAN',NULL,NULL),(3524202007,3524,352420,'DIBEE',NULL,NULL),(3524202008,3524,352420,'BUTUNGAN',NULL,NULL),(3524202009,3524,352420,'LUKREJO',NULL,NULL),(3524202010,3524,352420,'TIWET',NULL,NULL),(3524202011,3524,352420,'BLAJO',NULL,NULL),(3524202012,3524,352420,'KALITENGAH',NULL,NULL),(3524202013,3524,352420,'GAMBUHAN',NULL,NULL),(3524202014,3524,352420,'CLURING',NULL,NULL),(3524202015,3524,352420,'BOJOASRI',NULL,NULL),(3524202016,3524,352420,'KEDIREN',NULL,NULL),(3524202017,3524,352420,'KULURAN',NULL,NULL),(3524202018,3524,352420,'CANDITUNGGAL',NULL,NULL),(3524202019,3524,352420,'SUGIHWARAS',NULL,NULL),(3524202020,3524,352420,'TUNJUNGMEKAR',NULL,NULL),(3524212001,3524,352421,'GEGER',NULL,NULL),(3524212002,3524,352421,'BADURAME',NULL,NULL),(3524212003,3524,352421,'KARANGWEDORO',NULL,NULL),(3524212004,3524,352421,'WANGUNREJO',NULL,NULL),(3524212005,3524,352421,'PUTATKUMPUL',NULL,NULL),(3524212006,3524,352421,'KEBEN',NULL,NULL),(3524212007,3524,352421,'SUKOANYAR',NULL,NULL),(3524212008,3524,352421,'KEMLAGIGEDE',NULL,NULL),(3524212009,3524,352421,'TURI',NULL,NULL),(3524212010,3524,352421,'KEMLAGILOR',NULL,NULL),(3524212011,3524,352421,'SUKOREJO',NULL,NULL),(3524212012,3524,352421,'TAWANGREJO',NULL,NULL),(3524212013,3524,352421,'BAMBANG',NULL,NULL),(3524212014,3524,352421,'POMAHANJANGGAN',NULL,NULL),(3524212015,3524,352421,'TAMBAKPLOSO',NULL,NULL),(3524212016,3524,352421,'BALUN',NULL,NULL),(3524212017,3524,352421,'NGUJUNGREJO',NULL,NULL),(3524212018,3524,352421,'KEPUDIBENER',NULL,NULL),(3524212019,3524,352421,'GEDUNGBOYOUNTUNG',NULL,NULL),(3524221012,3524,352422,'SUKOREJO',NULL,NULL),(3524221013,3524,352422,'SUKOMULYO',NULL,NULL),(3524221014,3524,352422,'SIDOHARJO',NULL,NULL),(3524221015,3524,352422,'TUMENGGUNGAN',NULL,NULL),(3524221017,3524,352422,'SIDOKUMPUL',NULL,NULL),(3524221018,3524,352422,'TLOGOANYAR',NULL,NULL),(3524221019,3524,352422,'JETIS',NULL,NULL),(3524221020,3524,352422,'BANJARMENDALAN',NULL,NULL),(3524222001,3524,352422,'RANCANGKENCONO',NULL,NULL),(3524222002,3524,352422,'KARANGLANGIT',NULL,NULL),(3524222003,3524,352422,'PANGKATREJO',NULL,NULL),(3524222004,3524,352422,'KEBET',NULL,NULL),(3524222005,3524,352422,'SENDANGREJO',NULL,NULL),(3524222006,3524,352422,'SUMBERJO',NULL,NULL),(3524222007,3524,352422,'TANJUNG',NULL,NULL),(3524222008,3524,352422,'PLOSOWAHYU',NULL,NULL),(3524222009,3524,352422,'WAJIK',NULL,NULL),(3524222010,3524,352422,'KRAMAT',NULL,NULL),(3524222011,3524,352422,'MADE',NULL,NULL),(3524222016,3524,352422,'SIDOMUKTI',NULL,NULL),(3524232001,3524,352423,'WONOKROMO',NULL,NULL),(3524232002,3524,352423,'SOKO',NULL,NULL),(3524232003,3524,352423,'GUMININGREJO',NULL,NULL),(3524232004,3524,352423,'BAKALANPULE',NULL,NULL),(3524232005,3524,352423,'TAKERANKLATING',NULL,NULL),(3524232006,3524,352423,'KELORARUM',NULL,NULL),(3524232007,3524,352423,'JOTOSANUR',NULL,NULL),(3524232008,3524,352423,'PENGUMBULANADI',NULL,NULL),(3524232009,3524,352423,'JATIREJO',NULL,NULL),(3524232010,3524,352423,'DUKUHAGUNG',NULL,NULL),(3524232011,3524,352423,'TAMBAKRIGADUNG',NULL,NULL),(3524232012,3524,352423,'BOTOPUTIH',NULL,NULL),(3524232013,3524,352423,'BALONGWANGI',NULL,NULL),(3524242001,3524,352424,'WARUK',NULL,NULL),(3524242002,3524,352424,'SUKOREJO',NULL,NULL),(3524242003,3524,352424,'KARANGANOM',NULL,NULL),(3524242004,3524,352424,'SOMOWINANGUN',NULL,NULL),(3524242005,3524,352424,'KETAPANGTELU',NULL,NULL),(3524242006,3524,352424,'MAYONG',NULL,NULL),(3524242007,3524,352424,'PALANGAN',NULL,NULL),(3524242008,3524,352424,'BLAWI',NULL,NULL),(3524242009,3524,352424,'BANJAREJO',NULL,NULL),(3524242010,3524,352424,'PUTATBANGAH',NULL,NULL),(3524242011,3524,352424,'BANYUURIP',NULL,NULL),(3524242012,3524,352424,'PENDOWOLIMO',NULL,NULL),(3524242013,3524,352424,'BARANGGAYAM',NULL,NULL),(3524242014,3524,352424,'WATANGPANJANG',NULL,NULL),(3524242015,3524,352424,'SAMBOPINGGIR',NULL,NULL),(3524242016,3524,352424,'PRIYOSO',NULL,NULL),(3524242017,3524,352424,'WINDU',NULL,NULL),(3524242018,3524,352424,'BOGOBABADAN',NULL,NULL),(3524242019,3524,352424,'GAWEREJO',NULL,NULL),(3524242020,3524,352424,'KURO',NULL,NULL),(3524242021,3524,352424,'KARANGBINANGUN',NULL,NULL),(3524252001,3524,352425,'SIDOREJO',NULL,NULL),(3524252002,3524,352425,'DLANGGU',NULL,NULL),(3524252003,3524,352425,'LALADAN',NULL,NULL),(3524252004,3524,352425,'DEKETKULON',NULL,NULL),(3524252005,3524,352425,'DEKETWETAN',NULL,NULL),(3524252006,3524,352425,'SUGIHWARAS',NULL,NULL),(3524252007,3524,352425,'DINOYO',NULL,NULL),(3524252008,3524,352425,'SIDOMULYO',NULL,NULL),(3524252009,3524,352425,'REJOSARI',NULL,NULL),(3524252010,3524,352425,'PANDANPANCUR',NULL,NULL),(3524252011,3524,352425,'SIDOBINANGUN',NULL,NULL),(3524252012,3524,352425,'BABATAGUNG',NULL,NULL),(3524252013,3524,352425,'TUKKERTO',NULL,NULL),(3524252014,3524,352425,'WEDUNI',NULL,NULL),(3524252015,3524,352425,'REJOTENGAH',NULL,NULL),(3524252016,3524,352425,'SRIRANDE',NULL,NULL),(3524252017,3524,352425,'PLOSOBUDEN',NULL,NULL),(3524262001,3524,352426,'SOKO',NULL,NULL),(3524262002,3524,352426,'MOROCALAN',NULL,NULL),(3524262003,3524,352426,'GEMPOLPENDOWO',NULL,NULL),(3524262004,3524,352426,'PASI',NULL,NULL),(3524262005,3524,352426,'RAYUNGGUMUK',NULL,NULL),(3524262006,3524,352426,'MENGANTI',NULL,NULL),(3524262007,3524,352426,'MARGOANYAR',NULL,NULL),(3524262008,3524,352426,'BEGAN',NULL,NULL),(3524262009,3524,352426,'MENDOGO',NULL,NULL),(3524262010,3524,352426,'KENTONG',NULL,NULL),(3524262011,3524,352426,'SUDANGAN',NULL,NULL),(3524262012,3524,352426,'MEDANG',NULL,NULL),(3524262013,3524,352426,'DUDUKLOR',NULL,NULL),(3524262014,3524,352426,'GLAGAH',NULL,NULL),(3524262015,3524,352426,'WANGEN',NULL,NULL),(3524262016,3524,352426,'TANGGUNGPRIGEL',NULL,NULL),(3524262017,3524,352426,'KARANGAGUNG',NULL,NULL),(3524262018,3524,352426,'BANGKOK',NULL,NULL),(3524262019,3524,352426,'JATIRENGGO',NULL,NULL),(3524262020,3524,352426,'BAPUHBARU',NULL,NULL),(3524262021,3524,352426,'BAPUHBANDUNG',NULL,NULL),(3524262022,3524,352426,'MELUNTUR',NULL,NULL),(3524262023,3524,352426,'KONANG',NULL,NULL),(3524262024,3524,352426,'DUKUHTUNGGAL',NULL,NULL),(3524262025,3524,352426,'PANGGANG',NULL,NULL),(3524262026,3524,352426,'WONOREJO',NULL,NULL),(3524262027,3524,352426,'WEDORO',NULL,NULL),(3524262028,3524,352426,'KARANGTURI',NULL,NULL),(3524262029,3524,352426,'MELUWUR',NULL,NULL),(3524272001,3524,352427,'KEDUNGKUMPUL',NULL,NULL),(3524272002,3524,352427,'DERMOLEMAHBANG',NULL,NULL),(3524272003,3524,352427,'SIMBATAN',NULL,NULL),(3524272004,3524,352427,'SUMBERJO',NULL,NULL),(3524272005,3524,352427,'CANGGAH',NULL,NULL),(3524272006,3524,352427,'BERU',NULL,NULL),(3524272007,3524,352427,'TAMBAKMENJANGAN',NULL,NULL),(3524272008,3524,352427,'GEMPOLTUKMLOKO',NULL,NULL),(3524272009,3524,352427,'SARIREJO',NULL,NULL),(3525012001,3525,352501,'SAWO',NULL,NULL),(3525012002,3525,352501,'KARANGCANGKRING',NULL,NULL),(3525012003,3525,352501,'GEDONGKEDO\'AN',NULL,NULL),(3525012004,3525,352501,'BULANGAN',NULL,NULL),(3525012005,3525,352501,'WONOKERTO',NULL,NULL),(3525012006,3525,352501,'BANGERAN',NULL,NULL),(3525012007,3525,352501,'LOWAYU',NULL,NULL),(3525012008,3525,352501,'PETIYIN TUNGGAL',NULL,NULL),(3525012009,3525,352501,'TIREM ENGGAL',NULL,NULL),(3525012010,3525,352501,'TEBUWUNG',NULL,NULL),(3525012011,3525,352501,'DUKUH KEMBAR',NULL,NULL),(3525012012,3525,352501,'MADUMULYOREJO',NULL,NULL),(3525012013,3525,352501,'MENTARAS',NULL,NULL),(3525012014,3525,352501,'BARON',NULL,NULL),(3525012015,3525,352501,'JREBENG',NULL,NULL),(3525012016,3525,352501,'MOJOPETUNG',NULL,NULL),(3525012017,3525,352501,'SEKARGADUNG',NULL,NULL),(3525012018,3525,352501,'IMAAN',NULL,NULL),(3525012019,3525,352501,'BABAKBAWO',NULL,NULL),(3525012020,3525,352501,'BABAKSARI',NULL,NULL),(3525012021,3525,352501,'SAMBOGUNUNG',NULL,NULL),(3525012022,3525,352501,'SEMBUNGAN KIDUL',NULL,NULL),(3525012023,3525,352501,'SEMBUNGANYAR',NULL,NULL),(3525012024,3525,352501,'KALIREJO',NULL,NULL),(3525012025,3525,352501,'PADANG BANDUNG',NULL,NULL),(3525012026,3525,352501,'DUKUNANYAR',NULL,NULL),(3525022001,3525,352502,'JOMBANGDELIK',NULL,NULL),(3525022002,3525,352502,'BRANGKAL',NULL,NULL),(3525022003,3525,352502,'NGAMPEL',NULL,NULL),(3525022004,3525,352502,'BANDUNGSEKARAN',NULL,NULL),(3525022005,3525,352502,'BABATAN',NULL,NULL),(3525022006,3525,352502,'TANAHLANDEAN',NULL,NULL),(3525022007,3525,352502,'KEDUNGSUMBER',NULL,NULL),(3525022008,3525,352502,'WONOREJO',NULL,NULL),(3525022009,3525,352502,'DAPET',NULL,NULL),(3525022010,3525,352502,'DOHOAGUNG',NULL,NULL),(3525022011,3525,352502,'MOJOGEDE',NULL,NULL),(3525022012,3525,352502,'TENGGOR',NULL,NULL),(3525022013,3525,352502,'WAHAS',NULL,NULL),(3525022014,3525,352502,'KEDUNGPRING',NULL,NULL),(3525022015,3525,352502,'SEKARPUTIH',NULL,NULL),(3525022016,3525,352502,'PINGGIR',NULL,NULL),(3525022017,3525,352502,'KARANGSEMANDING',NULL,NULL),(3525022018,3525,352502,'PACUH',NULL,NULL),(3525022019,3525,352502,'BALONGPANGGANG',NULL,NULL),(3525022020,3525,352502,'WOTANSARI',NULL,NULL),(3525022021,3525,352502,'PUCUNG',NULL,NULL),(3525022022,3525,352502,'KLOTOK',NULL,NULL),(3525022023,3525,352502,'NGASIN',NULL,NULL),(3525022024,3525,352502,'BANJARAGUNG',NULL,NULL),(3525022025,3525,352502,'GANGGANG',NULL,NULL),(3525032001,3525,352503,'PANTENAN',NULL,NULL),(3525032002,3525,352503,'SUMURBER',NULL,NULL),(3525032003,3525,352503,'SIWALAN',NULL,NULL),(3525032004,3525,352503,'KETANEN',NULL,NULL),(3525032005,3525,352503,'BANYUTENGAH',NULL,NULL),(3525032006,3525,352503,'SERAH',NULL,NULL),(3525032007,3525,352503,'SUROWITI',NULL,NULL),(3525032008,3525,352503,'PRUPUH',NULL,NULL),(3525032009,3525,352503,'CAMPUREJO',NULL,NULL),(3525032010,3525,352503,'SUKODONO',NULL,NULL),(3525032011,3525,352503,'DALEGAN',NULL,NULL),(3525032012,3525,352503,'PETUNG',NULL,NULL),(3525032013,3525,352503,'WOTAN',NULL,NULL),(3525032014,3525,352503,'DOUDO',NULL,NULL),(3525042001,3525,352504,'KARANGANKIDUL',NULL,NULL),(3525042002,3525,352504,'SEDAPUR KLAGEN',NULL,NULL),(3525042003,3525,352504,'DELIKSUMBER',NULL,NULL),(3525042004,3525,352504,'LUNDO',NULL,NULL),(3525042005,3525,352504,'KALIPADANG',NULL,NULL),(3525042006,3525,352504,'KEDUNGRUKEM',NULL,NULL),(3525042007,3525,352504,'BALUNGTUNJUNG',NULL,NULL),(3525042008,3525,352504,'MUNGGUGEBANG',NULL,NULL),(3525042009,3525,352504,'BALONGMOJO',NULL,NULL),(3525042010,3525,352504,'BULANGKULON',NULL,NULL),(3525042011,3525,352504,'BANTER',NULL,NULL),(3525042012,3525,352504,'SIRNOBOYO',NULL,NULL),(3525042013,3525,352504,'MUNGGUGIANTI',NULL,NULL),(3525042014,3525,352504,'KLAMPOK',NULL,NULL),(3525042015,3525,352504,'METATU',NULL,NULL),(3525042016,3525,352504,'BENGKELOLOR',NULL,NULL),(3525042017,3525,352504,'GURANGPLOSO',NULL,NULL),(3525042018,3525,352504,'KEDUNGSEKAR',NULL,NULL),(3525042019,3525,352504,'DERMO',NULL,NULL),(3525042020,3525,352504,'JOGODALU',NULL,NULL),(3525042021,3525,352504,'JATIREMBE',NULL,NULL),(3525042022,3525,352504,'BULUREJO',NULL,NULL),(3525042023,3525,352504,'PUNDUTTRATE',NULL,NULL),(3525052001,3525,352505,'PANJUNAN',NULL,NULL),(3525052002,3525,352505,'KANDANGAN',NULL,NULL),(3525052003,3525,352505,'PANDANAN',NULL,NULL),(3525052004,3525,352505,'TUMAPEL',NULL,NULL),(3525052005,3525,352505,'TAMBAKREJO',NULL,NULL),(3525052006,3525,352505,'GLANGGANG',NULL,NULL),(3525052007,3525,352505,'PALEBON',NULL,NULL),(3525052008,3525,352505,'SETROHADI',NULL,NULL),(3525052009,3525,352505,'BENDUNGAN',NULL,NULL),(3525052010,3525,352505,'SUMENGKO',NULL,NULL),(3525052011,3525,352505,'WADAK LOR',NULL,NULL),(3525052012,3525,352505,'WADAK KIDUL',NULL,NULL),(3525052013,3525,352505,'PETISBENEM',NULL,NULL),(3525052014,3525,352505,'DUDUKSAMPEYAN',NULL,NULL),(3525052015,3525,352505,'GREDEK',NULL,NULL),(3525052016,3525,352505,'KRAMAT',NULL,NULL),(3525052017,3525,352505,'SUMARI',NULL,NULL),(3525052018,3525,352505,'SAMIRPLAPAN',NULL,NULL),(3525052019,3525,352505,'KAWISTOWINDU',NULL,NULL),(3525052020,3525,352505,'KEMUDI',NULL,NULL),(3525052021,3525,352505,'TEBALOAN',NULL,NULL),(3525052022,3525,352505,'TIREM',NULL,NULL),(3525052023,3525,352505,'AMBENG - AMBENG WATANGREJO',NULL,NULL),(3525062001,3525,352506,'KEPUHKLAGEN',NULL,NULL),(3525062002,3525,352506,'SUMBERGEDE',NULL,NULL),(3525062003,3525,352506,'MONDOLUKU',NULL,NULL),(3525062004,3525,352506,'KEDUNGANYAR',NULL,NULL),(3525062005,3525,352506,'SUMBERWARU',NULL,NULL),(3525062006,3525,352506,'KESAMBENKULON',NULL,NULL),(3525062007,3525,352506,'SUMBERAME',NULL,NULL),(3525062008,3525,352506,'SEMBUNG',NULL,NULL),(3525062009,3525,352506,'SOOKO',NULL,NULL),(3525062010,3525,352506,'WRINGINANOM',NULL,NULL),(3525062011,3525,352506,'PEDAGANGAN',NULL,NULL),(3525062012,3525,352506,'LEBANISUKO',NULL,NULL),(3525062013,3525,352506,'LEBANIWARAS',NULL,NULL),(3525062014,3525,352506,'WATESTANJUNG',NULL,NULL),(3525062015,3525,352506,'SUMENGKO',NULL,NULL),(3525062016,3525,352506,'PASINANLEMAHPUTIH',NULL,NULL),(3525072001,3525,352507,'PANGKAHKULON',NULL,NULL),(3525072002,3525,352507,'CANGAAN',NULL,NULL),(3525072003,3525,352507,'NGEMBOH',NULL,NULL),(3525072004,3525,352507,'SEKAPUK',NULL,NULL),(3525072005,3525,352507,'GOSARI',NULL,NULL),(3525072006,3525,352507,'BANYUURIP',NULL,NULL),(3525072007,3525,352507,'KEBONAGUNG',NULL,NULL),(3525072008,3525,352507,'PANGKAHWETAN',NULL,NULL),(3525072009,3525,352507,'BOLO',NULL,NULL),(3525072010,3525,352507,'GLATIK',NULL,NULL),(3525072011,3525,352507,'KARANGREJO',NULL,NULL),(3525072012,3525,352507,'KETAPANGLOR',NULL,NULL),(3525072013,3525,352507,'TANJANGAWAN',NULL,NULL),(3525082001,3525,352508,'MOJOWUKU',NULL,NULL),(3525082002,3525,352508,'GLINDAH',NULL,NULL),(3525082003,3525,352508,'SIDORAHARJO',NULL,NULL),(3525082004,3525,352508,'TULUNG',NULL,NULL),(3525082005,3525,352508,'CERMEN',NULL,NULL),(3525082006,3525,352508,'LAMPAH',NULL,NULL),(3525082007,3525,352508,'SLEMPIT',NULL,NULL),(3525082008,3525,352508,'TURIREJO',NULL,NULL),(3525082009,3525,352508,'BELAHANREJO',NULL,NULL),(3525082010,3525,352508,'MENUNGGAL',NULL,NULL),(3525082011,3525,352508,'TANJUNG',NULL,NULL),(3525082012,3525,352508,'KATIMOHO',NULL,NULL),(3525082013,3525,352508,'BANYUURIP',NULL,NULL),(3525082014,3525,352508,'KEDAMEAN',NULL,NULL),(3525082015,3525,352508,'NGEPUNG',NULL,NULL),(3525092001,3525,352509,'SUKOREJO',NULL,NULL),(3525092002,3525,352509,'GEDANGAN',NULL,NULL),(3525092003,3525,352509,'WADENG',NULL,NULL),(3525092004,3525,352509,'LASEM',NULL,NULL),(3525092005,3525,352509,'KERTOSONO',NULL,NULL),(3525092006,3525,352509,'SAMBIPONDOK',NULL,NULL),(3525092007,3525,352509,'RACI KULON',NULL,NULL),(3525092008,3525,352509,'GOLOKAN',NULL,NULL),(3525092009,3525,352509,'RACI TENGAH',NULL,NULL),(3525092010,3525,352509,'PURWODADI',NULL,NULL),(3525092011,3525,352509,'SIDOMULYO',NULL,NULL),(3525092012,3525,352509,'SROWO',NULL,NULL),(3525092013,3525,352509,'KAUMAN',NULL,NULL),(3525092014,3525,352509,'BUNDERAN',NULL,NULL),(3525092015,3525,352509,'ASEMPAPAK',NULL,NULL),(3525092016,3525,352509,'MRIYUNAN',NULL,NULL),(3525092017,3525,352509,'MOJOASEM',NULL,NULL),(3525092018,3525,352509,'SEDAGARAN',NULL,NULL),(3525092019,3525,352509,'NGAWEN',NULL,NULL),(3525092020,3525,352509,'PENGULU',NULL,NULL),(3525092021,3525,352509,'RANDUBOTO',NULL,NULL),(3525102001,3525,352510,'TANGGULREJO',NULL,NULL),(3525102002,3525,352510,'MOROBAKUNG',NULL,NULL),(3525102003,3525,352510,'PEJANGGANAN',NULL,NULL),(3525102004,3525,352510,'GUMENO',NULL,NULL),(3525102005,3525,352510,'SUMBEREJO',NULL,NULL),(3525102006,3525,352510,'NGAMPEL',NULL,NULL),(3525102007,3525,352510,'BETOYOKAUMAN',NULL,NULL),(3525102008,3525,352510,'SEMBAYAT',NULL,NULL),(3525102009,3525,352510,'BETOYOGUCI',NULL,NULL),(3525102010,3525,352510,'LERAN',NULL,NULL),(3525102011,3525,352510,'TEBALO',NULL,NULL),(3525102012,3525,352510,'KARANGREJO',NULL,NULL),(3525102013,3525,352510,'BANYUWANGI',NULL,NULL),(3525102014,3525,352510,'MANYAREJO',NULL,NULL),(3525102015,3525,352510,'MANYAR SIDOMUKTI',NULL,NULL),(3525102016,3525,352510,'MANYAR SIDORUKUN',NULL,NULL),(3525102017,3525,352510,'BANJARSARI',NULL,NULL),(3525102018,3525,352510,'SUCI',NULL,NULL),(3525102019,3525,352510,'PAGANDEN',NULL,NULL),(3525102020,3525,352510,'PONGANGAN',NULL,NULL),(3525102021,3525,352510,'SUKOMULYO',NULL,NULL),(3525102022,3525,352510,'YOSOWILANGUN',NULL,NULL),(3525102023,3525,352510,'ROOMO',NULL,NULL),(3525112001,3525,352511,'DADAPKUNING',NULL,NULL),(3525112002,3525,352511,'LENGKONG',NULL,NULL),(3525112003,3525,352511,'KANDANGAN',NULL,NULL),(3525112004,3525,352511,'DOORO',NULL,NULL),(3525112005,3525,352511,'DAMPAAN',NULL,NULL),(3525112006,3525,352511,'NGEMBUNG',NULL,NULL),(3525112007,3525,352511,'SUKOANYAR',NULL,NULL),(3525112008,3525,352511,'GEDANGKULUD',NULL,NULL),(3525112009,3525,352511,'WEDANI',NULL,NULL),(3525112010,3525,352511,'DUNGUS',NULL,NULL),(3525112011,3525,352511,'GURANGANYAR',NULL,NULL),(3525112012,3525,352511,'KAMBINGAN',NULL,NULL),(3525112013,3525,352511,'MOROWUDI',NULL,NULL),(3525112014,3525,352511,'BETITING',NULL,NULL),(3525112015,3525,352511,'NGABETAN',NULL,NULL),(3525112016,3525,352511,'PADEG',NULL,NULL),(3525112017,3525,352511,'IKER - IKER GEGER',NULL,NULL),(3525112018,3525,352511,'SEMAMPIR',NULL,NULL),(3525112019,3525,352511,'CAGAKAGUNG',NULL,NULL),(3525112020,3525,352511,'CERME KIDUL',NULL,NULL),(3525112021,3525,352511,'CERME LOR',NULL,NULL),(3525112022,3525,352511,'PANDU',NULL,NULL),(3525112023,3525,352511,'BANJARSARI',NULL,NULL),(3525112024,3525,352511,'TAMBAKBERAS',NULL,NULL),(3525112025,3525,352511,'JONO',NULL,NULL),(3525122001,3525,352512,'SIDOMUKTI',NULL,NULL),(3525122002,3525,352512,'MOJOPUROGEDE',NULL,NULL),(3525122003,3525,352512,'MOJOPUROWETAN',NULL,NULL),(3525122004,3525,352512,'MELIRANG',NULL,NULL),(3525122005,3525,352512,'SIDOREJO',NULL,NULL),(3525122006,3525,352512,'RACIWETAN',NULL,NULL),(3525122007,3525,352512,'MASANGAN',NULL,NULL),(3525122008,3525,352512,'SIDOKUMPUL',NULL,NULL),(3525122009,3525,352512,'PEGUNDAN',NULL,NULL),(3525122010,3525,352512,'SUKOWATI',NULL,NULL),(3525122011,3525,352512,'ABAR- ABIR',NULL,NULL),(3525122012,3525,352512,'BUNGAH',NULL,NULL),(3525122013,3525,352512,'KEMANGI',NULL,NULL),(3525122014,3525,352512,'KISIK',NULL,NULL),(3525122015,3525,352512,'GUMENG',NULL,NULL),(3525122016,3525,352512,'SUKOREJO',NULL,NULL),(3525122017,3525,352512,'INDRODELIK',NULL,NULL),(3525122018,3525,352512,'BEDANTEN',NULL,NULL),(3525122019,3525,352512,'SUNGONLEGOWO',NULL,NULL),(3525122020,3525,352512,'TANJUNG WIDORO',NULL,NULL),(3525122021,3525,352512,'WATUAGUNG',NULL,NULL),(3525122022,3525,352512,'KRAMAT',NULL,NULL),(3525132001,3525,352513,'BETON',NULL,NULL),(3525132002,3525,352513,'PRANTI',NULL,NULL),(3525132003,3525,352513,'GADINGWATU',NULL,NULL),(3525132004,3525,352513,'BRINGKANG',NULL,NULL),(3525132005,3525,352513,'BOTENG',NULL,NULL),(3525132006,3525,352513,'PUTATLOR',NULL,NULL),(3525132007,3525,352513,'DOMAS',NULL,NULL),(3525132008,3525,352513,'MOJOTENGAH',NULL,NULL),(3525132009,3525,352513,'BOBOH',NULL,NULL),(3525132010,3525,352513,'SIDOJANGKUNG',NULL,NULL),(3525132011,3525,352513,'HENDROSARI',NULL,NULL),(3525132012,3525,352513,'PELEMWATU',NULL,NULL),(3525132013,3525,352513,'MENGANTI',NULL,NULL),(3525132014,3525,352513,'HULAAN',NULL,NULL),(3525132015,3525,352513,'KEPATIHAN',NULL,NULL),(3525132016,3525,352513,'GEMPOLKURUNG',NULL,NULL),(3525132017,3525,352513,'DRANCANG',NULL,NULL),(3525132018,3525,352513,'SIDOWUNGU',NULL,NULL),(3525132019,3525,352513,'RANDUPADANGAN',NULL,NULL),(3525132020,3525,352513,'SETRO',NULL,NULL),(3525132021,3525,352513,'PENGALANGAN',NULL,NULL),(3525132022,3525,352513,'LABAN',NULL,NULL),(3525141006,3525,352514,'GULOMANTUNG',NULL,NULL),(3525141008,3525,352514,'SIDOMUKTI',NULL,NULL),(3525141010,3525,352514,'KEBOMAS',NULL,NULL),(3525141011,3525,352514,'KAWIS ANYAR',NULL,NULL),(3525141012,3525,352514,'NGARGOSARI',NULL,NULL),(3525141014,3525,352514,'GENDING',NULL,NULL),(3525141015,3525,352514,'SIDOMORO',NULL,NULL),(3525141016,3525,352514,'TENGGULUNAN',NULL,NULL),(3525141017,3525,352514,'SINGOSARI',NULL,NULL),(3525141019,3525,352514,'INDRO',NULL,NULL),(3525142001,3525,352514,'DAHANREJO',NULL,NULL),(3525142002,3525,352514,'KEMBANGAN',NULL,NULL),(3525142003,3525,352514,'KEDAYANG',NULL,NULL),(3525142004,3525,352514,'RANDUAGUNG',NULL,NULL),(3525142005,3525,352514,'KLANGONAN',NULL,NULL),(3525142007,3525,352514,'SUKOREJO',NULL,NULL),(3525142009,3525,352514,'GIRI',NULL,NULL),(3525142013,3525,352514,'SEGOROMADU',NULL,NULL),(3525142018,3525,352514,'KARANGKIRING',NULL,NULL),(3525142020,3525,352514,'PRAMBANGAN',NULL,NULL),(3525142021,3525,352514,'SEKARKURUNG',NULL,NULL),(3525152001,3525,352515,'KARANGANDONG',NULL,NULL),(3525152002,3525,352515,'BANJARAN',NULL,NULL),(3525152003,3525,352515,'KRIKILAN',NULL,NULL),(3525152004,3525,352515,'MOJOSARI REJO',NULL,NULL),(3525152005,3525,352515,'TANJUNGAN',NULL,NULL),(3525152006,3525,352515,'ANOM',NULL,NULL),(3525152007,3525,352515,'SUMPUT',NULL,NULL),(3525152008,3525,352515,'KESAMBEN WETAN',NULL,NULL),(3525152009,3525,352515,'RANDEGANSARI',NULL,NULL),(3525152010,3525,352515,'TENARU',NULL,NULL),(3525152011,3525,352515,'DRIYOREJO',NULL,NULL),(3525152012,3525,352515,'PETIKEN',NULL,NULL),(3525152013,3525,352515,'CANGKIR',NULL,NULL),(3525152014,3525,352515,'GADUNG',NULL,NULL),(3525152015,3525,352515,'MULUNG',NULL,NULL),(3525152016,3525,352515,'BAMBE',NULL,NULL),(3525161001,3525,352516,'NGIPIK',NULL,NULL),(3525161002,3525,352516,'TLOGO POJOK',NULL,NULL),(3525161003,3525,352516,'KARANG TURI',NULL,NULL),(3525161004,3525,352516,'TLOGO PATUT',NULL,NULL),(3525161005,3525,352516,'SUKORAME',NULL,NULL),(3525161006,3525,352516,'LUMPUR',NULL,NULL),(3525161007,3525,352516,'KARANG POH',NULL,NULL),(3525161008,3525,352516,'TRATE',NULL,NULL),(3525161010,3525,352516,'SIDO KUMPUL',NULL,NULL),(3525161011,3525,352516,'BEDILAN',NULL,NULL),(3525161012,3525,352516,'SUKODONO',NULL,NULL),(3525161013,3525,352516,'KEMUTERAN',NULL,NULL),(3525161014,3525,352516,'PEKELINGAN',NULL,NULL),(3525161015,3525,352516,'KROMAN',NULL,NULL),(3525161016,3525,352516,'KEBUNGSON',NULL,NULL),(3525161017,3525,352516,'PEKAUMAN',NULL,NULL),(3525162009,3525,352516,'TLOGOBENDUNG',NULL,NULL),(3525162018,3525,352516,'GAPURO SUKOLILO',NULL,NULL),(3525162019,3525,352516,'PULOPANCIKAN',NULL,NULL),(3525162020,3525,352516,'KRAMATINGGIL',NULL,NULL),(3525162021,3525,352516,'SIDORUKUN',NULL,NULL),(3525172001,3525,352517,'DEKATAGUNG',NULL,NULL),(3525172002,3525,352517,'KUMALASA',NULL,NULL),(3525172003,3525,352517,'SUWARI',NULL,NULL),(3525172004,3525,352517,'PUDAKITBARAT',NULL,NULL),(3525172005,3525,352517,'PUDAKITTIMUR',NULL,NULL),(3525172006,3525,352517,'LEBAK',NULL,NULL),(3525172007,3525,352517,'BULULANJANG',NULL,NULL),(3525172008,3525,352517,'PATARSELAMAT',NULL,NULL),(3525172009,3525,352517,'KOTAKUSUMA',NULL,NULL),(3525172010,3525,352517,'SUNGAITELUK',NULL,NULL),(3525172011,3525,352517,'GUNUNGTEGUH',NULL,NULL),(3525172012,3525,352517,'SAWAHMULYA',NULL,NULL),(3525172013,3525,352517,'SUNGAIRUJING',NULL,NULL),(3525172014,3525,352517,'BALIKTERUS',NULL,NULL),(3525172015,3525,352517,'KEBONTELUKDALAM',NULL,NULL),(3525172016,3525,352517,'SIDOGEDUNGBATU',NULL,NULL),(3525172017,3525,352517,'DAUN',NULL,NULL),(3525182001,3525,352518,'GELAM',NULL,NULL),(3525182002,3525,352518,'SUKAONENG',NULL,NULL),(3525182003,3525,352518,'SUKALELA',NULL,NULL),(3525182004,3525,352518,'PEKALONGAN',NULL,NULL),(3525182005,3525,352518,'TAMBAK',NULL,NULL),(3525182006,3525,352518,'TELUKJATIDAWANG',NULL,NULL),(3525182007,3525,352518,'KLUMPANGGUBUG',NULL,NULL),(3525182008,3525,352518,'GREJEG',NULL,NULL),(3525182009,3525,352518,'TANJUNGORI',NULL,NULL),(3525182010,3525,352518,'PEROMAAN',NULL,NULL),(3525182011,3525,352518,'DIPONGGO',NULL,NULL),(3525182012,3525,352518,'KEPUHTELUK',NULL,NULL),(3525182013,3525,352518,'KEPUHLEGUNDI',NULL,NULL),(3526011001,3526,352601,'MLAJAH',NULL,NULL),(3526011002,3526,352601,'KEMAYORAN',NULL,NULL),(3526011003,3526,352601,'PANGERANAN',NULL,NULL),(3526011004,3526,352601,'DEMANGAN',NULL,NULL),(3526011005,3526,352601,'KRATON',NULL,NULL),(3526011006,3526,352601,'PEJAGAN',NULL,NULL),(3526011007,3526,352601,'BANCARAN',NULL,NULL),(3526012008,3526,352601,'SEMBILANGAN',NULL,NULL),(3526012009,3526,352601,'UJUNG PIRING',NULL,NULL),(3526012010,3526,352601,'KRAMAT',NULL,NULL),(3526012011,3526,352601,'MARTAJASAH',NULL,NULL),(3526012012,3526,352601,'SABIYAN',NULL,NULL),(3526012013,3526,352601,'GEBANG',NULL,NULL),(3526022001,3526,352602,'SOCAH',NULL,NULL),(3526022002,3526,352602,'KELEYAN',NULL,NULL),(3526022003,3526,352602,'BILAPORAH',NULL,NULL),(3526022004,3526,352602,'PARSEH',NULL,NULL),(3526022005,3526,352602,'JADDIH',NULL,NULL),(3526022006,3526,352602,'BULUH',NULL,NULL),(3526022007,3526,352602,'JUNGANYAR',NULL,NULL),(3526022008,3526,352602,'DAKIRING',NULL,NULL),(3526022009,3526,352602,'PETAONAN',NULL,NULL),(3526022010,3526,352602,'PERNAJUH',NULL,NULL),(3526022011,3526,352602,'SAGGRA AGUNG',NULL,NULL),(3526031005,3526,352603,'TUNJUNG',NULL,NULL),(3526032001,3526,352603,'BURNEH',NULL,NULL),(3526032002,3526,352603,'LANGKAP',NULL,NULL),(3526032003,3526,352603,'BANANGKAH',NULL,NULL),(3526032004,3526,352603,'ALASKEMBANG',NULL,NULL),(3526032006,3526,352603,'AROK',NULL,NULL),(3526032007,3526,352603,'KAPOR',NULL,NULL),(3526032008,3526,352603,'SOBIH',NULL,NULL),(3526032009,3526,352603,'PANGOLANGAN',NULL,NULL),(3526032010,3526,352603,'BINOH',NULL,NULL),(3526032011,3526,352603,'PERRENG',NULL,NULL),(3526032012,3526,352603,'JAMBUH',NULL,NULL),(3526042001,3526,352604,'KAMAL',NULL,NULL),(3526042002,3526,352604,'BANYUAJUH',NULL,NULL),(3526042003,3526,352604,'GILI BARAT',NULL,NULL),(3526042004,3526,352604,'GILI TIMUR',NULL,NULL),(3526042005,3526,352604,'GILI ANYAR',NULL,NULL),(3526042006,3526,352604,'TELANG',NULL,NULL),(3526042007,3526,352604,'PENDABAH',NULL,NULL),(3526042008,3526,352604,'TAJUNGAN',NULL,NULL),(3526042009,3526,352604,'KEBUN',NULL,NULL),(3526042010,3526,352604,'TANGJUNGJATI',NULL,NULL),(3526052001,3526,352605,'AROSBAYA',NULL,NULL),(3526052002,3526,352605,'TENGKET',NULL,NULL),(3526052003,3526,352605,'LAJING',NULL,NULL),(3526052004,3526,352605,'BALUNG',NULL,NULL),(3526052005,3526,352605,'GLAGGA',NULL,NULL),(3526052006,3526,352605,'PANDAN LANJANG',NULL,NULL),(3526052007,3526,352605,'BATONAONG',NULL,NULL),(3526052008,3526,352605,'OMBUL',NULL,NULL),(3526052009,3526,352605,'KARANG DUWAK',NULL,NULL),(3526052010,3526,352605,'BERBELUK',NULL,NULL),(3526052011,3526,352605,'BUDURAN',NULL,NULL),(3526052012,3526,352605,'TAMBEGAN',NULL,NULL),(3526052013,3526,352605,'CENDAGAH',NULL,NULL),(3526052014,3526,352605,'MANGKON',NULL,NULL),(3526052015,3526,352605,'KARANG PAO',NULL,NULL),(3526052016,3526,352605,'MAKAM AGUNG',NULL,NULL),(3526052017,3526,352605,'DLEMER',NULL,NULL),(3526052018,3526,352605,'PLAKARAN',NULL,NULL),(3526062001,3526,352606,'KOMBANGAN',NULL,NULL),(3526062002,3526,352606,'BANYONENG LAOK',NULL,NULL),(3526062003,3526,352606,'KATOL BARAT',NULL,NULL),(3526062004,3526,352606,'DABUNG',NULL,NULL),(3526062005,3526,352606,'LERPAK',NULL,NULL),(3526062006,3526,352606,'GEGER',NULL,NULL),(3526062007,3526,352606,'TOGUBANG',NULL,NULL),(3526062008,3526,352606,'BATOBELLA',NULL,NULL),(3526062009,3526,352606,'KAMPAK',NULL,NULL),(3526062010,3526,352606,'CAMPOR',NULL,NULL),(3526062011,3526,352606,'KOMPOL',NULL,NULL),(3526062012,3526,352606,'TEGAR PRIYAH',NULL,NULL),(3526062013,3526,352606,'BANYONENG DAJAH',NULL,NULL),(3526072001,3526,352607,'KLAMPIS BARAT',NULL,NULL),(3526072002,3526,352607,'BULUKAGUNG',NULL,NULL),(3526072003,3526,352607,'MRANDUNG',NULL,NULL),(3526072004,3526,352607,'TOBADDUNG',NULL,NULL),(3526072005,3526,352607,'TOLBUK',NULL,NULL),(3526072006,3526,352607,'MOARAH',NULL,NULL),(3526072007,3526,352607,'RAAS',NULL,NULL),(3526072008,3526,352607,'POLONGAN',NULL,NULL),(3526072009,3526,352607,'KARANG ASEM',NULL,NULL),(3526072010,3526,352607,'TROGAN',NULL,NULL),(3526072011,3526,352607,'BULUNG',NULL,NULL),(3526072012,3526,352607,'BANTEYAN',NULL,NULL),(3526072013,3526,352607,'BRAGANG',NULL,NULL),(3526072014,3526,352607,'LERGUNONG',NULL,NULL),(3526072015,3526,352607,'PANYAKSAGAN',NULL,NULL),(3526072016,3526,352607,'MANONGGAL',NULL,NULL),(3526072017,3526,352607,'BATOR',NULL,NULL),(3526072018,3526,352607,'KLAMPIS TIMUR',NULL,NULL),(3526072019,3526,352607,'TENGGUN DAJAH',NULL,NULL),(3526072020,3526,352607,'LARANGAN SORJAN',NULL,NULL),(3526072021,3526,352607,'LARANGAN GLINTONG',NULL,NULL),(3526072022,3526,352607,'KOOL',NULL,NULL),(3526082001,3526,352608,'SEPULU',NULL,NULL),(3526082002,3526,352608,'MANERON',NULL,NULL),(3526082003,3526,352608,'GANGSEYAN',NULL,NULL),(3526082004,3526,352608,'KLAPAYAN',NULL,NULL),(3526082005,3526,352608,'BANGSEREH',NULL,NULL),(3526082006,3526,352608,'KELBUNG',NULL,NULL),(3526082007,3526,352608,'SAPLASAH',NULL,NULL),(3526082008,3526,352608,'GENELAP',NULL,NULL),(3526082009,3526,352608,'KLABETAN',NULL,NULL),(3526082010,3526,352608,'BANYIOR',NULL,NULL),(3526082011,3526,352608,'PRANCAK',NULL,NULL),(3526082012,3526,352608,'LABUHAN',NULL,NULL),(3526082013,3526,352608,'TANAGURA BARAT',NULL,NULL),(3526082014,3526,352608,'LEMBUNG PASESER',NULL,NULL),(3526082015,3526,352608,'TANAGURA TIMUR',NULL,NULL),(3526092001,3526,352609,'PASESEH',NULL,NULL),(3526092002,3526,352609,'BUMI ANYAR',NULL,NULL),(3526092003,3526,352609,'TAMBAK POCOK',NULL,NULL),(3526092004,3526,352609,'LARANGAN TIMUR',NULL,NULL),(3526092005,3526,352609,'BUNGKENG',NULL,NULL),(3526092006,3526,352609,'BANDANG DAJAH',NULL,NULL),(3526092007,3526,352609,'TAGUNGGUH',NULL,NULL),(3526092008,3526,352609,'PLANGGIRAN',NULL,NULL),(3526092009,3526,352609,'AENG TABER',NULL,NULL),(3526092010,3526,352609,'BANYUSANGKA',NULL,NULL),(3526092011,3526,352609,'TLANGOH',NULL,NULL),(3526092012,3526,352609,'MACAJAH',NULL,NULL),(3526092013,3526,352609,'TANJUNG BUMI',NULL,NULL),(3526092014,3526,352609,'TELAGA BIRU',NULL,NULL),(3526102001,3526,352610,'DUPOK',NULL,NULL),(3526102002,3526,352610,'BANDASOLEH',NULL,NULL),(3526102003,3526,352610,'BATOKOROGAN',NULL,NULL),(3526102004,3526,352610,'TRAMOK',NULL,NULL),(3526102005,3526,352610,'KATOL TIMUR',NULL,NULL),(3526102006,3526,352610,'LEMBUNG GUNONG',NULL,NULL),(3526102007,3526,352610,'AMPARAAN',NULL,NULL),(3526102008,3526,352610,'KOKOP',NULL,NULL),(3526102009,3526,352610,'TLOKOH',NULL,NULL),(3526102010,3526,352610,'DURJAN',NULL,NULL),(3526102011,3526,352610,'MANOAN',NULL,NULL),(3526102012,3526,352610,'MANDUNG',NULL,NULL),(3526102013,3526,352610,'BANDANG LAOK',NULL,NULL),(3526112001,3526,352611,'PESANGGRAHAN',NULL,NULL),(3526112002,3526,352611,'KWANYAR BARAT',NULL,NULL),(3526112003,3526,352611,'KETETANG',NULL,NULL),(3526112004,3526,352611,'DLEMER',NULL,NULL),(3526112005,3526,352611,'MOROMBUH',NULL,NULL),(3526112006,3526,352611,'TEBUL',NULL,NULL),(3526112007,3526,352611,'KARANG ANYAR',NULL,NULL),(3526112008,3526,352611,'JANTEH',NULL,NULL),(3526112009,3526,352611,'SOMOR KONENG',NULL,NULL),(3526112010,3526,352611,'PAORAN',NULL,NULL),(3526112011,3526,352611,'KARANG ENTANG',NULL,NULL),(3526112012,3526,352611,'BATAH BARAT',NULL,NULL),(3526112013,3526,352611,'BATAH TIMUR',NULL,NULL),(3526112014,3526,352611,'PANDANAN',NULL,NULL),(3526112015,3526,352611,'GUNUNG SERENG',NULL,NULL),(3526112016,3526,352611,'DUWEK BUTER',NULL,NULL),(3526122001,3526,352612,'KESEK',NULL,NULL),(3526122002,3526,352612,'LABANG',NULL,NULL),(3526122003,3526,352612,'JUKONG',NULL,NULL),(3526122004,3526,352612,'PANGPONG',NULL,NULL),(3526122005,3526,352612,'SUKOLILO TIMUR',NULL,NULL),(3526122006,3526,352612,'SUKOLILO BARAT',NULL,NULL),(3526122007,3526,352612,'BRINGEN',NULL,NULL),(3526122008,3526,352612,'BAENGAS',NULL,NULL),(3526122009,3526,352612,'BUNAJIH',NULL,NULL),(3526122010,3526,352612,'SENDANG LAOK',NULL,NULL),(3526122011,3526,352612,'SENDANG DAJAH',NULL,NULL),(3526122012,3526,352612,'PETAPAN',NULL,NULL),(3526122013,3526,352612,'MORKEPEK',NULL,NULL),(3526132001,3526,352613,'TANAH MERAH DAJAH',NULL,NULL),(3526132002,3526,352613,'TANAH MERAH LAOK',NULL,NULL),(3526132003,3526,352613,'PETRAH',NULL,NULL),(3526132004,3526,352613,'JANGKAR',NULL,NULL),(3526132005,3526,352613,'PETTONG',NULL,NULL),(3526132006,3526,352613,'KENDABAN',NULL,NULL),(3526132007,3526,352613,'DUMAJAH',NULL,NULL),(3526132008,3526,352613,'PACENTAN',NULL,NULL),(3526132009,3526,352613,'BAIPAJUNG',NULL,NULL),(3526132010,3526,352613,'TLOMAR',NULL,NULL),(3526132011,3526,352613,'RONGDURIN',NULL,NULL),(3526132012,3526,352613,'LANDAK',NULL,NULL),(3526132013,3526,352613,'BASANAH',NULL,NULL),(3526132014,3526,352613,'POTER',NULL,NULL),(3526132015,3526,352613,'PATEMON',NULL,NULL),(3526132016,3526,352613,'DLAMBAH DAJAH',NULL,NULL),(3526132017,3526,352613,'DLAMBAH LAOK',NULL,NULL),(3526132018,3526,352613,'MRECAH',NULL,NULL),(3526132019,3526,352613,'BUDDAN',NULL,NULL),(3526132020,3526,352613,'BATANGAN',NULL,NULL),(3526132021,3526,352613,'PADURUNGAN',NULL,NULL),(3526132022,3526,352613,'PANGELEYAN',NULL,NULL),(3526132023,3526,352613,'KRANGGAN BARAT',NULL,NULL),(3526142001,3526,352614,'SOKET LAOK',NULL,NULL),(3526142002,3526,352614,'SOKET DAJAH',NULL,NULL),(3526142003,3526,352614,'PAMORAH',NULL,NULL),(3526142004,3526,352614,'BANYUBESEH',NULL,NULL),(3526142005,3526,352614,'POCONG',NULL,NULL),(3526142006,3526,352614,'TRAGAH',NULL,NULL),(3526142007,3526,352614,'KARANG LEMAN',NULL,NULL),(3526142008,3526,352614,'DUKO TAMBIN',NULL,NULL),(3526142009,3526,352614,'KETELENG',NULL,NULL),(3526142010,3526,352614,'ALANG ALANG',NULL,NULL),(3526142011,3526,352614,'KEMONING',NULL,NULL),(3526142012,3526,352614,'TAMBIN',NULL,NULL),(3526142013,3526,352614,'BAJEMAN',NULL,NULL),(3526142014,3526,352614,'JADDUNG',NULL,NULL),(3526142015,3526,352614,'PACANGAN',NULL,NULL),(3526142016,3526,352614,'BANCANG',NULL,NULL),(3526142017,3526,352614,'JAAH',NULL,NULL),(3526142018,3526,352614,'MASARAN',NULL,NULL),(3526152001,3526,352615,'BLEGA',NULL,NULL),(3526152002,3526,352615,'ROSEP',NULL,NULL),(3526152003,3526,352615,'NYOR MANES',NULL,NULL),(3526152004,3526,352615,'ALAS RAJAH',NULL,NULL),(3526152005,3526,352615,'BLEGA OLOH',NULL,NULL),(3526152006,3526,352615,'KARANG NANGKAH',NULL,NULL),(3526152007,3526,352615,'KARANG PANASAN',NULL,NULL),(3526152008,3526,352615,'KARANG GAYAM',NULL,NULL),(3526152009,3526,352615,'LOMAER',NULL,NULL),(3526152010,3526,352615,'BATES',NULL,NULL),(3526152011,3526,352615,'LOMBANG LAOK',NULL,NULL),(3526152012,3526,352615,'LOMBANG DAJAH',NULL,NULL),(3526152013,3526,352615,'KARPOTE',NULL,NULL),(3526152014,3526,352615,'KAJJAN',NULL,NULL),(3526152015,3526,352615,'PANJALINAN',NULL,NULL),(3526152016,3526,352615,'PANGERAN GADUNGAN',NULL,NULL),(3526152017,3526,352615,'KAMPAO',NULL,NULL),(3526152018,3526,352615,'KO\'OLAN',NULL,NULL),(3526152019,3526,352615,'GIGIR',NULL,NULL),(3526162001,3526,352616,'PATEREMAN',NULL,NULL),(3526162002,3526,352616,'PAENG',NULL,NULL),(3526162003,3526,352616,'KOLLA',NULL,NULL),(3526162004,3526,352616,'NEROH',NULL,NULL),(3526162005,3526,352616,'LANGPANGGANG',NULL,NULL),(3526162006,3526,352616,'PATENTENG',NULL,NULL),(3526162007,3526,352616,'SRABI BARAT',NULL,NULL),(3526162008,3526,352616,'SRABI TIMUR',NULL,NULL),(3526162009,3526,352616,'PANGPAJUNG',NULL,NULL),(3526162010,3526,352616,'KARANG ANYAR',NULL,NULL),(3526162011,3526,352616,'ALAS KOKON',NULL,NULL),(3526162012,3526,352616,'PAKONG',NULL,NULL),(3526162013,3526,352616,'GLISGIS',NULL,NULL),(3526162014,3526,352616,'BRAKAS DAJAH',NULL,NULL),(3526162015,3526,352616,'MODUNG',NULL,NULL),(3526162016,3526,352616,'SUWAAN',NULL,NULL),(3526162017,3526,352616,'MANGGAAN',NULL,NULL),(3526172001,3526,352617,'BANDUNG',NULL,NULL),(3526172002,3526,352617,'KONANG',NULL,NULL),(3526172003,3526,352617,'GENTENG',NULL,NULL),(3526172004,3526,352617,'PAKES',NULL,NULL),(3526172005,3526,352617,'CANGKAREMAN',NULL,NULL),(3526172006,3526,352617,'SEN ASEN',NULL,NULL),(3526172007,3526,352617,'SAMBIYAN',NULL,NULL),(3526172008,3526,352617,'CAMPOR',NULL,NULL),(3526172009,3526,352617,'GALIS DAJAH',NULL,NULL),(3526172010,3526,352617,'KANEGARAH',NULL,NULL),(3526172011,3526,352617,'DURIN BARAT',NULL,NULL),(3526172012,3526,352617,'DURIN TIMUR',NULL,NULL),(3526172013,3526,352617,'BATOKABAN',NULL,NULL),(3526182001,3526,352618,'TELLOK',NULL,NULL),(3526182002,3526,352618,'DALEMAN',NULL,NULL),(3526182003,3526,352618,'BLATERAN',NULL,NULL),(3526182004,3526,352618,'PATERONGAN',NULL,NULL),(3526182005,3526,352618,'KAJUANAK',NULL,NULL),(3526182006,3526,352618,'LONGKEK',NULL,NULL),(3526182007,3526,352618,'GALIS',NULL,NULL),(3526182008,3526,352618,'PEKADAN',NULL,NULL),(3526182009,3526,352618,'BANGPENDAH',NULL,NULL),(3526182010,3526,352618,'PAKA\'AN DAJAH',NULL,NULL),(3526182011,3526,352618,'PAKA\'AN LAOK',NULL,NULL),(3526182012,3526,352618,'KRANGGAN TIMUR',NULL,NULL),(3526182013,3526,352618,'SEPARAH',NULL,NULL),(3526182014,3526,352618,'BANJAR',NULL,NULL),(3526182015,3526,352618,'TLAGAH',NULL,NULL),(3526182016,3526,352618,'LANTEK BARAT',NULL,NULL),(3526182017,3526,352618,'LANTEK TIMOR',NULL,NULL),(3526182018,3526,352618,'KELBUNG',NULL,NULL),(3526182019,3526,352618,'BANYU BUNIH',NULL,NULL),(3526182020,3526,352618,'SADAH',NULL,NULL),(3526182021,3526,352618,'SORPA',NULL,NULL),(3527012001,3527,352701,'NOREH',NULL,NULL),(3527012002,3527,352701,'LABUHAN',NULL,NULL),(3527012003,3527,352701,'TAMAN',NULL,NULL),(3527012004,3527,352701,'SRESEH',NULL,NULL),(3527012005,3527,352701,'DISANAH',NULL,NULL),(3527012006,3527,352701,'MARPARAN',NULL,NULL),(3527012007,3527,352701,'KLOBUR',NULL,NULL),(3527012008,3527,352701,'LABANG',NULL,NULL),(3527012009,3527,352701,'BUNDAH',NULL,NULL),(3527012010,3527,352701,'BANGSAH',NULL,NULL),(3527012011,3527,352701,'PLASAH',NULL,NULL),(3527012012,3527,352701,'JUNOK',NULL,NULL),(3527022007,3527,352702,'DULANG',NULL,NULL),(3527022008,3527,352702,'PATARONGAN',NULL,NULL),(3527022009,3527,352702,'PANGONGSEAN',NULL,NULL),(3527022010,3527,352702,'KRAMPON',NULL,NULL),(3527022011,3527,352702,'BRINGINNONGGAL',NULL,NULL),(3527022012,3527,352702,'TORJUN',NULL,NULL),(3527022013,3527,352702,'PATAPAN',NULL,NULL),(3527022014,3527,352702,'JERUK POROT',NULL,NULL),(3527022015,3527,352702,'KODAK',NULL,NULL),(3527022016,3527,352702,'KANJAR',NULL,NULL),(3527022017,3527,352702,'KARA',NULL,NULL),(3527022018,3527,352702,'TANAH MERAH',NULL,NULL),(3527031003,3527,352703,'POLAGAN',NULL,NULL),(3527031004,3527,352703,'BANYUANYAR',NULL,NULL),(3527031006,3527,352703,'RONGTENGAH',NULL,NULL),(3527031007,3527,352703,'KARANG DALAM',NULL,NULL),(3527031008,3527,352703,'GUNUNG SEKAR',NULL,NULL),(3527031009,3527,352703,'DALPENANG',NULL,NULL),(3527032001,3527,352703,'P. MANDINGAN',NULL,NULL),(3527032002,3527,352703,'AENGSAREH',NULL,NULL),(3527032005,3527,352703,'GUNUNG MADDAH',NULL,NULL),(3527032010,3527,352703,'PANGGUNG',NULL,NULL),(3527032011,3527,352703,'TAMAN SAREH',NULL,NULL),(3527032012,3527,352703,'PAKALONGAN',NULL,NULL),(3527032013,3527,352703,'TANGGUMONG',NULL,NULL),(3527032014,3527,352703,'KAMUNING',NULL,NULL),(3527032015,3527,352703,'BANYUMAS',NULL,NULL),(3527032016,3527,352703,'PANGELEN',NULL,NULL),(3527032017,3527,352703,'PASEYAN',NULL,NULL),(3527032018,3527,352703,'BARUH',NULL,NULL),(3527042001,3527,352704,'TADDAN',NULL,NULL),(3527042002,3527,352704,'BANJAR TALELA',NULL,NULL),(3527042003,3527,352704,'TAMBAAN',NULL,NULL),(3527042004,3527,352704,'PRAJJAN',NULL,NULL),(3527042005,3527,352704,'DHARMA CAMPLONG',NULL,NULL),(3527042006,3527,352704,'BATUKARANG',NULL,NULL),(3527042007,3527,352704,'SEJATI',NULL,NULL),(3527042008,3527,352704,'DHARMA TANJUNG',NULL,NULL),(3527042009,3527,352704,'RABASAN',NULL,NULL),(3527042010,3527,352704,'BANJARTABULU',NULL,NULL),(3527042011,3527,352704,'ANGGERSEK',NULL,NULL),(3527042012,3527,352704,'MADUPAT',NULL,NULL),(3527042013,3527,352704,'PAMOLAAN',NULL,NULL),(3527042014,3527,352704,'PLAMPAAN',NULL,NULL),(3527052001,3527,352705,'KEBUN SAREH',NULL,NULL),(3527052002,3527,352705,'KARANGNANGGER',NULL,NULL),(3527052003,3527,352705,'RAPA LAOK',NULL,NULL),(3527052004,3527,352705,'RAPA DAYA',NULL,NULL),(3527052005,3527,352705,'ASTAPAH',NULL,NULL),(3527052006,3527,352705,'SOGIAN',NULL,NULL),(3527052007,3527,352705,'GERSEMPAL',NULL,NULL),(3527052008,3527,352705,'TEMORAN',NULL,NULL),(3527052009,3527,352705,'METENG',NULL,NULL),(3527052010,3527,352705,'MADULANG',NULL,NULL),(3527052011,3527,352705,'KAMONDUNG',NULL,NULL),(3527052012,3527,352705,'OMBEN',NULL,NULL),(3527052013,3527,352705,'TAMBAK',NULL,NULL),(3527052014,3527,352705,'ANGSOKAH',NULL,NULL),(3527052015,3527,352705,'JRANGUAN',NULL,NULL),(3527052016,3527,352705,'RONGDALAM',NULL,NULL),(3527052017,3527,352705,'NAPO LAOK',NULL,NULL),(3527052018,3527,352705,'NAPO DAYA',NULL,NULL),(3527052019,3527,352705,'KARANGGAYAM',NULL,NULL),(3527052020,3527,352705,'PANDAN',NULL,NULL),(3527062001,3527,352706,'BANYUKAPAH',NULL,NULL),(3527062002,3527,352706,'RABASAN',NULL,NULL),(3527062003,3527,352706,'ROHAYU',NULL,NULL),(3527062004,3527,352706,'KEDUNGDUNG',NULL,NULL),(3527062005,3527,352706,'KOMIS',NULL,NULL),(3527062006,3527,352706,'BAJRASOKA',NULL,NULL),(3527062007,3527,352706,'KRAMAT',NULL,NULL),(3527062008,3527,352706,'NYELOH',NULL,NULL),(3527062009,3527,352706,'BANJAR',NULL,NULL),(3527062010,3527,352706,'OMBUL',NULL,NULL),(3527062011,3527,352706,'PAJERUAN',NULL,NULL),(3527062012,3527,352706,'MOKTESAREH',NULL,NULL),(3527062013,3527,352706,'BATOPORO BARAT',NULL,NULL),(3527062014,3527,352706,'BATOPORO TIMUR',NULL,NULL),(3527062015,3527,352706,'GUNUNGELEH',NULL,NULL),(3527062016,3527,352706,'DALEMAN',NULL,NULL),(3527062017,3527,352706,'PASARENAN',NULL,NULL),(3527062018,3527,352706,'PALENGGIAN',NULL,NULL),(3527072001,3527,352707,'ASEMRAJA',NULL,NULL),(3527072002,3527,352707,'PLAKARAN',NULL,NULL),(3527072003,3527,352707,'ASEMNONGGAL',NULL,NULL),(3527072004,3527,352707,'MAJANGAN',NULL,NULL),(3527072005,3527,352707,'MARGANTOKO',NULL,NULL),(3527072006,3527,352707,'PENYEPEN',NULL,NULL),(3527072007,3527,352707,'TAMAN',NULL,NULL),(3527072008,3527,352707,'JRENGIK',NULL,NULL),(3527072009,3527,352707,'KALANGAN PRAO',NULL,NULL),(3527072010,3527,352707,'KOTAH',NULL,NULL),(3527072011,3527,352707,'JUNGKARANG',NULL,NULL),(3527072012,3527,352707,'MLAKAH',NULL,NULL),(3527072013,3527,352707,'BANCELOK',NULL,NULL),(3527072014,3527,352707,'BUKER',NULL,NULL),(3527082001,3527,352708,'KARANGANYAR',NULL,NULL),(3527082002,3527,352708,'BATURASANG',NULL,NULL),(3527082003,3527,352708,'MAMBULU BARAT',NULL,NULL),(3527082004,3527,352708,'BRINGIN',NULL,NULL),(3527082005,3527,352708,'SAMARAN',NULL,NULL),(3527082006,3527,352708,'TAMBELANGAN',NULL,NULL),(3527082007,3527,352708,'BARUNGGAGAH',NULL,NULL),(3527082008,3527,352708,'BANJARBILLAH',NULL,NULL),(3527082009,3527,352708,'SOMBER',NULL,NULL),(3527082010,3527,352708,'BIREM',NULL,NULL),(3527092001,3527,352709,'OLOR',NULL,NULL),(3527092002,3527,352709,'PLANGGARAN BARAT',NULL,NULL),(3527092003,3527,352709,'PLANGGARAN TIMUR',NULL,NULL),(3527092004,3527,352709,'TOLANG',NULL,NULL),(3527092005,3527,352709,'LAR LAR',NULL,NULL),(3527092006,3527,352709,'TLAGAH',NULL,NULL),(3527092007,3527,352709,'NAGASAREH',NULL,NULL),(3527092008,3527,352709,'TRAPANG',NULL,NULL),(3527092009,3527,352709,'TEROSAN',NULL,NULL),(3527092010,3527,352709,'ASEM JARAN',NULL,NULL),(3527092011,3527,352709,'KEMBANG JERUK',NULL,NULL),(3527092012,3527,352709,'MORBATOH',NULL,NULL),(3527092013,3527,352709,'MONTOR',NULL,NULL),(3527092014,3527,352709,'TEBANAH',NULL,NULL),(3527092015,3527,352709,'NEPA',NULL,NULL),(3527092016,3527,352709,'BATIOH',NULL,NULL),(3527092017,3527,352709,'MASARAN',NULL,NULL),(3527092018,3527,352709,'BANYUATES',NULL,NULL),(3527092019,3527,352709,'JATRA TIMUR',NULL,NULL),(3527092020,3527,352709,'TAPAAN',NULL,NULL),(3527102008,3527,352710,'LEPELLE',NULL,NULL),(3527102009,3527,352710,'BAPELLE',NULL,NULL),(3527102010,3527,352710,'SAWAH TENGAH',NULL,NULL),(3527102011,3527,352710,'TORJUNAN',NULL,NULL),(3527102012,3527,352710,'TRAGIH',NULL,NULL),(3527102013,3527,352710,'JELGUNG',NULL,NULL),(3527102014,3527,352710,'ROBATAL',NULL,NULL),(3527102015,3527,352710,'GUNUNG RANCAK',NULL,NULL),(3527102016,3527,352710,'PANDIYANGAN',NULL,NULL),(3527112001,3527,352711,'TOBAI BARAT',NULL,NULL),(3527112002,3527,352711,'TOBAI TENGAH',NULL,NULL),(3527112003,3527,352711,'TOBAI TIMUR',NULL,NULL),(3527112004,3527,352711,'BIRA TENGAH',NULL,NULL),(3527112005,3527,352711,'BIRA TIMUR',NULL,NULL),(3527112006,3527,352711,'SOKOBANAH LAOK',NULL,NULL),(3527112007,3527,352711,'TAMBERU LAOK',NULL,NULL),(3527112008,3527,352711,'TAMBERU DAYA',NULL,NULL),(3527112009,3527,352711,'SOKOBANAH TENGAH',NULL,NULL),(3527112010,3527,352711,'SOKOBANAH DAYA',NULL,NULL),(3527112011,3527,352711,'TAMBERU BARAT',NULL,NULL),(3527112012,3527,352711,'TAMBERU TIMUR',NULL,NULL),(3527122001,3527,352712,'PAOPALE LAOK',NULL,NULL),(3527122002,3527,352712,'BUNTEN BARAT',NULL,NULL),(3527122003,3527,352712,'BUNTEN TIMUR',NULL,NULL),(3527122004,3527,352712,'PANCOR',NULL,NULL),(3527122005,3527,352712,'KARANGANYAR',NULL,NULL),(3527122006,3527,352712,'PANGEREMAN',NULL,NULL),(3527122007,3527,352712,'BIRA BARAT',NULL,NULL),(3527122008,3527,352712,'KETAPANG TIMUR',NULL,NULL),(3527122009,3527,352712,'KETAPANG DAYA',NULL,NULL),(3527122010,3527,352712,'KETAPANG LAOK',NULL,NULL),(3527122011,3527,352712,'KETAPANG BARAT',NULL,NULL),(3527122012,3527,352712,'PAOPALE DAYA',NULL,NULL),(3527122013,3527,352712,'RABIYAN',NULL,NULL),(3527122014,3527,352712,'BANYUSOKAH',NULL,NULL),(3527132001,3527,352713,'PANGARENGAN',NULL,NULL),(3527132002,3527,352713,'APA AN',NULL,NULL),(3527132003,3527,352713,'GULBUNG',NULL,NULL),(3527132004,3527,352713,'PANYIRANGAN',NULL,NULL),(3527132005,3527,352713,'PACANGGA AN',NULL,NULL),(3527132006,3527,352713,'RAGUNG',NULL,NULL),(3527142001,3527,352714,'BLU URAN',NULL,NULL),(3527142002,3527,352714,'TLAMBAH',NULL,NULL),(3527142003,3527,352714,'BULMATET',NULL,NULL),(3527142004,3527,352714,'POREH',NULL,NULL),(3527142005,3527,352714,'KARANGPENANG OLOH',NULL,NULL),(3527142006,3527,352714,'KARANGPENANG ONJUR',NULL,NULL),(3527142007,3527,352714,'GUNUNG KESAN',NULL,NULL),(3528012001,3528,352801,'DABUAN',NULL,NULL),(3528012002,3528,352801,'TERRAK',NULL,NULL),(3528012003,3528,352801,'MANGAR',NULL,NULL),(3528012004,3528,352801,'BANDARAN',NULL,NULL),(3528012005,3528,352801,'KRAMAT',NULL,NULL),(3528012006,3528,352801,'AMBAT',NULL,NULL),(3528012007,3528,352801,'BRANTA PESISIR',NULL,NULL),(3528012008,3528,352801,'TLANAKAN',NULL,NULL),(3528012009,3528,352801,'BRANTA TINGGI',NULL,NULL),(3528012010,3528,352801,'TLESAH',NULL,NULL),(3528012011,3528,352801,'LARANGAN TOKOL',NULL,NULL),(3528012012,3528,352801,'CEGUK',NULL,NULL),(3528012013,3528,352801,'PANGLEGUR',NULL,NULL),(3528012014,3528,352801,'BUKEK',NULL,NULL),(3528012015,3528,352801,'GUGUL',NULL,NULL),(3528012016,3528,352801,'LARANGAN SLAMPAR',NULL,NULL),(3528012017,3528,352801,'TARO\'AN',NULL,NULL),(3528021018,3528,352802,'BARURAMBAT TIMUR',NULL,NULL),(3528021019,3528,352802,'LAWANGAN DAYA',NULL,NULL),(3528022001,3528,352802,'TANJUNG',NULL,NULL),(3528022002,3528,352802,'PADELEGAN',NULL,NULL),(3528022003,3528,352802,'MAJUNGAN',NULL,NULL),(3528022004,3528,352802,'PAGAGAN',NULL,NULL),(3528022005,3528,352802,'JARIN',NULL,NULL),(3528022006,3528,352802,'BADDURIH',NULL,NULL),(3528022007,3528,352802,'BUDDIH',NULL,NULL),(3528022008,3528,352802,'SOPA\'AH',NULL,NULL),(3528022009,3528,352802,'PREKBUN',NULL,NULL),(3528022010,3528,352802,'DURBUK',NULL,NULL),(3528022011,3528,352802,'PADEMAWU BARAT',NULL,NULL),(3528022012,3528,352802,'PADEMAWU TIMUR',NULL,NULL),(3528022013,3528,352802,'BUNDER',NULL,NULL),(3528022014,3528,352802,'DASOK',NULL,NULL),(3528022015,3528,352802,'MURTAJIH',NULL,NULL),(3528022016,3528,352802,'SUMEDANGAN',NULL,NULL),(3528022017,3528,352802,'LEMPER',NULL,NULL),(3528022020,3528,352802,'SENTOL',NULL,NULL),(3528022021,3528,352802,'TAMBUNG',NULL,NULL),(3528022022,3528,352802,'BUDDAGAN',NULL,NULL),(3528032001,3528,352803,'TOBUNGAN',NULL,NULL),(3528032002,3528,352803,'KONANG',NULL,NULL),(3528032003,3528,352803,'PANDAN',NULL,NULL),(3528032004,3528,352803,'LEMBUNG',NULL,NULL),(3528032005,3528,352803,'GALIS',NULL,NULL),(3528032006,3528,352803,'BULAY',NULL,NULL),(3528032007,3528,352803,'PAGENDINGAN',NULL,NULL),(3528032008,3528,352803,'PONTEH',NULL,NULL),(3528032009,3528,352803,'POLAGAN',NULL,NULL),(3528032010,3528,352803,'ARTODUNG',NULL,NULL),(3528041001,3528,352804,'KANGENAN',NULL,NULL),(3528041003,3528,352804,'PATEMON',NULL,NULL),(3528041011,3528,352804,'BUGIH',NULL,NULL),(3528041012,3528,352804,'JUNGCANG CANG',NULL,NULL),(3528041013,3528,352804,'PARTEKER',NULL,NULL),(3528041014,3528,352804,'BARURAMBAT KOTA',NULL,NULL),(3528041015,3528,352804,'GELADAK ANYAR',NULL,NULL),(3528041016,3528,352804,'KOLPAJUNG',NULL,NULL),(3528041017,3528,352804,'KOWEL',NULL,NULL),(3528042002,3528,352804,'PANEMPAN',NULL,NULL),(3528042004,3528,352804,'LADEN',NULL,NULL),(3528042005,3528,352804,'JALMAK',NULL,NULL),(3528042006,3528,352804,'TEJA BARAT',NULL,NULL),(3528042007,3528,352804,'TEJA TIMUR',NULL,NULL),(3528042008,3528,352804,'BETTET',NULL,NULL),(3528042009,3528,352804,'NYALABU LAOK',NULL,NULL),(3528042010,3528,352804,'NYALABU DAJA',NULL,NULL),(3528042018,3528,352804,'TORONAN',NULL,NULL),(3528052001,3528,352805,'KARANG ANYAR',NULL,NULL),(3528052002,3528,352805,'TOKET',NULL,NULL),(3528052003,3528,352805,'CANDI BURUNG',NULL,NULL),(3528052004,3528,352805,'BATO KALANGAN',NULL,NULL),(3528052005,3528,352805,'GRO\'OM',NULL,NULL),(3528052006,3528,352805,'SRAMBAH',NULL,NULL),(3528052007,3528,352805,'PANGTONGGAL',NULL,NULL),(3528052008,3528,352805,'SAMIRAN',NULL,NULL),(3528052009,3528,352805,'KODIK',NULL,NULL),(3528052010,3528,352805,'KLAMPAR',NULL,NULL),(3528052011,3528,352805,'SAMATAN',NULL,NULL),(3528052012,3528,352805,'LENTENG',NULL,NULL),(3528052013,3528,352805,'TALANGOH',NULL,NULL),(3528052014,3528,352805,'BILLA\'AN',NULL,NULL),(3528052015,3528,352805,'RANGPERANG LAOK',NULL,NULL),(3528052016,3528,352805,'RANGPERANG DAJA',NULL,NULL),(3528052017,3528,352805,'BANYUBULU',NULL,NULL),(3528052018,3528,352805,'PANGORAYAN',NULL,NULL),(3528052019,3528,352805,'PANGLEMAH',NULL,NULL),(3528052020,3528,352805,'MAPPER',NULL,NULL),(3528052021,3528,352805,'PROPPO',NULL,NULL),(3528052022,3528,352805,'JAMBRINGIN',NULL,NULL),(3528052023,3528,352805,'CAMPOR',NULL,NULL),(3528052024,3528,352805,'PANAGUAN',NULL,NULL),(3528052025,3528,352805,'PANGBATOK',NULL,NULL),(3528052026,3528,352805,'TATTANGOH',NULL,NULL),(3528052027,3528,352805,'BADUNG',NULL,NULL),(3528062001,3528,352806,'BANYUPELLE',NULL,NULL),(3528062002,3528,352806,'REK KERREK',NULL,NULL),(3528062003,3528,352806,'ANGSANAH',NULL,NULL),(3528062004,3528,352806,'AKKOR',NULL,NULL),(3528062005,3528,352806,'LARANGAN BADUNG',NULL,NULL),(3528062006,3528,352806,'PANAAN',NULL,NULL),(3528062007,3528,352806,'PATOAN LAOK',NULL,NULL),(3528062008,3528,352806,'PATOAN DAJAH',NULL,NULL),(3528062009,3528,352806,'KACOK',NULL,NULL),(3528062010,3528,352806,'ROMBUH',NULL,NULL),(3528062011,3528,352806,'PALENGAAN LAOK',NULL,NULL),(3528062012,3528,352806,'PALENGAAN DAJAH',NULL,NULL),(3528072001,3528,352807,'PLAKPAK',NULL,NULL),(3528072002,3528,352807,'PALESANGGAR',NULL,NULL),(3528072003,3528,352807,'PEGANTENAN',NULL,NULL),(3528072004,3528,352807,'BULANGAN BRANTA',NULL,NULL),(3528072005,3528,352807,'BULANGAN BARAT',NULL,NULL),(3528072006,3528,352807,'BULANGAN HAJI',NULL,NULL),(3528072007,3528,352807,'TLAGAH',NULL,NULL),(3528072008,3528,352807,'BULANGAN TIMUR',NULL,NULL),(3528072009,3528,352807,'TEBUL TIMUR',NULL,NULL),(3528072010,3528,352807,'TEBUL BARAT',NULL,NULL),(3528072011,3528,352807,'AMBENDER',NULL,NULL),(3528072012,3528,352807,'PASANGGAR',NULL,NULL),(3528072013,3528,352807,'TANJUNG',NULL,NULL),(3528082001,3528,352808,'PELTONG',NULL,NULL),(3528082002,3528,352808,'BLUMBUNGAN',NULL,NULL),(3528082003,3528,352808,'TRASAK',NULL,NULL),(3528082004,3528,352808,'TENTENAN BARAT',NULL,NULL),(3528082005,3528,352808,'TENTENAN TIMUR',NULL,NULL),(3528082006,3528,352808,'GRUJUGAN',NULL,NULL),(3528082007,3528,352808,'LARANGAN LUAR',NULL,NULL),(3528082008,3528,352808,'LARANGAN DALAM',NULL,NULL),(3528082009,3528,352808,'PANAGUAN',NULL,NULL),(3528082010,3528,352808,'MONTOK',NULL,NULL),(3528082011,3528,352808,'TARABAN',NULL,NULL),(3528082012,3528,352808,'DUKO TIMUR',NULL,NULL),(3528082013,3528,352808,'LANCAR',NULL,NULL),(3528082014,3528,352808,'KADUARA BARAT',NULL,NULL),(3528092001,3528,352809,'BICORONG',NULL,NULL),(3528092002,3528,352809,'KLOMPANG BARAT',NULL,NULL),(3528092003,3528,352809,'KLOMPANG TIMUR',NULL,NULL),(3528092004,3528,352809,'CENLECEN',NULL,NULL),(3528092005,3528,352809,'BAJANG',NULL,NULL),(3528092006,3528,352809,'BANBAN',NULL,NULL),(3528092007,3528,352809,'SOMALANG',NULL,NULL),(3528092008,3528,352809,'PALALANG',NULL,NULL),(3528092009,3528,352809,'SEDDUR',NULL,NULL),(3528092010,3528,352809,'PAKONG',NULL,NULL),(3528092011,3528,352809,'BANDUNGAN',NULL,NULL),(3528092012,3528,352809,'LEBBEK',NULL,NULL),(3528102001,3528,352810,'BAJUR',NULL,NULL),(3528102002,3528,352810,'SUMBER WARU',NULL,NULL),(3528102003,3528,352810,'TAMPOJUNG PREGIH',NULL,NULL),(3528102004,3528,352810,'TAMPOJUNG GUWA',NULL,NULL),(3528102005,3528,352810,'TAMPOJUNG TENGAH',NULL,NULL),(3528102006,3528,352810,'TAMPOJUNG TENGGINA',NULL,NULL),(3528102007,3528,352810,'RAGANG',NULL,NULL),(3528102008,3528,352810,'SANA LAOK',NULL,NULL),(3528102009,3528,352810,'WARU TIMUR',NULL,NULL),(3528102010,3528,352810,'WARU BARAT',NULL,NULL),(3528102011,3528,352810,'TLONTO ARES',NULL,NULL),(3528102012,3528,352810,'TAGANGSER LAOK',NULL,NULL),(3528112001,3528,352811,'BUJUR BARAT',NULL,NULL),(3528112002,3528,352811,'PANGEREMAN',NULL,NULL),(3528112003,3528,352811,'BANGSERREH',NULL,NULL),(3528112004,3528,352811,'LESONG LAOK',NULL,NULL),(3528112005,3528,352811,'PONJANAN BARAT',NULL,NULL),(3528112006,3528,352811,'PONJANAN TIMUR',NULL,NULL),(3528112007,3528,352811,'KAPONG',NULL,NULL),(3528112008,3528,352811,'LESONG DAJA',NULL,NULL),(3528112009,3528,352811,'BATU BINTANG',NULL,NULL),(3528112010,3528,352811,'BLABAN',NULL,NULL),(3528112011,3528,352811,'TAMBERU',NULL,NULL),(3528112012,3528,352811,'BUJUR TENGAH',NULL,NULL),(3528112013,3528,352811,'BUJUR TIMUR',NULL,NULL),(3528122001,3528,352812,'PAMAROH',NULL,NULL),(3528122002,3528,352812,'PAMOROH',NULL,NULL),(3528122003,3528,352812,'SOKOLELAH',NULL,NULL),(3528122004,3528,352812,'GAGAH',NULL,NULL),(3528122005,3528,352812,'KERTAGENA LAOK',NULL,NULL),(3528122006,3528,352812,'KERTAGENA TENGAH',NULL,NULL),(3528122007,3528,352812,'BUNGBARUH',NULL,NULL),(3528122008,3528,352812,'KADUR',NULL,NULL),(3528122009,3528,352812,'BANGKES',NULL,NULL),(3528122010,3528,352812,'KERTAGENA DAJAH',NULL,NULL),(3528132001,3528,352813,'SANA TENGAH',NULL,NULL),(3528132002,3528,352813,'SANA DAJAH',NULL,NULL),(3528132003,3528,352813,'TAGANGSER DAJAH',NULL,NULL),(3528132004,3528,352813,'SOTABAR',NULL,NULL),(3528132005,3528,352813,'TLONTO RAJA',NULL,NULL),(3528132006,3528,352813,'DEMPO BARAT',NULL,NULL),(3528132007,3528,352813,'DEMPO TIMUR',NULL,NULL),(3528132008,3528,352813,'BINDANG',NULL,NULL),(3528132009,3528,352813,'BATUKERBUY',NULL,NULL),(3529011015,3529,352901,'KEPANJIN',NULL,NULL),(3529011016,3529,352901,'PAJAGALAN',NULL,NULL),(3529011017,3529,352901,'BANGSELOK',NULL,NULL),(3529011018,3529,352901,'KARANGDUAK',NULL,NULL),(3529012005,3529,352901,'KOLOR',NULL,NULL),(3529012006,3529,352901,'PABIAN',NULL,NULL),(3529012007,3529,352901,'MARENGAN DAYA',NULL,NULL),(3529012008,3529,352901,'KACONGAN',NULL,NULL),(3529012009,3529,352901,'PABERASAN',NULL,NULL),(3529012010,3529,352901,'PARSANGA',NULL,NULL),(3529012011,3529,352901,'BANGKAL',NULL,NULL),(3529012012,3529,352901,'KEBUNAN',NULL,NULL),(3529012013,3529,352901,'PAMOLOKAN',NULL,NULL),(3529012014,3529,352901,'PANGARANGAN',NULL,NULL),(3529012019,3529,352901,'PANDIAN',NULL,NULL),(3529012020,3529,352901,'KEBUNAGUNG',NULL,NULL),(3529022001,3529,352902,'PINGGIRPAPAS',NULL,NULL),(3529022002,3529,352902,'KARANGANYAR',NULL,NULL),(3529022003,3529,352902,'MARENGAN LAOK',NULL,NULL),(3529022004,3529,352902,'KERTASADA',NULL,NULL),(3529022005,3529,352902,'KALIMOOK',NULL,NULL),(3529022006,3529,352902,'KALIANGET BARAT',NULL,NULL),(3529022007,3529,352902,'KALIANGET TIMUR',NULL,NULL),(3529032001,3529,352903,'KASENGAN',NULL,NULL),(3529032002,3529,352903,'LALANGON',NULL,NULL),(3529032003,3529,352903,'TENONAN',NULL,NULL),(3529032004,3529,352903,'LANJUK',NULL,NULL),(3529032005,3529,352903,'GADDING',NULL,NULL),(3529032006,3529,352903,'GIRING',NULL,NULL),(3529032007,3529,352903,'GUNUNG KEMBAR',NULL,NULL),(3529032008,3529,352903,'JABA\'AN',NULL,NULL),(3529032009,3529,352903,'MANDING LAOK',NULL,NULL),(3529032010,3529,352903,'MANDING TIMUR',NULL,NULL),(3529032011,3529,352903,'MANDING DAYA',NULL,NULL),(3529042001,3529,352904,'TALANGO',NULL,NULL),(3529042002,3529,352904,'PADIKE',NULL,NULL),(3529042003,3529,352904,'CABBIYA',NULL,NULL),(3529042004,3529,352904,'ESSANG',NULL,NULL),(3529042005,3529,352904,'KOMBANG',NULL,NULL),(3529042006,3529,352904,'POTERAN',NULL,NULL),(3529042007,3529,352904,'PALASA',NULL,NULL),(3529042008,3529,352904,'GAPURANA',NULL,NULL),(3529052001,3529,352905,'GULUK MANJUNG',NULL,NULL),(3529052002,3529,352905,'KAPEDI',NULL,NULL),(3529052003,3529,352905,'PAKANDANGAN BARAT',NULL,NULL),(3529052004,3529,352905,'PAKANDANGAN TENGAH',NULL,NULL),(3529052005,3529,352905,'PAKANDANGAN SANGRA',NULL,NULL),(3529052006,3529,352905,'AENG DAKE',NULL,NULL),(3529052007,3529,352905,'AENG BAJA KENEK',NULL,NULL),(3529052008,3529,352905,'BLUTO',NULL,NULL),(3529052009,3529,352905,'LOBUK',NULL,NULL),(3529052010,3529,352905,'BUMBUNGAN',NULL,NULL),(3529052011,3529,352905,'MASARAN',NULL,NULL),(3529052012,3529,352905,'PALONGAN',NULL,NULL),(3529052013,3529,352905,'AENG BAJA RAJA',NULL,NULL),(3529052014,3529,352905,'KARANG CAMPAKA',NULL,NULL),(3529052015,3529,352905,'SERA BARAT',NULL,NULL),(3529052016,3529,352905,'SERA TENGAH',NULL,NULL),(3529052017,3529,352905,'SERA TIMUR',NULL,NULL),(3529052018,3529,352905,'GINGGING',NULL,NULL),(3529052019,3529,352905,'ERRABU',NULL,NULL),(3529052020,3529,352905,'GILANG',NULL,NULL),(3529062001,3529,352906,'PAGAR BATU',NULL,NULL),(3529062002,3529,352906,'TANJUNG',NULL,NULL),(3529062003,3529,352906,'KEBUNDADAP TIMUR',NULL,NULL),(3529062004,3529,352906,'LANGSAR',NULL,NULL),(3529062005,3529,352906,'KEBUNDADAP BARAT',NULL,NULL),(3529062006,3529,352906,'SAROKA',NULL,NULL),(3529062007,3529,352906,'TANAMERAH',NULL,NULL),(3529062008,3529,352906,'NAMBAKOR',NULL,NULL),(3529062009,3529,352906,'SARONGGI',NULL,NULL),(3529062010,3529,352906,'MOANGAN',NULL,NULL),(3529062011,3529,352906,'JULUK',NULL,NULL),(3529062012,3529,352906,'AENGTONGTONG',NULL,NULL),(3529062013,3529,352906,'TALANG',NULL,NULL),(3529062014,3529,352906,'KAMBINGAN TIMUR',NULL,NULL),(3529072001,3529,352907,'MONCEK BARAT',NULL,NULL),(3529072002,3529,352907,'MONCEK TENGAH',NULL,NULL),(3529072003,3529,352907,'MONCEK TIMUR',NULL,NULL),(3529072004,3529,352907,'BANARESEP TIMUR',NULL,NULL),(3529072005,3529,352907,'TAROGAN',NULL,NULL),(3529072006,3529,352907,'KAMBINGAN BARAT',NULL,NULL),(3529072007,3529,352907,'POREH',NULL,NULL),(3529072008,3529,352907,'LENTENG TIMUR',NULL,NULL),(3529072009,3529,352907,'LEMBUNG TIMUR',NULL,NULL),(3529072010,3529,352907,'LENTENG BARAT',NULL,NULL),(3529072011,3529,352907,'BANARESEP BARAT',NULL,NULL),(3529072012,3529,352907,'BILLAPORA REBBA',NULL,NULL),(3529072013,3529,352907,'LEMBUNG BARAT',NULL,NULL),(3529072014,3529,352907,'ELLAK LAOK',NULL,NULL),(3529072015,3529,352907,'ELLAK DAYA',NULL,NULL),(3529072016,3529,352907,'DARAMISTA',NULL,NULL),(3529072017,3529,352907,'JAMBU',NULL,NULL),(3529072018,3529,352907,'CANGKRENG',NULL,NULL),(3529072019,3529,352907,'MEDDELAN',NULL,NULL),(3529072020,3529,352907,'SENDIR',NULL,NULL),(3529082001,3529,352908,'GALIS',NULL,NULL),(3529082002,3529,352908,'GEDUGAN',NULL,NULL),(3529082003,3529,352908,'BRINGSANG',NULL,NULL),(3529082004,3529,352908,'AENGANYAR',NULL,NULL),(3529082005,3529,352908,'LOMBANG',NULL,NULL),(3529082006,3529,352908,'JATE',NULL,NULL),(3529082007,3529,352908,'BANBARU',NULL,NULL),(3529082008,3529,352908,'BANMALENG',NULL,NULL),(3529092001,3529,352909,'BAKEONG',NULL,NULL),(3529092002,3529,352909,'PAYUDAN DUNDANG',NULL,NULL),(3529092003,3529,352909,'PORDAPOR',NULL,NULL),(3529092004,3529,352909,'GULUK-GULUK',NULL,NULL),(3529092005,3529,352909,'KETAWANG LAOK',NULL,NULL),(3529092006,3529,352909,'PANANGGUNGAN',NULL,NULL),(3529092007,3529,352909,'BRAGUNG',NULL,NULL),(3529092008,3529,352909,'TAMBUKO',NULL,NULL),(3529092009,3529,352909,'PAYUDAN NANGGER',NULL,NULL),(3529092010,3529,352909,'PAYUDAN DALEMAN',NULL,NULL),(3529092011,3529,352909,'PAYUDAN KARANGSOKON',NULL,NULL),(3529092012,3529,352909,'BATUAMPAR',NULL,NULL),(3529102001,3529,352910,'BATAAL BARAT',NULL,NULL),(3529102002,3529,352910,'BATAAL TIMUR',NULL,NULL),(3529102003,3529,352910,'ROMBIYA BARAT',NULL,NULL),(3529102004,3529,352910,'ROMBIYA TIMUR',NULL,NULL),(3529102005,3529,352910,'TALAGA',NULL,NULL),(3529102006,3529,352910,'BILLAPORA BARAT',NULL,NULL),(3529102007,3529,352910,'BILLAPORA TIMUR',NULL,NULL),(3529102008,3529,352910,'GANDING',NULL,NULL),(3529102009,3529,352910,'GADU TIMUR',NULL,NULL),(3529102010,3529,352910,'GADU BARAT',NULL,NULL),(3529102011,3529,352910,'KETAWANG LARANGAN',NULL,NULL),(3529102012,3529,352910,'KETAWANG PAREBAAN',NULL,NULL),(3529102013,3529,352910,'KETAWANG DALEMAN',NULL,NULL),(3529102014,3529,352910,'KETAWANG KARAY',NULL,NULL),(3529112001,3529,352911,'KADUARA TIMUR',NULL,NULL),(3529112002,3529,352911,'SENDANG',NULL,NULL),(3529112003,3529,352911,'ROMBASAN',NULL,NULL),(3529112004,3529,352911,'SENTOL LAOK',NULL,NULL),(3529112005,3529,352911,'LARANGAN PERRENG',NULL,NULL),(3529112006,3529,352911,'SENTOL DAYA',NULL,NULL),(3529112007,3529,352911,'PAKAMBAN DAYA',NULL,NULL),(3529112008,3529,352911,'PAKAMBAN LAOK',NULL,NULL),(3529112009,3529,352911,'JADDUNG',NULL,NULL),(3529112010,3529,352911,'PRAGAAN LAOK',NULL,NULL),(3529112011,3529,352911,'PRAGAAN DAYA',NULL,NULL),(3529112012,3529,352911,'PRENDUAN',NULL,NULL),(3529112013,3529,352911,'AENG PANAS',NULL,NULL),(3529112014,3529,352911,'KARDULUK',NULL,NULL),(3529122001,3529,352912,'AMBUNTEN BARAT',NULL,NULL),(3529122002,3529,352912,'AMBUNTEN TENGAH',NULL,NULL),(3529122003,3529,352912,'AMBUNTEN TIMUR',NULL,NULL),(3529122004,3529,352912,'TAMBAAGUNG BARAT',NULL,NULL),(3529122005,3529,352912,'TAMBAAGUNG TENGAH',NULL,NULL),(3529122006,3529,352912,'TAMBAAGUNG ARES',NULL,NULL),(3529122007,3529,352912,'SOGIAN',NULL,NULL),(3529122008,3529,352912,'TAMBAAGUNG TIMUR',NULL,NULL),(3529122009,3529,352912,'BUKABU',NULL,NULL),(3529122010,3529,352912,'CAMPOR BARAT',NULL,NULL),(3529122011,3529,352912,'KELES',NULL,NULL),(3529122012,3529,352912,'CAMPOR TIMUR',NULL,NULL),(3529122013,3529,352912,'BELLUK ARES',NULL,NULL),(3529122014,3529,352912,'BELLUK KENEK',NULL,NULL),(3529122015,3529,352912,'BELLUK RAJA',NULL,NULL),(3529132001,3529,352913,'MONTORNA',NULL,NULL),(3529132002,3529,352913,'PRANCAK',NULL,NULL),(3529132003,3529,352913,'CAMPAKA',NULL,NULL),(3529132004,3529,352913,'RAJUN',NULL,NULL),(3529132005,3529,352913,'LEBENG TIMUR',NULL,NULL),(3529132006,3529,352913,'LEBENG BARAT',NULL,NULL),(3529132007,3529,352913,'SODDARA',NULL,NULL),(3529132008,3529,352913,'PASONGSONGAN',NULL,NULL),(3529132009,3529,352913,'PADANGDANGAN',NULL,NULL),(3529132010,3529,352913,'PANAONGAN',NULL,NULL),(3529142001,3529,352914,'SLOPENG',NULL,NULL),(3529142002,3529,352914,'SEMAAN',NULL,NULL),(3529142003,3529,352914,'BATUBELLAH BARAT',NULL,NULL),(3529142004,3529,352914,'BATUBELLAH TIMUR',NULL,NULL),(3529142005,3529,352914,'KECER',NULL,NULL),(3529142006,3529,352914,'BATES',NULL,NULL),(3529142007,3529,352914,'BRINGIN',NULL,NULL),(3529142008,3529,352914,'JELBUDAN',NULL,NULL),(3529142009,3529,352914,'KERTA BARAT',NULL,NULL),(3529142010,3529,352914,'KERTA TIMUR',NULL,NULL),(3529142011,3529,352914,'NYAPAR',NULL,NULL),(3529142012,3529,352914,'DASUK BARAT',NULL,NULL),(3529142013,3529,352914,'DASUK TIMUR',NULL,NULL),(3529142014,3529,352914,'DASUK LAOK',NULL,NULL),(3529142015,3529,352914,'MANTAJUN',NULL,NULL),(3529152001,3529,352915,'MANDALA',NULL,NULL),(3529152002,3529,352915,'PAKONDANG',NULL,NULL),(3529152003,3529,352915,'MATANAIR',NULL,NULL),(3529152004,3529,352915,'TAMBAKSARI',NULL,NULL),(3529152005,3529,352915,'BANASARE',NULL,NULL),(3529152006,3529,352915,'BUNBARAT',NULL,NULL),(3529152007,3529,352915,'KARANG NANGKA',NULL,NULL),(3529152008,3529,352915,'BASOKA',NULL,NULL),(3529152009,3529,352915,'DUKO',NULL,NULL),(3529152010,3529,352915,'RUBARU',NULL,NULL),(3529152011,3529,352915,'KALEBENGAN',NULL,NULL),(3529162001,3529,352916,'KOLPO',NULL,NULL),(3529162002,3529,352916,'TAMIDUNG',NULL,NULL),(3529162003,3529,352916,'BATANG-BATANG LAOK',NULL,NULL),(3529162004,3529,352916,'BATANG-BATANG DAYA',NULL,NULL),(3529162005,3529,352916,'TOTOSAN',NULL,NULL),(3529162006,3529,352916,'BANUAJU BARAT',NULL,NULL),(3529162007,3529,352916,'BANUAJU TIMUR',NULL,NULL),(3529162008,3529,352916,'JENANGGER',NULL,NULL),(3529162009,3529,352916,'NYABAKAN TIMUR',NULL,NULL),(3529162010,3529,352916,'NYABAKAN BARAT',NULL,NULL),(3529162011,3529,352916,'JANGKONG',NULL,NULL),(3529162012,3529,352916,'LEGUNG BARAT',NULL,NULL),(3529162013,3529,352916,'LEGUNG TIMUR',NULL,NULL),(3529162014,3529,352916,'DAPENDA',NULL,NULL),(3529162015,3529,352916,'BILANGAN',NULL,NULL),(3529162016,3529,352916,'LOMBANG',NULL,NULL),(3529172001,3529,352917,'AENGMERAH',NULL,NULL),(3529172002,3529,352917,'TENGEDAN',NULL,NULL),(3529172003,3529,352917,'JURUAN LAOK',NULL,NULL),(3529172004,3529,352917,'JURUAN DAYA',NULL,NULL),(3529172005,3529,352917,'BADUR',NULL,NULL),(3529172006,3529,352917,'GEDANG-GEDANG',NULL,NULL),(3529172007,3529,352917,'BATUPUTIH KENEK',NULL,NULL),(3529172008,3529,352917,'BATUPUTIH LAOK',NULL,NULL),(3529172009,3529,352917,'BATUPUTIH DAYA',NULL,NULL),(3529172010,3529,352917,'BANTELAN',NULL,NULL),(3529172011,3529,352917,'LARANGAN BARMA',NULL,NULL),(3529172012,3529,352917,'LARANGAN KERTA',NULL,NULL),(3529172013,3529,352917,'BULLA\'AN',NULL,NULL),(3529172014,3529,352917,'SERGANG',NULL,NULL),(3529182001,3529,352918,'CANDI',NULL,NULL),(3529182002,3529,352918,'JADUNG',NULL,NULL),(3529182003,3529,352918,'ROMBEN BARAT',NULL,NULL),(3529182004,3529,352918,'ROMBEN RANA',NULL,NULL),(3529182005,3529,352918,'ROMBEN GUNA',NULL,NULL),(3529182006,3529,352918,'TAMAN SARE',NULL,NULL),(3529182007,3529,352918,'BICABBI',NULL,NULL),(3529182008,3529,352918,'DUNGKEK',NULL,NULL),(3529182009,3529,352918,'BUNPENANG',NULL,NULL),(3529182010,3529,352918,'BUNGIN-BUNGIN',NULL,NULL),(3529182011,3529,352918,'LAPA TAMAN',NULL,NULL),(3529182012,3529,352918,'LAPA LAOK',NULL,NULL),(3529182013,3529,352918,'LAPA DAYA',NULL,NULL),(3529182014,3529,352918,'BANCAMARA',NULL,NULL),(3529182015,3529,352918,'BANRAAS',NULL,NULL),(3529192001,3529,352919,'GRUJUGAN',NULL,NULL),(3529192002,3529,352919,'LONGOS',NULL,NULL),(3529192003,3529,352919,'ANDULANG',NULL,NULL),(3529192004,3529,352919,'GAPURA TIMUR',NULL,NULL),(3529192005,3529,352919,'MANDALA',NULL,NULL),(3529192006,3529,352919,'GERSIK PUTIH',NULL,NULL),(3529192007,3529,352919,'GAPURA TENGAH',NULL,NULL),(3529192008,3529,352919,'GAPURA BARAT',NULL,NULL),(3529192009,3529,352919,'PANAGAN',NULL,NULL),(3529192010,3529,352919,'PALO\'LO\'AN',NULL,NULL),(3529192011,3529,352919,'BANJAR TIMUR',NULL,NULL),(3529192012,3529,352919,'BANJAR BARAT',NULL,NULL),(3529192013,3529,352919,'BATUDINDING',NULL,NULL),(3529192014,3529,352919,'BABAN',NULL,NULL),(3529192015,3529,352919,'KARANGBUDI',NULL,NULL),(3529192016,3529,352919,'BRAJI',NULL,NULL),(3529192017,3529,352919,'POJA',NULL,NULL),(3529202001,3529,352920,'PANCOR',NULL,NULL),(3529202002,3529,352920,'PRAMBANAN',NULL,NULL),(3529202003,3529,352920,'GENDANG TIMUR',NULL,NULL),(3529202004,3529,352920,'KARANG TENGAH',NULL,NULL),(3529202005,3529,352920,'JAMBUIR',NULL,NULL),(3529202006,3529,352920,'GAYAM',NULL,NULL),(3529202007,3529,352920,'KALOWANG',NULL,NULL),(3529202008,3529,352920,'NYAMPLONG',NULL,NULL),(3529202009,3529,352920,'GENDANG BARAT',NULL,NULL),(3529202010,3529,352920,'TAREBUNG',NULL,NULL),(3529212001,3529,352921,'NONGGUNONG',NULL,NULL),(3529212002,3529,352921,'SOMBER',NULL,NULL),(3529212003,3529,352921,'TANAH MERAH',NULL,NULL),(3529212004,3529,352921,'SOKARAMME TIMUR',NULL,NULL),(3529212005,3529,352921,'SOKARAMI PASESER',NULL,NULL),(3529212006,3529,352921,'TALAGA',NULL,NULL),(3529212007,3529,352921,'ROSONG',NULL,NULL),(3529212008,3529,352921,'SONOK',NULL,NULL),(3529222001,3529,352922,'KETUPAT',NULL,NULL),(3529222002,3529,352922,'JUNGKAT',NULL,NULL),(3529222003,3529,352922,'KROPOH',NULL,NULL),(3529222004,3529,352922,'KARANGNANGKA',NULL,NULL),(3529222005,3529,352922,'ALAS MALANG',NULL,NULL),(3529222006,3529,352922,'POTERAN',NULL,NULL),(3529222007,3529,352922,'BRAKAS',NULL,NULL),(3529222008,3529,352922,'TONDUK',NULL,NULL),(3529222009,3529,352922,'GUWA-GUWA',NULL,NULL),(3529232001,3529,352923,'SUKAJERUK',NULL,NULL),(3529232002,3529,352923,'MASALIMA',NULL,NULL),(3529232003,3529,352923,'MASAKAMBING',NULL,NULL),(3529232004,3529,352923,'KRAMIAN',NULL,NULL),(3529242001,3529,352924,'PAJANANGGER',NULL,NULL),(3529242008,3529,352924,'SAWAH SUMUR',NULL,NULL),(3529242009,3529,352924,'PASERAMAN',NULL,NULL),(3529242010,3529,352924,'GELAMAN',NULL,NULL),(3529242011,3529,352924,'BUDDI',NULL,NULL),(3529242012,3529,352924,'KOLO-KOLO',NULL,NULL),(3529242013,3529,352924,'ANGKATAN',NULL,NULL),(3529242014,3529,352924,'KALISANGKA',NULL,NULL),(3529242015,3529,352924,'BILIS-BILIS',NULL,NULL),(3529242016,3529,352924,'LAOK JANG-JANG',NULL,NULL),(3529242017,3529,352924,'SUMBERNANGKA',NULL,NULL),(3529242018,3529,352924,'DUKO',NULL,NULL),(3529242019,3529,352924,'KALIKATAK',NULL,NULL),(3529242020,3529,352924,'ARJASA',NULL,NULL),(3529242021,3529,352924,'KALINGANYAR',NULL,NULL),(3529242022,3529,352924,'ANGON-ANGON',NULL,NULL),(3529242023,3529,352924,'SAMBAKATI',NULL,NULL),(3529242024,3529,352924,'PANDEMAN',NULL,NULL),(3529242025,3529,352924,'PABEAN',NULL,NULL),(3529252001,3529,352925,'SEPANJANG',NULL,NULL),(3529252002,3529,352925,'TANJUNG KIAOK',NULL,NULL),(3529252003,3529,352925,'SAKALA',NULL,NULL),(3529252004,3529,352925,'PAGERUNGAN BESAR',NULL,NULL),(3529252005,3529,352925,'PAGERUNGAN KECIL',NULL,NULL),(3529252006,3529,352925,'SASEEL',NULL,NULL),(3529252007,3529,352925,'SAPEKEN',NULL,NULL),(3529252008,3529,352925,'SABUNTEN',NULL,NULL),(3529252009,3529,352925,'PALIAT',NULL,NULL),(3529252010,3529,352925,'SADULANG',NULL,NULL),(3529252011,3529,352925,'SAUR SAEBUS',NULL,NULL),(3529262001,3529,352926,'PATEAN',NULL,NULL),(3529262002,3529,352926,'BABBALAN',NULL,NULL),(3529262003,3529,352926,'GEDUNGAN',NULL,NULL),(3529262004,3529,352926,'GUNGGUNG',NULL,NULL),(3529262005,3529,352926,'BATUAN',NULL,NULL),(3529262006,3529,352926,'TORBANG',NULL,NULL),(3529262007,3529,352926,'GELUGUR',NULL,NULL),(3529272001,3529,352927,'SAOBI',NULL,NULL),(3529272002,3529,352927,'KANGAYAN',NULL,NULL),(3529272003,3529,352927,'TORJEK',NULL,NULL),(3529272004,3529,352927,'CANGKRAMAAN',NULL,NULL),(3529272005,3529,352927,'TEMBAYANGAN',NULL,NULL),(3529272006,3529,352927,'BATUPUTIH',NULL,NULL),(3529272007,3529,352927,'DAANDUNG',NULL,NULL),(3529272008,3529,352927,'TIMUR JANG-JANG',NULL,NULL),(3529272009,3529,352927,'JUKONG-JUKONG',NULL,NULL),(3571011001,3571,357101,'BANDAR LOR',NULL,NULL),(3571011002,3571,357101,'BANDAR KIDUL',NULL,NULL),(3571011003,3571,357101,'BANJAR MLATI',NULL,NULL),(3571011004,3571,357101,'POJOK',NULL,NULL),(3571011005,3571,357101,'SUKORAME',NULL,NULL),(3571011006,3571,357101,'BUJEL',NULL,NULL),(3571011007,3571,357101,'GAYAM',NULL,NULL),(3571011008,3571,357101,'MRICAN',NULL,NULL),(3571011009,3571,357101,'DERMO',NULL,NULL),(3571011010,3571,357101,'NGAMPEL',NULL,NULL),(3571011011,3571,357101,'MOJOROTO',NULL,NULL),(3571011012,3571,357101,'CAMPUREJO',NULL,NULL),(3571011013,3571,357101,'LIRBOYO',NULL,NULL),(3571011014,3571,357101,'TAMANAN',NULL,NULL),(3571021001,3571,357102,'SEMAMPIR',NULL,NULL),(3571021002,3571,357102,'BALOWERTI',NULL,NULL),(3571021003,3571,357102,'DANDANGAN',NULL,NULL),(3571021004,3571,357102,'NGADIREJO',NULL,NULL),(3571021005,3571,357102,'KAMPUNG DALEM',NULL,NULL),(3571021006,3571,357102,'SETONOPANDE',NULL,NULL),(3571021007,3571,357102,'RINGINANOM',NULL,NULL),(3571021008,3571,357102,'PAKELAN',NULL,NULL),(3571021009,3571,357102,'SETONOGEDONG',NULL,NULL),(3571021010,3571,357102,'KEMASAN',NULL,NULL),(3571021011,3571,357102,'JAGALAN',NULL,NULL),(3571021012,3571,357102,'BANJARAN',NULL,NULL),(3571021013,3571,357102,'KALIOMBO',NULL,NULL),(3571021014,3571,357102,'NGRONGGO',NULL,NULL),(3571021015,3571,357102,'MANISRENGGO',NULL,NULL),(3571021016,3571,357102,'POCANAN',NULL,NULL),(3571021017,3571,357102,'REJOMULYO',NULL,NULL),(3571031001,3571,357103,'BANGSAL',NULL,NULL),(3571031002,3571,357103,'PAKUNDEN',NULL,NULL),(3571031003,3571,357103,'TOSAREN',NULL,NULL),(3571031004,3571,357103,'JAMSAREN',NULL,NULL),(3571031005,3571,357103,'SINGONEGARAN',NULL,NULL),(3571031006,3571,357103,'BLABAK',NULL,NULL),(3571031007,3571,357103,'BETET',NULL,NULL),(3571031008,3571,357103,'TINALAN',NULL,NULL),(3571031009,3571,357103,'BAWANG',NULL,NULL),(3571031010,3571,357103,'NGLETIH',NULL,NULL),(3571031011,3571,357103,'TAMPUREJO',NULL,NULL),(3571031012,3571,357103,'KETAMI',NULL,NULL),(3571031013,3571,357103,'PESANTREN',NULL,NULL),(3571031014,3571,357103,'BANARAN',NULL,NULL),(3571031015,3571,357103,'BURENGAN',NULL,NULL),(3572011001,3572,357201,'KEPANJENKIDUL',NULL,NULL),(3572011002,3572,357201,'NGADIREJO',NULL,NULL),(3572011003,3572,357201,'SENTUL',NULL,NULL),(3572011004,3572,357201,'KAUMAN',NULL,NULL),(3572011005,3572,357201,'TANGGUNG',NULL,NULL),(3572011006,3572,357201,'BENDO',NULL,NULL),(3572011007,3572,357201,'KEPANJENLOR',NULL,NULL),(3572021001,3572,357202,'PAKUNDEN',NULL,NULL),(3572021002,3572,357202,'BLITAR',NULL,NULL),(3572021003,3572,357202,'TLUMPU',NULL,NULL),(3572021004,3572,357202,'TURI',NULL,NULL),(3572021005,3572,357202,'KARANGSARI',NULL,NULL),(3572021006,3572,357202,'SUKOREJO',NULL,NULL),(3572021007,3572,357202,'TANJUNGSARI',NULL,NULL),(3572031001,3572,357203,'GEDOG',NULL,NULL),(3572031002,3572,357203,'PLOSOKEREP',NULL,NULL),(3572031003,3572,357203,'KLAMPOK',NULL,NULL),(3572031004,3572,357203,'SANANWETAN',NULL,NULL),(3572031005,3572,357203,'REMBANG',NULL,NULL),(3572031006,3572,357203,'KARANG TENGAH',NULL,NULL),(3572031007,3572,357203,'BENDOGERIT',NULL,NULL),(3573011001,3573,357301,'BALEARJOSARI',NULL,NULL),(3573011002,3573,357301,'ARJOSARI',NULL,NULL),(3573011003,3573,357301,'POLOWIJEN',NULL,NULL),(3573011004,3573,357301,'PURWODADI',NULL,NULL),(3573011005,3573,357301,'BLIMBING',NULL,NULL),(3573011006,3573,357301,'PANDANWANGI',NULL,NULL),(3573011007,3573,357301,'PURWANTORO',NULL,NULL),(3573011008,3573,357301,'BUNULREJO',NULL,NULL),(3573011009,3573,357301,'KESATRIAN',NULL,NULL),(3573011010,3573,357301,'POLEHAN',NULL,NULL),(3573011011,3573,357301,'JODIPAN',NULL,NULL),(3573021001,3573,357302,'KLOJEN',NULL,NULL),(3573021002,3573,357302,'RAMPALCELAKET',NULL,NULL),(3573021003,3573,357302,'SAMAAN',NULL,NULL),(3573021004,3573,357302,'KIDULDALEM',NULL,NULL),(3573021005,3573,357302,'SUKOHARJO',NULL,NULL),(3573021006,3573,357302,'KASIN',NULL,NULL),(3573021007,3573,357302,'KAUMAN',NULL,NULL),(3573021008,3573,357302,'ORO-ORO DOWO',NULL,NULL),(3573021009,3573,357302,'BARENG',NULL,NULL),(3573021010,3573,357302,'GADING KASRI',NULL,NULL),(3573021011,3573,357302,'PENANGGUNGAN',NULL,NULL),(3573031001,3573,357303,'KOTALAMA',NULL,NULL),(3573031002,3573,357303,'MERGOSONO',NULL,NULL),(3573031003,3573,357303,'BUMIAYU',NULL,NULL),(3573031004,3573,357303,'WONOKOYO',NULL,NULL),(3573031005,3573,357303,'BURING',NULL,NULL),(3573031006,3573,357303,'KEDUNGKANDANG',NULL,NULL),(3573031007,3573,357303,'LESANPURO',NULL,NULL),(3573031008,3573,357303,'SAWOJAJAR',NULL,NULL),(3573031009,3573,357303,'MADYOPURO',NULL,NULL),(3573031010,3573,357303,'CEMOROKANDANG',NULL,NULL),(3573031011,3573,357303,'ARJOWINANGUN',NULL,NULL),(3573031012,3573,357303,'TLOGOWARU',NULL,NULL),(3573041001,3573,357304,'CIPTOMULYO',NULL,NULL),(3573041002,3573,357304,'GADANG',NULL,NULL),(3573041003,3573,357304,'KEBONSARI',NULL,NULL),(3573041004,3573,357304,'BANDUNGREJOSARI',NULL,NULL),(3573041005,3573,357304,'SUKUN',NULL,NULL),(3573041006,3573,357304,'TANJUNGREJO',NULL,NULL),(3573041007,3573,357304,'PISANGCANDI',NULL,NULL),(3573041008,3573,357304,'BANDULAN',NULL,NULL),(3573041009,3573,357304,'KARANGBESUKI',NULL,NULL),(3573041010,3573,357304,'MULYOREJO',NULL,NULL),(3573041011,3573,357304,'BAKALANKRAJAN',NULL,NULL),(3573051001,3573,357305,'TUNGGULWULUNG',NULL,NULL),(3573051002,3573,357305,'MERJOSARI',NULL,NULL),(3573051003,3573,357305,'TLOGOMAS',NULL,NULL),(3573051004,3573,357305,'DINOYO',NULL,NULL),(3573051005,3573,357305,'SUMBERSARI',NULL,NULL),(3573051006,3573,357305,'KETAWANGGEDE',NULL,NULL),(3573051007,3573,357305,'JATIMULYO',NULL,NULL),(3573051008,3573,357305,'TUNJUNGSEKAR',NULL,NULL),(3573051009,3573,357305,'MOJOLANGU',NULL,NULL),(3573051010,3573,357305,'TULUSREJO',NULL,NULL),(3573051011,3573,357305,'LOWOKWARU',NULL,NULL),(3573051012,3573,357305,'TASIK MADU',NULL,NULL),(3574011001,3574,357401,'KETAPANG',NULL,NULL),(3574011002,3574,357401,'TRIWUNG LOR',NULL,NULL),(3574011003,3574,357401,'TRIWUNG KIDUL',NULL,NULL),(3574011007,3574,357401,'POHSANGIT KIDUL',NULL,NULL),(3574011008,3574,357401,'KADEMANGAN',NULL,NULL),(3574011009,3574,357401,'PILANG',NULL,NULL),(3574021001,3574,357402,'JREBENG KIDUL',NULL,NULL),(3574021002,3574,357402,'PAKISTAJI',NULL,NULL),(3574021003,3574,357402,'KEDUNGGALENG',NULL,NULL),(3574021005,3574,357402,'KEDUNG ASEM',NULL,NULL),(3574021006,3574,357402,'SUMBER TAMAN',NULL,NULL),(3574021007,3574,357402,'WONOASIH',NULL,NULL),(3574031001,3574,357403,'MAYANGAN',NULL,NULL),(3574031002,3574,357403,'MANGUNHARJO',NULL,NULL),(3574031004,3574,357403,'JATI',NULL,NULL),(3574031007,3574,357403,'SUKABUMI',NULL,NULL),(3574031010,3574,357403,'WIROBORANG',NULL,NULL),(3574041001,3574,357404,'TISNONEGARAN',NULL,NULL),(3574041002,3574,357404,'SUKOHARJO',NULL,NULL),(3574041003,3574,357404,'KANIGARAN',NULL,NULL),(3574041004,3574,357404,'KEBONSARI WETAN',NULL,NULL),(3574041005,3574,357404,'CURAHGRINTING',NULL,NULL),(3574041006,3574,357404,'KEBONSARI KULON',NULL,NULL),(3574051001,3574,357405,'JREBENG KULON',NULL,NULL),(3574051002,3574,357405,'KARENG LOR',NULL,NULL),(3574051003,3574,357405,'SUMBER WETAN',NULL,NULL),(3574051004,3574,357405,'JREBENG LOR',NULL,NULL),(3574051005,3574,357405,'KEDOPOK',NULL,NULL),(3574051006,3574,357405,'JREBENG WETAN',NULL,NULL),(3575011001,3575,357501,'KARANGKETUG',NULL,NULL),(3575011002,3575,357501,'GENTONG',NULL,NULL),(3575011003,3575,357501,'SEBANI',NULL,NULL),(3575011004,3575,357501,'PETAHUNAN',NULL,NULL),(3575011005,3575,357501,'BUKIR',NULL,NULL),(3575011006,3575,357501,'RANDUSARI',NULL,NULL),(3575011007,3575,357501,'KRAPYAKREJO',NULL,NULL),(3575011009,3575,357501,'GADINGREJO\'AN',NULL,NULL),(3575021001,3575,357502,'POHJENTREK',NULL,NULL),(3575021002,3575,357502,'WIROGUNAN',NULL,NULL),(3575021003,3575,357502,'TEMBOKREJO',NULL,NULL),(3575021004,3575,357502,'PURUTREJO',NULL,NULL),(3575021005,3575,357502,'KEBONAGUNG',NULL,NULL),(3575021006,3575,357502,'PURWOREJO',NULL,NULL),(3575021011,3575,357502,'SEKARGADUNG',NULL,NULL),(3575031001,3575,357503,'BLANDONGAN',NULL,NULL),(3575031002,3575,357503,'KEPEL',NULL,NULL),(3575031003,3575,357503,'TAPA\'AN',NULL,NULL),(3575031005,3575,357503,'BAKALAN',NULL,NULL),(3575031006,3575,357503,'KRAMPYANGAN',NULL,NULL),(3575031009,3575,357503,'BUGUL KIDUL',NULL,NULL),(3575041001,3575,357504,'KARANGANYAR',NULL,NULL),(3575041002,3575,357504,'TAMBA\'AN',NULL,NULL),(3575041003,3575,357504,'TRAJENG',NULL,NULL),(3575041004,3575,357504,'BANGILAN',NULL,NULL),(3575041005,3575,357504,'KEBONSARI',NULL,NULL),(3575041006,3575,357504,'MAYANGAN',NULL,NULL),(3575041007,3575,357504,'NGEMPLAKREJO',NULL,NULL),(3575041008,3575,357504,'PETAMANAN',NULL,NULL),(3575041009,3575,357504,'PEKUNCEN',NULL,NULL),(3575041010,3575,357504,'BUGUL LOR',NULL,NULL),(3575041011,3575,357504,'KANDANGSAPI',NULL,NULL),(3575041012,3575,357504,'PANGGUNGREJO',NULL,NULL),(3575041013,3575,357504,'MANDARANREJO',NULL,NULL),(3576011003,3576,357601,'MENTIKAN',NULL,NULL),(3576011004,3576,357601,'KAUMAN',NULL,NULL),(3576011005,3576,357601,'PULOREJO',NULL,NULL),(3576011006,3576,357601,'PRAJURITKULON',NULL,NULL),(3576011007,3576,357601,'SURODINAWAN',NULL,NULL),(3576011008,3576,357601,'BLOOTO',NULL,NULL),(3576021001,3576,357602,'GUNUNGGEDANGAN',NULL,NULL),(3576021003,3576,357602,'MAGERSARI',NULL,NULL),(3576021004,3576,357602,'GEDONGAN',NULL,NULL),(3576021008,3576,357602,'BALONGSARI',NULL,NULL),(3576021009,3576,357602,'KEDUNDUNG',NULL,NULL),(3576021010,3576,357602,'WATES',NULL,NULL),(3576031001,3576,357603,'KRANGGAN',NULL,NULL),(3576031002,3576,357603,'MIJI',NULL,NULL),(3576031003,3576,357603,'MERI',NULL,NULL),(3576031004,3576,357603,'JAGALAN',NULL,NULL),(3576031005,3576,357603,'SENTANAN',NULL,NULL),(3576031006,3576,357603,'PURWOTENGAH',NULL,NULL),(3577011001,3577,357701,'ORO-ORO OMBO',NULL,NULL),(3577011002,3577,357701,'SUKOSARI',NULL,NULL),(3577011003,3577,357701,'KLEGEN',NULL,NULL),(3577011004,3577,357701,'REJOMULYO',NULL,NULL),(3577011005,3577,357701,'PILANGBANGO',NULL,NULL),(3577011006,3577,357701,'TAWANGREJO',NULL,NULL),(3577011007,3577,357701,'KANIGORO',NULL,NULL),(3577011008,3577,357701,'KARTOHARJO',NULL,NULL),(3577011009,3577,357701,'KELUN',NULL,NULL),(3577021001,3577,357702,'MANGUHARJO',NULL,NULL),(3577021002,3577,357702,'SOGATEN',NULL,NULL),(3577021003,3577,357702,'PATIHAN',NULL,NULL),(3577021004,3577,357702,'NGEGONG',NULL,NULL),(3577021005,3577,357702,'WINONGO',NULL,NULL),(3577021006,3577,357702,'MADIUN LOR',NULL,NULL),(3577021007,3577,357702,'PANGONGANGAN',NULL,NULL),(3577021008,3577,357702,'NAMBANGAN LOR',NULL,NULL),(3577021009,3577,357702,'NAMBANGAN KIDUL',NULL,NULL),(3577031001,3577,357703,'MOJOREJO',NULL,NULL),(3577031002,3577,357703,'PANDEAN',NULL,NULL),(3577031003,3577,357703,'BANJAREJO',NULL,NULL),(3577031004,3577,357703,'KUNCEN',NULL,NULL),(3577031005,3577,357703,'MANISREJO',NULL,NULL),(3577031006,3577,357703,'KEJURON',NULL,NULL),(3577031007,3577,357703,'JOSENAN',NULL,NULL),(3577031008,3577,357703,'DEMANGAN',NULL,NULL),(3577031009,3577,357703,'TAMAN',NULL,NULL),(3578011001,3578,357801,'KARANG PILANG',NULL,NULL),(3578011002,3578,357801,'KEBRAON',NULL,NULL),(3578011003,3578,357801,'KEDURUS',NULL,NULL),(3578011004,3578,357801,'WARU GUNUNG',NULL,NULL),(3578021001,3578,357802,'SIDOSERMO',NULL,NULL),(3578021002,3578,357802,'BENDUL MERISI',NULL,NULL),(3578021003,3578,357802,'MARGOREJO',NULL,NULL),(3578021004,3578,357802,'JEMUR WONOSARI',NULL,NULL),(3578021005,3578,357802,'SIWALANKERTO',NULL,NULL),(3578031001,3578,357803,'KALIRUNGKUT',NULL,NULL),(3578031002,3578,357803,'RUNGKUT KIDUL',NULL,NULL),(3578031003,3578,357803,'KEDUNG BARUK',NULL,NULL),(3578031004,3578,357803,'PENJARINGANSARI',NULL,NULL),(3578031005,3578,357803,'WONOREJO',NULL,NULL),(3578031006,3578,357803,'MEDOKAN AYU',NULL,NULL),(3578041001,3578,357804,'WONOKROMO',NULL,NULL),(3578041002,3578,357804,'JAGIR',NULL,NULL),(3578041003,3578,357804,'NGAGEL',NULL,NULL),(3578041004,3578,357804,'NGAGEL REJO',NULL,NULL),(3578041005,3578,357804,'DARMO',NULL,NULL),(3578041006,3578,357804,'SAWUNGGALING',NULL,NULL),(3578051001,3578,357805,'TEGALSARI',NULL,NULL),(3578051002,3578,357805,'DR. SOETOMO',NULL,NULL),(3578051003,3578,357805,'KEDUNGDORO',NULL,NULL),(3578051004,3578,357805,'KEPUTRAN',NULL,NULL),(3578051005,3578,357805,'WONOREJO',NULL,NULL),(3578061001,3578,357806,'PETEMON',NULL,NULL),(3578061002,3578,357806,'SAWAHAN',NULL,NULL),(3578061003,3578,357806,'BANYU URIP',NULL,NULL),(3578061004,3578,357806,'PUTAT JAYA',NULL,NULL),(3578061005,3578,357806,'KUPANG KRAJAN',NULL,NULL),(3578061006,3578,357806,'PAKIS',NULL,NULL),(3578071001,3578,357807,'EMBONG KALIASIN',NULL,NULL),(3578071002,3578,357807,'GENTENG',NULL,NULL),(3578071003,3578,357807,'KAPASARI',NULL,NULL),(3578071004,3578,357807,'KETABANG',NULL,NULL),(3578071005,3578,357807,'PENELEH',NULL,NULL),(3578081001,3578,357808,'GUBENG',NULL,NULL),(3578081002,3578,357808,'MOJO',NULL,NULL),(3578081003,3578,357808,'AIRLANGGA',NULL,NULL),(3578081004,3578,357808,'KERTAJAYA',NULL,NULL),(3578081005,3578,357808,'BARATAJAYA',NULL,NULL),(3578081006,3578,357808,'PUCANG SEWU',NULL,NULL),(3578091001,3578,357809,'KEPUTIH',NULL,NULL),(3578091002,3578,357809,'GEBANG PUTIH',NULL,NULL),(3578091003,3578,357809,'KLAMPIS NGASEM',NULL,NULL),(3578091004,3578,357809,'MENUR PUMPUNGAN',NULL,NULL),(3578091005,3578,357809,'NGINDEN JANGKUNGAN',NULL,NULL),(3578091006,3578,357809,'SEMOLOWARU',NULL,NULL),(3578091007,3578,357809,'MEDOKAN SEMAMPIR',NULL,NULL),(3578101001,3578,357810,'TAMBAKSARI',NULL,NULL),(3578101002,3578,357810,'PLOSO',NULL,NULL),(3578101003,3578,357810,'GADING',NULL,NULL),(3578101004,3578,357810,'PACARKEMBANG',NULL,NULL),(3578101005,3578,357810,'RANGKAH',NULL,NULL),(3578101006,3578,357810,'PACARKELING',NULL,NULL),(3578101007,3578,357810,'KAPAS MADYA BARU',NULL,NULL),(3578101008,3578,357810,'DUKUH SETRO',NULL,NULL),(3578111001,3578,357811,'SIMOKERTO',NULL,NULL),(3578111002,3578,357811,'KAPASAN',NULL,NULL),(3578111003,3578,357811,'SIDODADI',NULL,NULL),(3578111004,3578,357811,'SIMOLAWANG',NULL,NULL),(3578111005,3578,357811,'TAMBAKREJO',NULL,NULL),(3578121001,3578,357812,'BONGKARAN',NULL,NULL),(3578121002,3578,357812,'NYAMPLUNGAN',NULL,NULL),(3578121003,3578,357812,'KREMBANGAN UTARA',NULL,NULL),(3578121004,3578,357812,'PERAK TIMUR',NULL,NULL),(3578121005,3578,357812,'PERAK UTARA',NULL,NULL),(3578131001,3578,357813,'ALUN-ALUN CONTONG',NULL,NULL),(3578131002,3578,357813,'BUBUTAN',NULL,NULL),(3578131003,3578,357813,'GUNDIH',NULL,NULL),(3578131004,3578,357813,'JEPARA',NULL,NULL),(3578131005,3578,357813,'TEMBOK DUKUH',NULL,NULL),(3578141002,3578,357814,'TANDES',NULL,NULL),(3578141006,3578,357814,'KARANG POH',NULL,NULL),(3578141007,3578,357814,'BALONGSARI',NULL,NULL),(3578141009,3578,357814,'MANUKAN KULON',NULL,NULL),(3578141011,3578,357814,'MANUKAN WETAN',NULL,NULL),(3578141012,3578,357814,'BANJAR SUGIHAN',NULL,NULL),(3578151001,3578,357815,'KREMBANGAN SELATAN',NULL,NULL),(3578151002,3578,357815,'KEMAYORAN',NULL,NULL),(3578151003,3578,357815,'PERAK BARAT',NULL,NULL),(3578151004,3578,357815,'DUPAK',NULL,NULL),(3578151005,3578,357815,'MOROKREMBANGAN',NULL,NULL),(3578161001,3578,357816,'AMPEL',NULL,NULL),(3578161002,3578,357816,'PEGIRIAN',NULL,NULL),(3578161003,3578,357816,'WONOKUSUMO',NULL,NULL),(3578161004,3578,357816,'UJUNG',NULL,NULL),(3578161005,3578,357816,'SIDOTOPO',NULL,NULL),(3578171001,3578,357817,'TANAH KALI KEDINDING',NULL,NULL),(3578171002,3578,357817,'SIDOTOPO WETAN',NULL,NULL),(3578171003,3578,357817,'BULAK BANTENG',NULL,NULL),(3578171004,3578,357817,'TAMBAK WEDI',NULL,NULL),(3578181001,3578,357818,'BANGKINGAN',NULL,NULL),(3578181002,3578,357818,'JERUK',NULL,NULL),(3578181003,3578,357818,'LAKARSANTRI',NULL,NULL),(3578181004,3578,357818,'LIDAH KULON',NULL,NULL),(3578181005,3578,357818,'LIDAH WETAN',NULL,NULL),(3578181006,3578,357818,'SUMURWELUT',NULL,NULL),(3578191001,3578,357819,'KANDANGAN',NULL,NULL),(3578191003,3578,357819,'SEMEMI',NULL,NULL),(3578191004,3578,357819,'TAMBAK OSO WILANGUN',NULL,NULL),(3578191005,3578,357819,'ROMOKALISARI',NULL,NULL),(3578201001,3578,357820,'WIYUNG',NULL,NULL),(3578201002,3578,357820,'JAJAR TUNGGAL',NULL,NULL),(3578201003,3578,357820,'BABATAN',NULL,NULL),(3578201004,3578,357820,'BALAS KLUMPRIK',NULL,NULL),(3578211001,3578,357821,'DUKUH PAKIS',NULL,NULL),(3578211002,3578,357821,'DUKUH KUPANG',NULL,NULL),(3578211003,3578,357821,'GUNUNG SARI',NULL,NULL),(3578211004,3578,357821,'PRADAH KALIKENDAL',NULL,NULL),(3578221001,3578,357822,'GAYUNGAN',NULL,NULL),(3578221002,3578,357822,'MENANGGAL',NULL,NULL),(3578221003,3578,357822,'DUKUH MENANGGAL',NULL,NULL),(3578221004,3578,357822,'KETINTANG',NULL,NULL),(3578231001,3578,357823,'JAMBANGAN',NULL,NULL),(3578231002,3578,357823,'KARAH',NULL,NULL),(3578231003,3578,357823,'KEBONSARI',NULL,NULL),(3578231004,3578,357823,'PAGESANGAN',NULL,NULL),(3578241001,3578,357824,'KUTISARI',NULL,NULL),(3578241002,3578,357824,'KENDANGSARI',NULL,NULL),(3578241003,3578,357824,'TENGILIS MEJOYO',NULL,NULL),(3578241004,3578,357824,'PANJANG JIWO',NULL,NULL),(3578251001,3578,357825,'GUNUNG ANYAR',NULL,NULL),(3578251002,3578,357825,'RUNGKUT TENGAH',NULL,NULL),(3578251003,3578,357825,'RUNGKUT MENANGGAL',NULL,NULL),(3578251004,3578,357825,'GUNUNG ANYAR TAMBAK',NULL,NULL),(3578261001,3578,357826,'MULYOREJO',NULL,NULL),(3578261002,3578,357826,'MANYAR SABRANGAN',NULL,NULL),(3578261003,3578,357826,'KEJAWAAN PUTIH TAMBAK',NULL,NULL),(3578261004,3578,357826,'KALISARI',NULL,NULL),(3578261005,3578,357826,'DUKUH SUTOREJO',NULL,NULL),(3578261006,3578,357826,'KALIJUDAN',NULL,NULL),(3578271001,3578,357827,'SUKOMANUNGGAL',NULL,NULL),(3578271002,3578,357827,'TANJUNGSARI',NULL,NULL),(3578271003,3578,357827,'SONOKWIJENAN',NULL,NULL),(3578271004,3578,357827,'PUTAT GEDE',NULL,NULL),(3578271005,3578,357827,'SIMOMULYO',NULL,NULL),(3578271006,3578,357827,'SIMOMULYO BARU',NULL,NULL),(3578281001,3578,357828,'ASEM ROWO',NULL,NULL),(3578281002,3578,357828,'GENTING KALIANAK',NULL,NULL),(3578281005,3578,357828,'TAMBAK SARIOSO',NULL,NULL),(3578291001,3578,357829,'KEDUNG COWEK',NULL,NULL),(3578291003,3578,357829,'KENJERAN',NULL,NULL),(3578291004,3578,357829,'BULAK',NULL,NULL),(3578291005,3578,357829,'SUKOLILO BARU',NULL,NULL),(3578301001,3578,357830,'PAKAL',NULL,NULL),(3578301002,3578,357830,'BABAT JERAWAT',NULL,NULL),(3578301004,3578,357830,'SUMBER REJO',NULL,NULL),(3578301005,3578,357830,'BENOWO',NULL,NULL),(3578311001,3578,357831,'SAMBIKEREP',NULL,NULL),(3578311002,3578,357831,'MADE',NULL,NULL),(3578311003,3578,357831,'BERINGIN',NULL,NULL),(3578311004,3578,357831,'LONTAR',NULL,NULL),(3579011001,3579,357901,'TEMAS',NULL,NULL),(3579011002,3579,357901,'NGAGLIK',NULL,NULL),(3579011003,3579,357901,'SONGGOKERTO',NULL,NULL),(3579011004,3579,357901,'SISIR',NULL,NULL),(3579012005,3579,357901,'SUMBEREJO',NULL,NULL),(3579012006,3579,357901,'ORO-ORO OMBO',NULL,NULL),(3579012007,3579,357901,'SIDOMULYO',NULL,NULL),(3579012008,3579,357901,'PESANGGRAHAN',NULL,NULL),(3579022001,3579,357902,'PUNTEN',NULL,NULL),(3579022002,3579,357902,'GUNUNGSARI',NULL,NULL),(3579022003,3579,357902,'TULUNGREJO',NULL,NULL),(3579022004,3579,357902,'SUMBERGONDO',NULL,NULL),(3579022005,3579,357902,'PANDANREJO',NULL,NULL),(3579022006,3579,357902,'BUMIAJI',NULL,NULL),(3579022007,3579,357902,'GIRIPURNO',NULL,NULL),(3579022008,3579,357902,'BULUKERTO',NULL,NULL),(3579022009,3579,357902,'SUMBERBRANTAS',NULL,NULL),(3579031001,3579,357903,'DADAPREJO',NULL,NULL),(3579032002,3579,357903,'BEJI',NULL,NULL),(3579032003,3579,357903,'JUNREJO',NULL,NULL),(3579032004,3579,357903,'TLEKUNG',NULL,NULL),(3579032005,3579,357903,'MOJOREJO',NULL,NULL),(3579032006,3579,357903,'PENDEM',NULL,NULL),(3579032007,3579,357903,'TORONGREJO',NULL,NULL);
/*!40000 ALTER TABLE `desa` ENABLE KEYS */;
UNLOCK TABLES;
DROP TABLE IF EXISTS `detail_komentar`;
/*!40101 SET @saved_cs_client     = @@character_set_client */;
/*!40101 SET character_set_client = utf8 */;
CREATE TABLE `detail_komentar` (
  `id` bigint(20) unsigned NOT NULL AUTO_INCREMENT,
  `id_komentar` bigint(20) unsigned NOT NULL,
  `id_user` bigint(20) unsigned NOT NULL,
  `id_item` bigint(20) unsigned NOT NULL,
  `komentar` text COLLATE utf8mb4_unicode_ci NOT NULL,
  `created_at` timestamp NULL DEFAULT NULL,
  `updated_at` timestamp NULL DEFAULT NULL,
  PRIMARY KEY (`id`),
  KEY `detail_komentar_id_komentar_foreign` (`id_komentar`),
  KEY `detail_komentar_id_user_foreign` (`id_user`),
  KEY `detail_komentar_id_item_foreign` (`id_item`)
) ENGINE=InnoDB AUTO_INCREMENT=48 DEFAULT CHARSET=utf8mb4 COLLATE=utf8mb4_unicode_ci;
/*!40101 SET character_set_client = @saved_cs_client */;

LOCK TABLES `detail_komentar` WRITE;
/*!40000 ALTER TABLE `detail_komentar` DISABLE KEYS */;
INSERT INTO `detail_komentar` VALUES (1,2,4,60,'','2022-09-21 14:00:28','2022-09-21 14:00:28'),(2,2,4,14,'','2022-09-21 14:00:28','2022-09-21 14:00:28'),(3,2,4,99,'','2022-09-21 14:00:28','2022-09-21 14:00:28'),(4,2,4,112,'','2022-09-21 14:00:28','2022-09-21 14:00:28'),(5,2,4,132,'','2022-09-21 14:00:28','2022-09-21 14:00:28'),(6,2,4,134,'','2022-09-21 14:00:28','2022-09-21 14:00:28'),(7,2,4,29,'','2022-09-21 14:00:28','2022-09-21 14:00:28'),(8,2,4,34,'','2022-09-21 14:00:28','2022-09-21 14:00:28'),(9,2,4,52,'','2022-09-21 14:00:28','2022-09-21 14:00:28'),(10,2,4,56,'','2022-09-21 14:00:28','2022-09-21 14:00:28'),(11,2,4,87,'','2022-09-21 14:00:28','2022-09-21 14:00:28'),(12,2,4,88,'','2022-09-21 14:00:28','2022-09-21 14:00:28'),(13,2,4,144,'','2022-09-21 14:00:28','2022-09-21 14:00:28'),(14,3,4,60,'oke','2022-10-02 07:09:40','2022-10-10 10:33:59'),(15,3,4,14,'oke','2022-10-02 07:09:40','2022-10-10 10:33:03'),(16,3,4,112,'sip','2022-10-02 07:09:40','2022-10-10 10:36:46'),(17,3,4,132,'okdwdw','2022-10-02 07:09:40','2022-10-10 10:36:46'),(18,3,4,29,'dwda','2022-10-02 07:09:40','2022-10-10 10:36:46'),(19,3,4,34,'dwad','2022-10-02 07:09:40','2022-10-10 10:36:46'),(20,3,4,52,'dwadwa','2022-10-02 07:09:40','2022-10-10 10:36:46'),(21,3,4,56,'dwdaw','2022-10-02 07:09:40','2022-10-10 10:36:46'),(22,3,4,87,'dwadw','2022-10-02 07:09:40','2022-10-10 10:36:46'),(23,3,4,88,'dwad','2022-10-02 07:09:40','2022-10-10 10:36:46'),(24,3,4,144,'dwdaw','2022-10-02 07:09:40','2022-10-10 10:36:46'),(25,4,4,60,'oke mantap','2022-10-05 06:31:14','2022-10-11 04:03:55'),(26,4,4,14,'','2022-10-05 06:31:14','2022-10-05 06:31:14'),(27,4,4,111,'','2022-10-05 06:31:14','2022-10-05 06:31:14'),(28,4,4,132,'','2022-10-05 06:31:15','2022-10-05 06:31:15'),(29,4,4,29,'','2022-10-05 06:31:15','2022-10-05 06:31:15'),(30,4,4,34,'','2022-10-05 06:31:15','2022-10-05 06:31:15'),(31,4,4,52,'','2022-10-05 06:31:15','2022-10-05 06:31:15'),(32,4,4,56,'','2022-10-05 06:31:15','2022-10-05 06:31:15'),(33,4,4,87,'','2022-10-05 06:31:15','2022-10-05 06:31:15'),(34,4,4,88,'','2022-10-05 06:31:15','2022-10-05 06:31:15'),(35,4,4,144,'','2022-10-05 06:31:15','2022-10-05 06:31:15'),(37,3,3,60,'oke','2022-10-11 04:06:09','2022-10-11 04:06:09'),(38,3,3,14,'mantap','2022-10-11 04:06:09','2022-10-11 04:06:09'),(39,3,3,112,'sip','2022-10-11 04:06:09','2022-10-11 04:06:09'),(40,3,3,132,'okdwdw','2022-10-11 04:06:09','2022-10-11 04:06:09'),(41,3,3,29,'dwda','2022-10-11 04:06:09','2022-10-11 04:06:09'),(42,3,3,34,'dwad','2022-10-11 04:06:09','2022-10-11 04:06:09'),(43,3,3,52,'dwadwa','2022-10-11 04:06:09','2022-10-11 04:06:09'),(44,3,3,56,'','2022-10-11 04:06:09','2022-10-11 04:06:09'),(45,3,3,87,'','2022-10-11 04:06:09','2022-10-11 04:06:09'),(46,3,3,88,'','2022-10-11 04:06:09','2022-10-11 04:06:09'),(47,3,3,144,'','2022-10-11 04:06:09','2022-10-11 04:06:09');
/*!40000 ALTER TABLE `detail_komentar` ENABLE KEYS */;
UNLOCK TABLES;
DROP TABLE IF EXISTS `failed_jobs`;
/*!40101 SET @saved_cs_client     = @@character_set_client */;
/*!40101 SET character_set_client = utf8 */;
CREATE TABLE `failed_jobs` (
  `id` bigint(20) unsigned NOT NULL AUTO_INCREMENT,
  `uuid` varchar(255) COLLATE utf8mb4_unicode_ci NOT NULL,
  `connection` text COLLATE utf8mb4_unicode_ci NOT NULL,
  `queue` text COLLATE utf8mb4_unicode_ci NOT NULL,
  `payload` longtext COLLATE utf8mb4_unicode_ci NOT NULL,
  `exception` longtext COLLATE utf8mb4_unicode_ci NOT NULL,
  `failed_at` timestamp NOT NULL DEFAULT current_timestamp(),
  PRIMARY KEY (`id`)
) ENGINE=InnoDB DEFAULT CHARSET=utf8mb4 COLLATE=utf8mb4_unicode_ci;
/*!40101 SET character_set_client = @saved_cs_client */;

LOCK TABLES `failed_jobs` WRITE;
/*!40000 ALTER TABLE `failed_jobs` DISABLE KEYS */;
/*!40000 ALTER TABLE `failed_jobs` ENABLE KEYS */;
UNLOCK TABLES;
DROP TABLE IF EXISTS `item`;
/*!40101 SET @saved_cs_client     = @@character_set_client */;
/*!40101 SET character_set_client = utf8 */;
CREATE TABLE `item` (
  `id` bigint(20) unsigned NOT NULL AUTO_INCREMENT,
  `nama` varchar(255) COLLATE utf8mb4_unicode_ci NOT NULL,
  `level` enum('1','2','3','4') COLLATE utf8mb4_unicode_ci NOT NULL,
  `id_parent` int(11) DEFAULT NULL,
  `opsi_jawaban` enum('kosong','input text','option','number','persen','long text','file') COLLATE utf8mb4_unicode_ci DEFAULT NULL,
  `created_at` timestamp NULL DEFAULT NULL,
  `updated_at` timestamp NULL DEFAULT NULL,
  `is_commentable` tinyint(1) DEFAULT 0,
  `status_skor` tinyint(1) DEFAULT 0,
  PRIMARY KEY (`id`)
) ENGINE=InnoDB AUTO_INCREMENT=158 DEFAULT CHARSET=utf8mb4 COLLATE=utf8mb4_unicode_ci;
/*!40101 SET character_set_client = @saved_cs_client */;

LOCK TABLES `item` WRITE;
/*!40000 ALTER TABLE `item` DISABLE KEYS */;
INSERT INTO `item` VALUES (1,'Aspek Management','1',NULL,NULL,'2022-05-16 11:25:06','2022-05-16 11:25:06',NULL,0),(7,'Aspek Hukum','1',NULL,NULL,'2022-05-16 11:30:51','2022-05-16 11:30:51',NULL,0),(9,'Aspek Jaminan','1',NULL,NULL,'2022-05-16 11:31:05','2022-05-16 11:31:05',NULL,0),(10,'Aspek Teknis & Produksi','1',NULL,NULL,'2022-05-16 11:31:18','2022-05-16 11:31:18',NULL,0),(11,'Aspek Pemasaran','1',NULL,NULL,'2022-05-16 11:31:29','2022-05-16 11:31:29',NULL,0),(12,'Aspek Keuangan','1',NULL,NULL,'2022-05-16 11:31:39','2022-05-16 11:31:39',NULL,0),(13,'Data Umum','1',NULL,NULL,'2022-05-16 11:31:47','2022-05-16 11:31:47',NULL,0),(14,'Usaha Dilakukan Sejak','2',1,'option','2022-05-16 11:31:52','2022-05-16 11:31:52',1,1),(23,'Wilayah Pemasaran','2',11,'input text','2022-05-16 11:35:49','2022-05-16 11:35:49',NULL,0),(24,'Lokasi Usaha','2',10,'kosong','2022-05-16 11:36:17','2022-05-16 11:36:17',NULL,0),(25,'Alamat & Kondisi Usaha','3',24,'input text','2022-05-16 11:37:01','2022-05-16 11:37:01',NULL,0),(29,'Status Kepemilikan','3',24,'option','2022-05-16 11:38:06','2022-05-16 11:38:06',1,1),(31,'Bukti Penguasaan Tempat Usaha','3',24,'input text','2022-05-16 11:38:30','2022-05-16 11:38:30',NULL,0),(34,'Jarak Lokasi Usaha Ke Kantor','3',24,'option','2022-05-16 11:39:30','2022-05-16 11:39:30',1,1),(37,'Sarana Penunjang','2',10,'kosong','2022-05-16 11:39:46','2022-05-16 11:39:46',NULL,0),(39,'Peralatan Yang Digunakan','3',37,'input text','2022-05-16 11:40:04','2022-05-16 11:40:04',NULL,0),(42,'Transportasi','3',37,'input text','2022-05-16 11:40:19','2022-05-16 11:40:19',NULL,0),(44,'Tenaga Kerja','3',37,'input text','2022-05-16 11:40:35','2022-05-16 11:40:35',NULL,0),(45,'Barang Dagangan','2',10,'kosong','2022-05-16 11:40:53','2022-05-16 11:40:53',NULL,0),(47,'Ketersediaan Barang','3',45,'input text','2022-05-16 11:41:09','2022-05-16 11:41:09',NULL,0),(49,'Daerah Pembelian Barang','3',45,'input text','2022-05-16 11:41:28','2022-05-16 11:41:28',NULL,0),(52,'Cara Pembelian','3',45,'option','2022-05-16 11:41:44','2022-05-24 17:44:51',1,1),(54,'Barang Yang Dijual','3',45,'input text','2022-05-16 11:41:59','2022-05-16 11:41:59',NULL,0),(56,'Hubungan Dengan Supplier','2',10,'option','2022-05-16 11:42:57','2022-05-16 11:42:57',1,1),(60,'SLIK','2',13,'option','2022-05-16 11:44:21','2022-05-16 11:44:21',1,1),(72,'Permodalan Dipenuhi Dari','2',1,'kosong','2022-05-16 12:43:15','2022-05-16 12:43:15',NULL,0),(73,'Modal (awal) Sendiri','3',72,'number','2022-05-16 12:43:33','2022-05-16 12:43:33',NULL,0),(74,'Modal Pinjaman','3',72,'number','2022-05-16 12:43:48','2022-05-16 12:43:48',NULL,0),(75,'Jumlah Orang yang menjalankan usaha','2',1,'input text','2022-05-16 12:44:02','2022-05-16 12:44:02',NULL,0),(76,'Ijin Usaha','2',7,'kosong','2022-05-18 14:20:04','2022-05-18 14:20:04',NULL,0),(77,'NIB','3',76,'input text','2022-05-18 14:20:18','2022-05-18 14:20:18',NULL,0),(78,'Surat Keterangan Usaha','3',76,'input text','2022-05-18 14:20:38','2022-05-18 14:20:38',NULL,0),(79,'NPWP','2',7,'input text','2022-05-18 14:21:04','2022-05-18 14:21:04',NULL,0),(80,'Badan Usaha','2',1,'option','2022-05-18 19:17:52','2022-05-18 19:17:52',0,NULL),(86,'Sistem Pemasaran','2',11,'option','2022-05-24 17:53:05','2022-05-24 17:53:05',NULL,NULL),(87,'Jumlah Kompetitor','2',11,'option','2022-05-24 17:56:03','2022-05-24 17:56:03',1,1),(88,'Cara Penjualan','2',11,'option','2022-05-24 17:55:16','2022-05-24 17:55:16',1,1),(89,'Omzet Penjualan','2',11,'number','2022-05-24 17:53:23','2022-05-24 17:53:23',NULL,NULL),(90,'Rencana Peningkatan','2',11,'persen','2022-05-24 17:56:52','2022-05-24 17:56:52',NULL,NULL),(91,'Alasan Peningkatan','2',11,'long text','2022-05-24 17:57:06','2022-05-24 17:57:06',NULL,NULL),(92,'Target Pasar yang dituju','2',11,'long text','2022-05-24 17:57:17','2022-05-24 17:57:17',NULL,NULL),(93,'Strategi Pemasaran','2',11,'option','2022-05-24 17:58:19','2022-05-24 17:58:19',NULL,NULL),(94,'Jaminan Utama','2',9,'kosong','2022-05-24 18:44:24','2022-05-24 18:44:24',NULL,NULL),(95,'Kategori Jaminan Utama','3',94,'kosong','2022-05-24 18:44:46','2022-05-24 18:44:46',NULL,NULL),(96,'Bukti Pemilikan Jaminan Utama','3',94,'kosong','2022-05-24 18:45:05','2022-05-24 18:45:05',NULL,NULL),(97,'Pengikatan Jaminan Utama','3',94,'option','2022-05-24 18:45:44','2022-05-24 18:45:44',0,0),(98,'Tanah','4',95,'option','2022-05-24 19:54:31','2022-05-24 19:54:31',1,1),(99,'Kendaraan Bermotor','4',95,'option','2022-05-24 19:55:14','2022-05-24 19:55:14',1,1),(100,'Tanah dan Bangunan','4',95,'option','2022-05-24 19:55:49','2022-05-24 19:55:49',1,1),(101,'Stock','4',95,'number','2022-05-24 19:56:06','2022-05-24 19:56:06',NULL,NULL),(102,'Piutang','4',95,'number','2022-05-24 19:56:23','2022-05-24 19:56:23',NULL,NULL),(103,'SHM No','4',96,'input text','2022-05-24 19:56:56','2022-05-24 19:56:56',NULL,NULL),(104,'SHGB No','4',96,'input text','2022-05-24 19:57:30','2022-05-24 19:57:30',NULL,NULL),(105,'Berakhir Hak(SHGB)','4',96,'input text','2022-05-24 19:57:48','2022-05-24 19:57:48',NULL,NULL),(106,'BPKB No','4',96,'input text','2022-05-24 19:58:04','2022-05-24 19:58:04',NULL,NULL),(107,'Petok / Letter C','4',96,'input text','2022-05-24 19:58:20','2022-05-24 19:58:20',NULL,NULL),(108,'Atas Nama','4',96,'input text','2022-05-24 19:58:39','2022-05-24 19:58:39',NULL,NULL),(109,'Jaminan Tambahan','2',9,'kosong','2022-05-24 20:00:55','2022-05-24 20:00:55',NULL,NULL),(110,'Kategori Jaminan Tambahan','3',109,'kosong','2022-05-24 20:01:25','2022-05-24 20:01:25',NULL,NULL),(111,'Tanah','4',110,'option','2022-05-24 20:04:13','2022-05-24 20:04:13',1,1),(112,'Kendaraan Bermotor','4',110,'option','2022-05-24 20:04:51','2022-05-24 20:04:51',1,1),(113,'Tanah dan Bangunan','4',110,'option','2022-05-24 20:05:29','2022-05-24 20:05:29',1,1),(114,'Bukti Pemilikan Jaminan Tambahan','3',109,'kosong','2022-05-24 20:07:23','2022-05-24 20:07:23',NULL,NULL),(115,'SHM No','4',114,'input text','2022-05-24 20:11:31','2022-05-24 20:11:31',NULL,NULL),(116,'SHGB No','4',114,'input text','2022-05-24 20:11:49','2022-05-24 20:11:49',NULL,NULL),(117,'Berakhir Hak(SHGB)','4',114,'input text','2022-05-24 20:12:06','2022-05-24 20:12:06',NULL,NULL),(118,'BPKB No','4',114,'input text','2022-05-24 20:12:28','2022-05-24 20:12:28',NULL,NULL),(119,'Petok / Letter C','4',114,'input text','2022-05-24 20:12:48','2022-05-24 20:12:48',NULL,NULL),(120,'Atas Nama','4',114,'input text','2022-05-24 20:13:11','2022-05-24 20:13:11',NULL,NULL),(121,'Pengikatan Jaminan Tambahan','3',109,'option','2022-05-25 03:35:23','2022-05-25 03:35:23',NULL,NULL),(122,'Taksiran Harga','3',109,'kosong','2022-05-25 03:35:53','2022-05-25 03:35:53',NULL,NULL),(123,'THU','4',122,'number','2022-05-25 03:36:21','2022-05-25 03:36:21',NULL,NULL),(124,'THLS','4',122,'number','2022-05-25 03:36:39','2022-05-25 03:36:39',NULL,NULL),(125,'Asuransi Penjaminan','3',109,'kosong','2022-05-25 18:59:12','2022-05-25 18:59:12',NULL,NULL),(126,'Nama Asuransi','4',125,'input text','2022-05-25 18:59:39','2022-05-25 18:59:39',NULL,NULL),(129,'Nilai Asuransi Penjaminan','4',125,'number','2022-05-25 19:03:53','2022-09-25 04:15:36',NULL,NULL),(130,'Masa Berlaku Asuransi Penjaminan','4',125,'input text','2022-05-25 19:04:16','2022-09-25 04:15:54',NULL,NULL),(131,'Ratio Coverage','3',109,'persen','2022-05-25 19:20:48','2022-05-25 19:20:48',NULL,NULL),(132,'Ratio Coverage Opsi','3',109,'option','2022-05-25 19:22:13','2022-05-25 19:22:13',1,1),(133,'Ratio Tenor Asuransi','3',109,'persen','2022-05-25 19:23:01','2022-05-25 19:23:01',NULL,NULL),(134,'Ratio Tenor Asuransi Opsi','3',109,'option','2022-05-25 19:24:11','2022-05-25 19:24:11',1,1),(135,'Perhitungan Kebutuhan Kredit','2',12,'file','2022-05-27 11:35:58','2022-05-27 11:35:58',NULL,NULL),(136,'Kebutuhan Kredit','2',12,'number','2022-05-27 11:36:14','2022-05-27 11:36:14',NULL,NULL),(137,'Perhitungan Net Income','2',12,'file','2022-05-27 11:41:43','2022-05-27 11:41:43',NULL,NULL),(138,'Persentase Net Income','2',12,'persen','2022-05-27 11:42:26','2022-05-27 11:42:26',NULL,NULL),(139,'Perhitungan Installment','2',12,'file','2022-05-27 11:42:49','2022-05-27 11:42:49',NULL,NULL),(140,'Installment','2',12,'number','2022-05-27 11:43:29','2022-05-27 11:43:29',NULL,NULL),(142,'Persentase Kebutuhan Kredit Opsi','2',12,'option','2022-05-27 11:41:21','2022-05-27 11:41:21',1,1),(143,'Repayment Capacity','2',12,'number','2022-05-27 11:45:33','2022-05-27 11:45:33',NULL,NULL),(144,'Repayment Capacity Opsi','2',12,'option','2022-05-27 11:46:58','2022-05-27 11:46:58',1,1),(145,'Surat Permohonan','2',13,'file','2022-09-21 04:27:32','2022-09-21 04:27:32',NULL,NULL),(146,'Laporan SLIK','2',13,'file','2022-09-21 04:29:32','2022-09-21 07:51:11',NULL,NULL),(147,'Foto','4',96,'file','2022-09-21 12:48:37','2022-09-21 12:48:37',NULL,NULL),(148,'Foto','4',114,'file','2022-09-21 13:16:52','2022-09-21 13:16:52',NULL,NULL),(149,'Kelayakan Usaha','3',94,'option','2022-11-14 03:56:35','2022-11-14 03:56:35',NULL,NULL),(151,'Foto KTP Suami','2',13,'file','2023-01-14 12:32:48','2023-01-14 12:32:48',NULL,NULL),(152,'Foto KTP Istri','2',13,'file','2023-01-14 12:33:13','2023-01-14 12:33:13',NULL,NULL),(153,'Dokumen NIB','3',76,'file','2023-01-14 13:45:29','2023-01-14 13:45:29',NULL,NULL),(154,'Dokumen NPWP','3',79,'file','2023-01-14 13:46:30','2023-01-14 13:46:30',NULL,NULL),(156,'Foto Usaha','3',94,'file','2023-01-16 12:41:31','2023-01-16 12:41:31',0,0),(157,'Dokumen Surat Keterangan Usaha','3',76,'file','2023-01-18 14:45:56','2023-01-18 14:47:19',NULL,NULL);
/*!40000 ALTER TABLE `item` ENABLE KEYS */;
UNLOCK TABLES;
DROP TABLE IF EXISTS `jawaban`;
/*!40101 SET @saved_cs_client     = @@character_set_client */;
/*!40101 SET character_set_client = utf8 */;
CREATE TABLE `jawaban` (
  `id` bigint(20) unsigned NOT NULL AUTO_INCREMENT,
  `id_pengajuan` bigint(20) unsigned NOT NULL,
  `id_jawaban` bigint(20) unsigned NOT NULL,
  `skor` int(11) DEFAULT NULL,
  `skor_penyelia` int(11) DEFAULT NULL,
  `skor_pbp` int(11) DEFAULT NULL,
  `created_at` timestamp NULL DEFAULT NULL,
  `updated_at` timestamp NULL DEFAULT NULL,
  PRIMARY KEY (`id`),
  KEY `jawaban_id_pengajuan_foreign` (`id_pengajuan`),
  KEY `jawaban_id_jawaban_foreign` (`id_jawaban`)
) ENGINE=InnoDB AUTO_INCREMENT=222 DEFAULT CHARSET=utf8mb4 COLLATE=utf8mb4_unicode_ci;
/*!40101 SET character_set_client = @saved_cs_client */;

LOCK TABLES `jawaban` WRITE;
/*!40000 ALTER TABLE `jawaban` DISABLE KEYS */;
INSERT INTO `jawaban` VALUES (1,1,71,1,NULL,NULL,'2022-09-21 04:52:23',NULL),(2,1,11,1,NULL,NULL,'2022-09-21 04:52:23',NULL),(3,1,91,NULL,NULL,NULL,'2022-09-21 04:52:23',NULL),(4,1,63,4,NULL,NULL,'2022-09-21 04:52:23',NULL),(5,1,112,NULL,NULL,NULL,'2022-09-21 04:52:23',NULL),(6,1,119,4,NULL,NULL,'2022-09-21 04:52:23',NULL),(7,1,118,2,NULL,NULL,'2022-09-21 04:52:23',NULL),(8,1,123,NULL,NULL,NULL,'2022-09-21 04:52:23',NULL),(9,1,173,1,NULL,NULL,'2022-09-21 04:52:23',NULL),(10,1,178,NULL,NULL,NULL,'2022-09-21 04:52:23',NULL),(11,1,155,NULL,NULL,NULL,'2022-09-21 04:52:23',NULL),(12,1,161,1,NULL,NULL,'2022-09-21 04:52:23',NULL),(13,1,164,2,NULL,NULL,'2022-09-21 04:52:23',NULL),(14,1,31,4,NULL,NULL,'2022-09-21 04:52:23',NULL),(15,1,43,4,NULL,NULL,'2022-09-21 04:52:23',NULL),(16,1,174,2,NULL,NULL,'2022-09-21 04:52:23',NULL),(17,1,147,4,NULL,NULL,'2022-09-21 04:52:23',NULL),(18,2,72,2,2,NULL,'2022-09-21 13:37:31','2022-09-21 14:00:27'),(19,2,12,2,2,NULL,'2022-09-21 13:37:31','2022-09-21 14:00:27'),(20,2,91,NULL,NULL,NULL,'2022-09-21 13:37:31',NULL),(21,2,63,4,4,NULL,'2022-09-21 13:37:31','2022-09-21 14:00:28'),(22,2,112,NULL,NULL,NULL,'2022-09-21 13:37:31',NULL),(23,2,120,3,3,NULL,'2022-09-21 13:37:31','2022-09-21 14:00:28'),(24,2,118,2,2,NULL,'2022-09-21 13:37:31','2022-09-21 14:00:28'),(25,2,123,NULL,NULL,NULL,'2022-09-21 13:37:31',NULL),(26,2,170,4,4,NULL,'2022-09-21 13:37:31','2022-09-21 14:00:28'),(27,2,133,NULL,NULL,NULL,'2022-09-21 13:37:31',NULL),(28,2,153,NULL,NULL,NULL,'2022-09-21 13:37:31',NULL),(29,2,161,1,1,NULL,'2022-09-21 13:37:31','2022-09-21 14:00:27'),(30,2,164,2,2,NULL,'2022-09-21 13:37:31','2022-09-21 14:00:27'),(31,2,31,4,4,NULL,'2022-09-21 13:37:31','2022-09-21 14:00:28'),(32,2,43,4,4,NULL,'2022-09-21 13:37:31','2022-09-21 14:00:28'),(33,2,175,3,3,NULL,'2022-09-21 13:37:31','2022-09-21 14:00:28'),(34,2,138,4,4,NULL,'2022-09-21 13:37:31','2022-09-21 14:00:27'),(35,2,147,4,4,NULL,'2022-09-21 13:37:31','2022-09-21 14:00:27'),(36,9,74,4,4,4,'2022-09-30 14:21:17','2022-10-11 04:10:04'),(37,9,11,1,2,2,'2022-09-30 14:21:17','2022-10-11 04:10:04'),(38,9,91,NULL,NULL,NULL,'2022-09-30 14:21:17',NULL),(39,9,63,4,4,4,'2022-09-30 14:21:17','2022-10-11 04:10:04'),(40,9,112,NULL,NULL,NULL,'2022-09-30 14:21:17',NULL),(41,9,119,4,4,4,'2022-09-30 14:21:17','2022-10-11 04:10:04'),(42,9,118,2,2,2,'2022-09-30 14:21:17','2022-10-11 04:10:04'),(43,9,123,NULL,NULL,NULL,'2022-09-30 14:21:17',NULL),(44,9,173,1,1,1,'2022-09-30 14:21:17','2022-10-11 04:10:04'),(45,9,178,NULL,NULL,NULL,'2022-09-30 14:21:17',NULL),(46,9,153,NULL,NULL,NULL,'2022-09-30 14:21:17',NULL),(47,9,161,1,1,1,'2022-09-30 14:21:17','2022-10-11 04:10:04'),(48,9,164,2,NULL,NULL,'2022-09-30 14:21:17',NULL),(49,9,31,4,4,4,'2022-09-30 14:21:17','2022-10-11 04:10:04'),(50,9,43,4,4,4,'2022-09-30 14:21:17','2022-10-11 04:10:04'),(51,9,174,2,2,2,'2022-09-30 14:21:17','2022-10-11 04:10:04'),(52,9,147,4,4,4,'2022-09-30 14:21:17','2022-10-11 04:10:04'),(53,10,73,3,4,NULL,'2022-10-05 06:15:26','2022-10-11 04:03:55'),(54,10,11,1,4,NULL,'2022-10-05 06:15:26','2022-10-11 04:03:55'),(55,10,91,NULL,NULL,NULL,'2022-10-05 06:15:26',NULL),(56,10,63,4,4,NULL,'2022-10-05 06:15:26','2022-10-11 04:03:55'),(57,10,112,NULL,NULL,NULL,'2022-10-05 06:15:26',NULL),(58,10,119,4,4,NULL,'2022-10-05 06:15:26','2022-10-11 04:03:55'),(59,10,118,2,4,NULL,'2022-10-05 06:15:26','2022-10-11 04:03:55'),(60,10,123,NULL,NULL,NULL,'2022-10-05 06:15:26',NULL),(61,10,172,2,4,NULL,'2022-10-05 06:15:26','2022-10-11 04:03:55'),(62,10,178,NULL,NULL,NULL,'2022-10-05 06:15:26',NULL),(63,10,153,NULL,NULL,NULL,'2022-10-05 06:15:26',NULL),(64,10,161,1,4,NULL,'2022-10-05 06:15:26','2022-10-11 04:03:55'),(65,10,162,4,NULL,NULL,'2022-10-05 06:15:26',NULL),(66,10,31,4,4,NULL,'2022-10-05 06:15:26','2022-10-11 04:03:55'),(67,10,43,4,4,NULL,'2022-10-05 06:15:26','2022-10-11 04:03:55'),(68,10,174,2,4,NULL,'2022-10-05 06:15:26','2022-10-11 04:03:55'),(69,10,145,4,4,NULL,'2022-10-05 06:15:26','2022-10-11 04:03:55'),(70,11,11,1,NULL,NULL,'2022-10-05 10:50:29','2023-01-16 12:52:13'),(71,11,91,NULL,NULL,NULL,'2022-10-05 10:50:29','2023-01-16 12:52:13'),(72,11,63,4,NULL,NULL,'2022-10-05 10:50:29','2023-01-16 12:52:13'),(73,11,112,NULL,NULL,NULL,'2022-10-05 10:50:29','2023-01-16 12:52:13'),(74,11,119,4,NULL,NULL,'2022-10-05 10:50:29','2023-01-16 12:52:13'),(75,11,118,2,NULL,NULL,'2022-10-05 10:50:29','2023-01-16 12:52:13'),(76,11,123,NULL,NULL,NULL,'2022-10-05 10:50:29','2023-01-16 12:52:13'),(77,11,173,1,NULL,NULL,'2022-10-05 10:50:29','2023-01-16 12:52:13'),(78,11,178,NULL,NULL,NULL,'2022-10-05 10:50:29','2023-01-16 12:52:13'),(79,11,153,NULL,NULL,NULL,'2022-10-05 10:50:29','2023-01-16 12:52:13'),(80,11,158,4,NULL,NULL,'2022-10-05 10:50:29','2023-01-16 12:52:13'),(81,11,164,2,NULL,NULL,'2022-10-05 10:50:29','2023-01-16 12:52:13'),(82,11,31,4,NULL,NULL,'2022-10-05 10:50:29','2023-01-16 12:52:13'),(83,11,43,4,NULL,NULL,'2022-10-05 10:50:29','2023-01-16 12:52:13'),(84,11,174,2,NULL,NULL,'2022-10-05 10:50:29','2023-01-16 12:52:13'),(85,11,149,0,NULL,NULL,'2022-10-05 10:50:29','2023-01-16 12:52:13'),(86,11,149,0,NULL,NULL,'2022-10-05 10:50:29',NULL),(87,12,74,4,NULL,NULL,'2022-10-11 15:04:03','2022-10-14 03:48:48'),(88,12,11,1,NULL,NULL,'2022-10-11 15:04:03','2022-10-14 03:48:48'),(89,12,92,NULL,NULL,NULL,'2022-10-11 15:04:03','2022-10-14 03:48:48'),(90,12,63,4,NULL,NULL,'2022-10-11 15:04:03','2022-10-14 03:48:48'),(91,12,112,NULL,NULL,NULL,'2022-10-11 15:04:03','2022-10-14 03:48:48'),(92,12,119,4,NULL,NULL,'2022-10-11 15:04:03','2022-10-14 03:48:48'),(93,12,118,2,NULL,NULL,'2022-10-11 15:04:03','2022-10-14 03:48:48'),(94,12,123,NULL,NULL,NULL,'2022-10-11 15:04:03','2022-10-14 03:48:48'),(95,12,173,1,NULL,NULL,'2022-10-11 15:04:03','2022-10-14 03:48:48'),(96,12,181,NULL,NULL,NULL,'2022-10-11 15:04:03','2022-10-14 03:48:48'),(97,12,155,NULL,NULL,NULL,'2022-10-11 15:04:03','2022-10-14 03:48:48'),(98,12,161,1,NULL,NULL,'2022-10-11 15:04:03','2022-10-14 03:48:48'),(99,12,164,2,NULL,NULL,'2022-10-11 15:04:03','2022-10-14 03:48:48'),(100,12,31,4,NULL,NULL,'2022-10-11 15:04:03','2022-10-14 03:48:48'),(101,12,44,3,NULL,NULL,'2022-10-11 15:04:03','2022-10-14 03:48:48'),(102,12,175,3,NULL,NULL,'2022-10-11 15:04:03','2022-10-14 03:48:48'),(103,12,147,4,NULL,NULL,'2022-10-11 15:04:03','2022-10-14 03:48:48'),(104,20,74,4,NULL,NULL,'2022-11-15 06:48:08',NULL),(105,20,13,3,NULL,NULL,'2022-11-15 06:48:08',NULL),(106,20,91,NULL,NULL,NULL,'2022-11-15 06:48:08',NULL),(107,20,63,4,NULL,NULL,'2022-11-15 06:48:08',NULL),(108,20,112,NULL,NULL,NULL,'2022-11-15 06:48:08',NULL),(109,20,119,4,NULL,NULL,'2022-11-15 06:48:08',NULL),(110,20,118,2,NULL,NULL,'2022-11-15 06:48:08',NULL),(111,20,123,NULL,NULL,NULL,'2022-11-15 06:48:08',NULL),(112,20,170,4,NULL,NULL,'2022-11-15 06:48:08',NULL),(113,20,183,NULL,NULL,NULL,'2022-11-15 06:48:08',NULL),(114,20,153,NULL,NULL,NULL,'2022-11-15 06:48:08',NULL),(115,20,158,4,NULL,NULL,'2022-11-15 06:48:08',NULL),(116,20,164,2,NULL,NULL,'2022-11-15 06:48:08',NULL),(117,20,31,4,NULL,NULL,'2022-11-15 06:48:08',NULL),(118,20,43,4,NULL,NULL,'2022-11-15 06:48:08',NULL),(119,20,174,2,NULL,NULL,'2022-11-15 06:48:08',NULL),(120,20,145,4,NULL,NULL,'2022-11-15 06:48:08',NULL),(121,21,73,3,NULL,NULL,'2022-11-17 03:21:24','2022-11-17 12:13:58'),(122,21,12,2,NULL,NULL,'2022-11-17 03:21:24','2022-11-17 12:13:58'),(123,21,91,NULL,NULL,NULL,'2022-11-17 03:21:24','2022-11-17 12:13:58'),(124,21,65,2,NULL,NULL,'2022-11-17 03:21:24','2022-11-17 12:13:58'),(125,21,113,NULL,NULL,NULL,'2022-11-17 03:21:24','2022-11-17 12:13:58'),(126,21,121,2,NULL,NULL,'2022-11-17 03:21:24','2022-11-17 12:13:58'),(127,21,117,3,NULL,NULL,'2022-11-17 03:21:24','2022-11-17 12:13:58'),(128,21,127,NULL,NULL,NULL,'2022-11-17 03:21:24','2022-11-17 12:13:58'),(129,21,173,1,NULL,NULL,'2022-11-17 03:21:24','2022-11-17 12:13:58'),(130,21,184,NULL,NULL,NULL,'2022-11-17 03:21:24','2022-11-17 12:13:58'),(131,21,183,NULL,NULL,NULL,'2022-11-17 03:21:24','2022-11-17 12:13:58'),(132,21,155,NULL,NULL,NULL,'2022-11-17 03:21:24','2022-11-17 12:13:58'),(133,21,161,1,NULL,NULL,'2022-11-17 03:21:24','2022-11-17 12:13:58'),(134,21,165,1,NULL,NULL,'2022-11-17 03:21:24','2022-11-17 12:13:58'),(135,21,31,4,NULL,NULL,'2022-11-17 03:21:24','2022-11-17 12:13:58'),(136,21,44,3,NULL,NULL,'2022-11-17 03:21:24','2022-11-17 12:13:58'),(137,21,176,4,NULL,NULL,'2022-11-17 03:21:24','2022-11-17 12:13:58'),(138,21,147,4,NULL,NULL,NULL,'2022-11-17 12:13:58'),(139,22,73,3,NULL,NULL,'2023-01-14 15:03:12','2023-01-14 17:48:22'),(140,22,11,1,NULL,NULL,'2023-01-14 15:03:12','2023-01-14 17:48:22'),(141,22,91,NULL,NULL,NULL,'2023-01-14 15:03:12','2023-01-14 17:48:22'),(142,22,63,4,NULL,NULL,'2023-01-14 15:03:12','2023-01-14 17:48:22'),(143,22,112,NULL,NULL,NULL,'2023-01-14 15:03:12','2023-01-14 17:48:22'),(144,22,119,4,NULL,NULL,'2023-01-14 15:03:12','2023-01-14 17:48:22'),(145,22,116,4,NULL,NULL,'2023-01-14 15:03:12','2023-01-14 17:48:22'),(146,22,124,NULL,NULL,NULL,'2023-01-14 15:03:12','2023-01-14 17:48:22'),(147,22,170,4,NULL,NULL,'2023-01-14 15:03:12','2023-01-14 17:48:22'),(148,22,183,NULL,NULL,NULL,'2023-01-14 15:03:12','2023-01-14 17:48:22'),(149,22,183,NULL,NULL,NULL,'2023-01-14 15:03:12','2023-01-14 17:48:22'),(150,22,153,NULL,NULL,NULL,'2023-01-14 15:03:12','2023-01-14 17:48:22'),(151,22,161,1,NULL,NULL,'2023-01-14 15:03:12','2023-01-14 17:48:22'),(152,22,31,4,NULL,NULL,'2023-01-14 15:03:12','2023-01-14 17:48:22'),(153,22,43,4,NULL,NULL,'2023-01-14 15:03:12','2023-01-14 17:48:22'),(154,22,174,2,NULL,NULL,'2023-01-14 15:03:12','2023-01-14 17:48:22'),(155,22,145,4,NULL,NULL,NULL,'2023-01-14 17:48:22'),(156,24,72,2,NULL,NULL,'2023-01-16 02:25:41',NULL),(157,24,11,1,NULL,NULL,'2023-01-16 02:25:41',NULL),(158,24,91,NULL,NULL,NULL,'2023-01-16 02:25:41',NULL),(159,24,63,4,NULL,NULL,'2023-01-16 02:25:41',NULL),(160,24,112,NULL,NULL,NULL,'2023-01-16 02:25:41',NULL),(161,24,119,4,NULL,NULL,'2023-01-16 02:25:41',NULL),(162,24,115,4,NULL,NULL,'2023-01-16 02:25:41',NULL),(163,24,123,NULL,NULL,NULL,'2023-01-16 02:25:41',NULL),(164,24,173,1,NULL,NULL,'2023-01-16 02:25:41',NULL),(165,24,183,NULL,NULL,NULL,'2023-01-16 02:25:41',NULL),(166,24,182,NULL,NULL,NULL,'2023-01-16 02:25:41',NULL),(167,24,161,1,NULL,NULL,'2023-01-16 02:25:41',NULL),(168,24,31,4,NULL,NULL,'2023-01-16 02:25:41',NULL),(169,24,43,4,NULL,NULL,'2023-01-16 02:25:41',NULL),(170,24,174,2,NULL,NULL,'2023-01-16 02:25:41',NULL),(171,25,72,2,NULL,NULL,'2023-01-16 12:57:50','2023-01-16 12:59:38'),(172,25,13,3,NULL,NULL,'2023-01-16 12:57:50','2023-01-16 12:59:38'),(173,25,94,NULL,NULL,NULL,'2023-01-16 12:57:50','2023-01-16 12:59:38'),(174,25,63,4,NULL,NULL,'2023-01-16 12:57:50','2023-01-16 12:59:38'),(175,25,113,NULL,NULL,NULL,'2023-01-16 12:57:50','2023-01-16 12:59:38'),(176,25,120,3,NULL,NULL,'2023-01-16 12:57:50','2023-01-16 12:59:38'),(177,25,116,4,NULL,NULL,'2023-01-16 12:57:50','2023-01-16 12:59:38'),(178,25,129,NULL,NULL,NULL,'2023-01-16 12:57:50','2023-01-16 12:59:38'),(179,25,134,NULL,NULL,NULL,'2023-01-16 12:57:50','2023-01-16 12:59:38'),(180,25,184,NULL,NULL,NULL,'2023-01-16 12:57:50','2023-01-16 12:59:38'),(181,25,154,NULL,NULL,NULL,'2023-01-16 12:57:50','2023-01-16 12:59:38'),(182,25,158,4,NULL,NULL,'2023-01-16 12:57:50','2023-01-16 12:59:38'),(183,25,165,1,NULL,NULL,'2023-01-16 12:57:50','2023-01-16 12:59:38'),(184,25,31,4,NULL,NULL,'2023-01-16 12:57:50','2023-01-16 12:59:38'),(185,25,45,2,NULL,NULL,'2023-01-16 12:57:50','2023-01-16 12:59:38'),(186,25,175,3,NULL,NULL,'2023-01-16 12:57:50','2023-01-16 12:59:38'),(187,25,148,2,NULL,NULL,NULL,'2023-01-16 12:59:38'),(188,26,74,4,NULL,NULL,'2023-01-19 04:01:29',NULL),(189,26,12,2,NULL,NULL,'2023-01-19 04:01:29',NULL),(190,26,93,NULL,NULL,NULL,'2023-01-19 04:01:29',NULL),(191,26,66,1,NULL,NULL,'2023-01-19 04:01:29',NULL),(192,26,112,NULL,NULL,NULL,'2023-01-19 04:01:29',NULL),(193,26,119,4,NULL,NULL,'2023-01-19 04:01:29',NULL),(194,26,115,4,NULL,NULL,'2023-01-19 04:01:29',NULL),(195,26,123,NULL,NULL,NULL,'2023-01-19 04:01:29',NULL),(196,26,173,1,NULL,NULL,'2023-01-19 04:01:29',NULL),(197,26,183,NULL,NULL,NULL,'2023-01-19 04:01:29',NULL),(198,26,179,NULL,NULL,NULL,'2023-01-19 04:01:29',NULL),(199,26,161,1,NULL,NULL,'2023-01-19 04:01:29',NULL),(200,26,31,4,NULL,NULL,'2023-01-19 04:01:29',NULL),(201,26,43,4,NULL,NULL,'2023-01-19 04:01:29',NULL),(202,26,174,2,NULL,NULL,'2023-01-19 04:01:29',NULL),(203,26,150,4,NULL,NULL,'2023-01-19 04:01:29',NULL),(204,27,71,1,NULL,NULL,'2023-01-20 06:22:08','2023-01-20 06:28:24'),(205,27,13,3,NULL,NULL,'2023-01-20 06:22:08','2023-01-20 06:28:24'),(206,27,93,NULL,NULL,NULL,'2023-01-20 06:22:08','2023-01-20 06:28:24'),(207,27,63,4,NULL,NULL,'2023-01-20 06:22:08','2023-01-20 06:28:24'),(208,27,112,NULL,NULL,NULL,'2023-01-20 06:22:08','2023-01-20 06:28:24'),(209,27,119,4,NULL,NULL,'2023-01-20 06:22:08','2023-01-20 06:28:24'),(210,27,116,4,NULL,NULL,'2023-01-20 06:22:08','2023-01-20 06:28:24'),(211,27,123,NULL,NULL,NULL,'2023-01-20 06:22:08','2023-01-20 06:28:24'),(212,27,183,NULL,NULL,NULL,'2023-01-20 06:22:08','2023-01-20 06:28:24'),(213,27,133,NULL,NULL,NULL,'2023-01-20 06:22:08','2023-01-20 06:28:24'),(214,27,183,NULL,NULL,NULL,'2023-01-20 06:22:08','2023-01-20 06:28:24'),(215,27,153,NULL,NULL,NULL,'2023-01-20 06:22:08','2023-01-20 06:28:24'),(216,27,161,1,NULL,NULL,'2023-01-20 06:22:08','2023-01-20 06:28:24'),(217,27,164,2,NULL,NULL,'2023-01-20 06:22:08','2023-01-20 06:28:24'),(218,27,31,4,NULL,NULL,'2023-01-20 06:22:08','2023-01-20 06:28:24'),(219,27,43,4,NULL,NULL,'2023-01-20 06:22:08','2023-01-20 06:28:24'),(220,27,174,2,NULL,NULL,NULL,'2023-01-20 06:28:24'),(221,27,147,4,NULL,NULL,NULL,'2023-01-20 06:28:24');
/*!40000 ALTER TABLE `jawaban` ENABLE KEYS */;
UNLOCK TABLES;
DROP TABLE IF EXISTS `jawaban_sub_column`;
/*!40101 SET @saved_cs_client     = @@character_set_client */;
/*!40101 SET character_set_client = utf8 */;
CREATE TABLE `jawaban_sub_column` (
  `id` bigint(20) unsigned NOT NULL AUTO_INCREMENT,
  `jawaban_sub_column` varchar(255) COLLATE utf8mb4_unicode_ci NOT NULL,
  `id_option` bigint(20) unsigned NOT NULL,
  `id_pengajuan` bigint(20) unsigned NOT NULL,
  `created_at` timestamp NULL DEFAULT NULL,
  `updated_at` timestamp NULL DEFAULT NULL,
  PRIMARY KEY (`id`),
  KEY `jawaban_sub_column_id_option_foreign` (`id_option`),
  KEY `jawaban_sub_column_id_pengajuan_foreign` (`id_pengajuan`)
) ENGINE=InnoDB DEFAULT CHARSET=utf8mb4 COLLATE=utf8mb4_unicode_ci;
/*!40101 SET character_set_client = @saved_cs_client */;

LOCK TABLES `jawaban_sub_column` WRITE;
/*!40000 ALTER TABLE `jawaban_sub_column` DISABLE KEYS */;
/*!40000 ALTER TABLE `jawaban_sub_column` ENABLE KEYS */;
UNLOCK TABLES;
DROP TABLE IF EXISTS `jawaban_text`;
/*!40101 SET @saved_cs_client     = @@character_set_client */;
/*!40101 SET character_set_client = utf8 */;
CREATE TABLE `jawaban_text` (
  `id` bigint(20) unsigned NOT NULL AUTO_INCREMENT,
  `id_pengajuan` bigint(20) unsigned NOT NULL,
  `id_jawaban` bigint(20) unsigned NOT NULL,
  `opsi_text` varchar(255) COLLATE utf8mb4_unicode_ci DEFAULT NULL,
  `skor_penyelia` int(11) DEFAULT NULL,
  `skor_pbp` int(11) DEFAULT NULL,
  `skor` int(11) DEFAULT NULL,
  `created_at` timestamp NULL DEFAULT NULL,
  `updated_at` timestamp NULL DEFAULT NULL,
  PRIMARY KEY (`id`),
  KEY `jawaban_text_id_pengajuan_foreign` (`id_pengajuan`),
  KEY `jawaban_text_id_jawaban_foreign` (`id_jawaban`)
) ENGINE=InnoDB AUTO_INCREMENT=846 DEFAULT CHARSET=utf8mb4 COLLATE=utf8mb4_unicode_ci;
/*!40101 SET character_set_client = @saved_cs_client */;

LOCK TABLES `jawaban_text` WRITE;
/*!40000 ALTER TABLE `jawaban_text` DISABLE KEYS */;
INSERT INTO `jawaban_text` VALUES (1,1,73,'10000000',NULL,NULL,NULL,'2022-09-21 04:52:23','2022-09-21 04:52:23'),(2,1,74,'10000000',NULL,NULL,NULL,'2022-09-21 04:52:23','2022-09-21 04:52:23'),(3,1,75,'1',NULL,NULL,NULL,'2022-09-21 04:52:23','2022-09-21 04:52:23'),(4,1,77,'3213',NULL,NULL,NULL,'2022-09-21 04:52:23','2022-09-21 04:52:23'),(5,1,79,'231',NULL,NULL,NULL,'2022-09-21 04:52:23','2022-09-21 04:52:23'),(6,1,102,'50000000',NULL,NULL,NULL,'2022-09-21 04:52:23','2022-09-21 04:52:23'),(7,1,118,'23213',NULL,NULL,NULL,'2022-09-21 04:52:23','2022-09-21 04:52:23'),(8,1,120,'adwa',NULL,NULL,NULL,'2022-09-21 04:52:23','2022-09-21 04:52:23'),(9,1,123,'10000000',NULL,NULL,NULL,'2022-09-21 04:52:23','2022-09-21 04:52:23'),(10,1,124,'5000000',NULL,NULL,NULL,'2022-09-21 04:52:23','2022-09-21 04:52:23'),(11,1,126,'jamkrida',NULL,NULL,NULL,'2022-09-21 04:52:23','2022-09-21 04:52:23'),(12,1,129,'5000000',NULL,NULL,NULL,'2022-09-21 04:52:23','2022-09-21 04:52:23'),(13,1,130,'1',NULL,NULL,NULL,'2022-09-21 04:52:23','2022-09-21 04:52:23'),(14,1,131,'100',NULL,NULL,NULL,'2022-09-21 04:52:23','2022-09-21 04:52:23'),(15,1,133,'100',NULL,NULL,NULL,'2022-09-21 04:52:23','2022-09-21 04:52:23'),(16,1,25,'dwadwa',NULL,NULL,NULL,'2022-09-21 04:52:23','2022-09-21 04:52:23'),(17,1,31,'dwada',NULL,NULL,NULL,'2022-09-21 04:52:23','2022-09-21 04:52:23'),(18,1,39,'dwa',NULL,NULL,NULL,'2022-09-21 04:52:23','2022-09-21 04:52:23'),(19,1,42,'dwad',NULL,NULL,NULL,'2022-09-21 04:52:23','2022-09-21 04:52:23'),(20,1,44,'2',NULL,NULL,NULL,'2022-09-21 04:52:23','2022-09-21 04:52:23'),(21,1,47,'dwaa',NULL,NULL,NULL,'2022-09-21 04:52:23','2022-09-21 04:52:23'),(22,1,49,'wdad',NULL,NULL,NULL,'2022-09-21 04:52:23','2022-09-21 04:52:23'),(23,1,54,'dwadw',NULL,NULL,NULL,'2022-09-21 04:52:23','2022-09-21 04:52:23'),(24,1,23,'dwad',NULL,NULL,NULL,'2022-09-21 04:52:23','2022-09-21 04:52:23'),(25,1,89,'50000000',NULL,NULL,NULL,'2022-09-21 04:52:23','2022-09-21 04:52:23'),(26,1,90,'10',NULL,NULL,NULL,'2022-09-21 04:52:23','2022-09-21 04:52:23'),(27,1,91,'dwad',NULL,NULL,NULL,'2022-09-21 04:52:23','2022-09-21 04:52:23'),(28,1,92,'dwad',NULL,NULL,NULL,'2022-09-21 04:52:23','2022-09-21 04:52:23'),(29,1,136,'10000000',NULL,NULL,NULL,'2022-09-21 04:52:23','2022-09-21 04:52:23'),(30,1,138,'10',NULL,NULL,NULL,'2022-09-21 04:52:23','2022-09-21 04:52:23'),(31,1,140,'900000',NULL,NULL,NULL,'2022-09-21 04:52:23','2022-09-21 04:52:23'),(32,1,143,'0.5092592592592593',NULL,NULL,NULL,'2022-09-21 04:52:23','2022-09-21 04:52:23'),(33,1,145,'01663735943.pdf',NULL,NULL,NULL,'2022-09-21 04:52:23','2022-09-21 04:52:23'),(34,1,146,'11663735943.png',NULL,NULL,NULL,'2022-09-21 04:52:23','2022-09-21 04:52:23'),(35,1,135,'21663735943.png',NULL,NULL,NULL,'2022-09-21 04:52:23','2022-09-21 04:52:23'),(36,1,137,'31663735943.png',NULL,NULL,NULL,'2022-09-21 04:52:23','2022-09-21 04:52:23'),(37,1,139,'41663735943.png',NULL,NULL,NULL,'2022-09-21 04:52:23','2022-09-21 04:52:23'),(38,2,73,'10000000',NULL,NULL,NULL,'2022-09-21 13:37:31','2022-09-21 13:37:31'),(39,2,74,'10000000',NULL,NULL,NULL,'2022-09-21 13:37:31','2022-09-21 13:37:31'),(40,2,75,'1',NULL,NULL,NULL,'2022-09-21 13:37:31','2022-09-21 13:37:31'),(41,2,77,'678687',NULL,NULL,NULL,'2022-09-21 13:37:31','2022-09-21 13:37:31'),(42,2,79,'57675',NULL,NULL,NULL,'2022-09-21 13:37:31','2022-09-21 13:37:31'),(43,2,106,'122',NULL,NULL,NULL,'2022-09-21 13:37:31','2022-09-21 13:37:31'),(44,2,108,'12',NULL,NULL,NULL,'2022-09-21 13:37:31','2022-09-21 13:37:31'),(45,2,118,'21212',NULL,NULL,NULL,'2022-09-21 13:37:31','2022-09-21 13:37:31'),(46,2,120,'1212',NULL,NULL,NULL,'2022-09-21 13:37:31','2022-09-21 13:37:31'),(47,2,123,'10000000',NULL,NULL,NULL,'2022-09-21 13:37:31','2022-09-21 13:37:31'),(48,2,124,'5000000',NULL,NULL,NULL,'2022-09-21 13:37:31','2022-09-21 13:37:31'),(49,2,126,'j',NULL,NULL,NULL,'2022-09-21 13:37:31','2022-09-21 13:37:31'),(50,2,129,'5000000',NULL,NULL,NULL,'2022-09-21 13:37:31','2022-09-21 13:37:31'),(51,2,130,'1',NULL,NULL,NULL,'2022-09-21 13:37:31','2022-09-21 13:37:31'),(52,2,131,'100',NULL,NULL,NULL,'2022-09-21 13:37:31','2022-09-21 13:37:31'),(53,2,25,'ghjgjhg',NULL,NULL,NULL,'2022-09-21 13:37:31','2022-09-21 13:37:31'),(54,2,31,'hjhj',NULL,NULL,NULL,'2022-09-21 13:37:31','2022-09-21 13:37:31'),(55,2,39,'gjhgj',NULL,NULL,NULL,'2022-09-21 13:37:31','2022-09-21 13:37:31'),(56,2,42,'hkjh',NULL,NULL,NULL,'2022-09-21 13:37:31','2022-09-21 13:37:31'),(57,2,44,'2',NULL,NULL,NULL,'2022-09-21 13:37:31','2022-09-21 13:37:31'),(58,2,47,'ghgjh',NULL,NULL,NULL,'2022-09-21 13:37:31','2022-09-21 13:37:31'),(59,2,49,'gjhghj',NULL,NULL,NULL,'2022-09-21 13:37:31','2022-09-21 13:37:31'),(60,2,54,'ffhgj',NULL,NULL,NULL,'2022-09-21 13:37:31','2022-09-21 13:37:31'),(61,2,23,'jhkjkj',NULL,NULL,NULL,'2022-09-21 13:37:31','2022-09-21 13:37:31'),(62,2,89,'200000000',NULL,NULL,NULL,'2022-09-21 13:37:31','2022-09-21 13:37:31'),(63,2,90,'20',NULL,NULL,NULL,'2022-09-21 13:37:31','2022-09-21 13:37:31'),(64,2,91,'hjhk',NULL,NULL,NULL,'2022-09-21 13:37:31','2022-09-21 13:37:31'),(65,2,92,'hkj',NULL,NULL,NULL,'2022-09-21 13:37:31','2022-09-21 13:37:31'),(66,2,136,'10000000',NULL,NULL,NULL,'2022-09-21 13:37:31','2022-09-21 13:37:31'),(67,2,138,'10',NULL,NULL,NULL,'2022-09-21 13:37:31','2022-09-21 13:37:31'),(68,2,140,'900000',NULL,NULL,NULL,'2022-09-21 13:37:31','2022-09-21 13:37:31'),(69,2,143,'2.2222222222222223',NULL,NULL,NULL,'2022-09-21 13:37:31','2022-09-21 13:37:31'),(70,2,145,'01663767451.pdf',NULL,NULL,NULL,'2022-09-21 13:37:31','2022-09-21 13:37:31'),(71,2,146,'11663767451.png',NULL,NULL,NULL,'2022-09-21 13:37:31','2022-09-21 13:37:31'),(72,2,147,'21663767451.png',NULL,NULL,NULL,'2022-09-21 13:37:31','2022-09-21 13:37:31'),(73,2,148,'31663767451.png',NULL,NULL,NULL,'2022-09-21 13:37:31','2022-09-21 13:37:31'),(74,2,135,'41663767451.png',NULL,NULL,NULL,'2022-09-21 13:37:31','2022-09-21 13:37:31'),(75,2,137,'51663767451.png',NULL,NULL,NULL,'2022-09-21 13:37:31','2022-09-21 13:37:31'),(76,2,139,'61663767451.png',NULL,NULL,NULL,'2022-09-21 13:37:31','2022-09-21 13:37:31'),(265,9,73,'10000000',NULL,NULL,NULL,'2022-09-30 14:21:17','2022-09-30 14:21:17'),(266,9,74,'10000000',NULL,NULL,NULL,'2022-09-30 14:21:17','2022-09-30 14:21:17'),(267,9,75,'2',NULL,NULL,NULL,'2022-09-30 14:21:17','2022-09-30 14:21:17'),(268,9,77,'10',NULL,NULL,NULL,'2022-09-30 14:21:17','2022-09-30 14:21:17'),(269,9,79,'12',NULL,NULL,NULL,'2022-09-30 14:21:17','2022-09-30 14:21:17'),(270,9,101,'2131',NULL,NULL,NULL,'2022-09-30 14:21:17','2022-09-30 14:21:17'),(271,9,118,'213',NULL,NULL,NULL,'2022-09-30 14:21:17','2022-09-30 14:21:17'),(272,9,120,'arsyad',NULL,NULL,NULL,'2022-09-30 14:21:17','2022-09-30 14:21:17'),(273,9,123,'10000000',NULL,NULL,NULL,'2022-09-30 14:21:17','2022-09-30 14:21:17'),(274,9,124,'5000000',NULL,NULL,NULL,'2022-09-30 14:21:17','2022-09-30 14:21:17'),(275,9,126,'jam',NULL,NULL,NULL,'2022-09-30 14:21:17','2022-09-30 14:21:17'),(276,9,129,'5000000',NULL,NULL,NULL,'2022-09-30 14:21:17','2022-09-30 14:21:17'),(277,9,130,'1',NULL,NULL,NULL,'2022-09-30 14:21:17','2022-09-30 14:21:17'),(278,9,131,'100',NULL,NULL,NULL,'2022-09-30 14:21:17','2022-09-30 14:21:17'),(279,9,25,'dwad',NULL,NULL,NULL,'2022-09-30 14:21:17','2022-09-30 14:21:17'),(280,9,31,'dwa',NULL,NULL,NULL,'2022-09-30 14:21:17','2022-09-30 14:21:17'),(281,9,39,'dwa',NULL,NULL,NULL,'2022-09-30 14:21:17','2022-09-30 14:21:17'),(282,9,42,'dwad',NULL,NULL,NULL,'2022-09-30 14:21:17','2022-09-30 14:21:17'),(283,9,44,'dwa',NULL,NULL,NULL,'2022-09-30 14:21:17','2022-09-30 14:21:17'),(284,9,47,'dwad',NULL,NULL,NULL,'2022-09-30 14:21:17','2022-09-30 14:21:17'),(285,9,49,'wda',NULL,NULL,NULL,'2022-09-30 14:21:17','2022-09-30 14:21:17'),(286,9,54,'dwad',NULL,NULL,NULL,'2022-09-30 14:21:17','2022-09-30 14:21:17'),(287,9,23,'dwad',NULL,NULL,NULL,'2022-09-30 14:21:17','2022-09-30 14:21:17'),(288,9,89,'10000000',NULL,NULL,NULL,'2022-09-30 14:21:17','2022-09-30 14:21:17'),(289,9,90,'20',NULL,NULL,NULL,'2022-09-30 14:21:17','2022-09-30 14:21:17'),(290,9,91,'dwa',NULL,NULL,NULL,'2022-09-30 14:21:17','2022-09-30 14:21:17'),(291,9,92,'dwad',NULL,NULL,NULL,'2022-09-30 14:21:17','2022-09-30 14:21:17'),(292,9,136,'10000000',NULL,NULL,NULL,'2022-09-30 14:21:17','2022-09-30 14:21:17'),(293,9,138,'20',NULL,NULL,NULL,'2022-09-30 14:21:17','2022-09-30 14:21:17'),(294,9,140,'900000',NULL,NULL,NULL,'2022-09-30 14:21:17','2022-09-30 14:21:17'),(295,9,143,'0.2222222222222222',NULL,NULL,NULL,'2022-09-30 14:21:17','2022-09-30 14:21:17'),(296,9,145,'01664547677.png',NULL,NULL,NULL,'2022-09-30 14:21:17','2022-09-30 14:21:17'),(297,9,146,'11664547677.pdf',NULL,NULL,NULL,'2022-09-30 14:21:17','2022-09-30 14:21:17'),(298,9,148,'21664547677.png',NULL,NULL,NULL,'2022-09-30 14:21:17','2022-09-30 14:21:17'),(299,9,135,'31664547677.png',NULL,NULL,NULL,'2022-09-30 14:21:17','2022-09-30 14:21:17'),(300,9,137,'41664547677.png',NULL,NULL,NULL,'2022-09-30 14:21:17','2022-09-30 14:21:17'),(301,9,139,'51664547677.png',NULL,NULL,NULL,'2022-09-30 14:21:17','2022-09-30 14:21:17'),(302,10,73,'10000000',NULL,NULL,NULL,'2022-10-05 06:15:26','2022-10-05 06:15:26'),(303,10,74,'10000000',NULL,NULL,NULL,'2022-10-05 06:15:26','2022-10-05 06:15:26'),(304,10,75,'wdadw',NULL,NULL,NULL,'2022-10-05 06:15:26','2022-10-05 06:15:26'),(305,10,77,'231',NULL,NULL,NULL,'2022-10-05 06:15:26','2022-10-05 06:15:26'),(306,10,79,'21',NULL,NULL,NULL,'2022-10-05 06:15:26','2022-10-05 06:15:26'),(307,10,101,'10',NULL,NULL,NULL,'2022-10-05 06:15:26','2022-10-05 06:15:26'),(308,10,115,'21312',NULL,NULL,NULL,'2022-10-05 06:15:26','2022-10-05 06:15:26'),(309,10,120,'dwadwa',NULL,NULL,NULL,'2022-10-05 06:15:26','2022-10-05 06:15:26'),(310,10,123,'10000000',NULL,NULL,NULL,'2022-10-05 06:15:26','2022-10-05 06:15:26'),(311,10,124,'5000000',NULL,NULL,NULL,'2022-10-05 06:15:26','2022-10-05 06:15:26'),(312,10,126,'dwadw',NULL,NULL,NULL,'2022-10-05 06:15:26','2022-10-05 06:15:26'),(313,10,129,'5000000',NULL,NULL,NULL,'2022-10-05 06:15:26','2022-10-05 06:15:26'),(314,10,130,'10',NULL,NULL,NULL,'2022-10-05 06:15:26','2022-10-05 06:15:26'),(315,10,131,'100',NULL,NULL,NULL,'2022-10-05 06:15:26','2022-10-05 06:15:26'),(316,10,25,'dwadw',NULL,NULL,NULL,'2022-10-05 06:15:26','2022-10-05 06:15:26'),(317,10,31,'dwawd',NULL,NULL,NULL,'2022-10-05 06:15:26','2022-10-05 06:15:26'),(318,10,39,'dwadwa',NULL,NULL,NULL,'2022-10-05 06:15:26','2022-10-05 06:15:26'),(319,10,42,'dwad',NULL,NULL,NULL,'2022-10-05 06:15:26','2022-10-05 06:15:26'),(320,10,44,'21',NULL,NULL,NULL,'2022-10-05 06:15:26','2022-10-05 06:15:26'),(321,10,47,'dwaaw',NULL,NULL,NULL,'2022-10-05 06:15:26','2022-10-05 06:15:26'),(322,10,49,'dwawad',NULL,NULL,NULL,'2022-10-05 06:15:26','2022-10-05 06:15:26'),(323,10,54,'dwadw',NULL,NULL,NULL,'2022-10-05 06:15:26','2022-10-05 06:15:26'),(324,10,23,'dwadaw',NULL,NULL,NULL,'2022-10-05 06:15:26','2022-10-05 06:15:26'),(325,10,89,'10000000',NULL,NULL,NULL,'2022-10-05 06:15:26','2022-10-05 06:15:26'),(326,10,90,'10',NULL,NULL,NULL,'2022-10-05 06:15:26','2022-10-05 06:15:26'),(327,10,91,'dwa',NULL,NULL,NULL,'2022-10-05 06:15:26','2022-10-05 06:15:26'),(328,10,92,'dwa',NULL,NULL,NULL,'2022-10-05 06:15:26','2022-10-05 06:15:26'),(329,10,136,'10000000',NULL,NULL,NULL,'2022-10-05 06:15:26','2022-10-05 06:15:26'),(330,10,138,'10',NULL,NULL,NULL,'2022-10-05 06:15:26','2022-10-05 06:15:26'),(331,10,140,'850000',NULL,NULL,NULL,'2022-10-05 06:15:26','2022-10-05 06:15:26'),(332,10,143,'12941176470588236',NULL,NULL,NULL,'2022-10-05 06:15:26','2022-10-05 06:15:26'),(333,10,145,'01664950526.pdf',NULL,NULL,NULL,'2022-10-05 06:15:26','2022-10-05 06:15:26'),(334,10,146,'11664950526.pdf',NULL,NULL,NULL,'2022-10-05 06:15:26','2022-10-05 06:15:26'),(335,10,148,'21664950526.pdf',NULL,NULL,NULL,'2022-10-05 06:15:26','2022-10-05 06:15:26'),(336,10,135,'31664950526.pdf',NULL,NULL,NULL,'2022-10-05 06:15:26','2022-10-05 06:15:26'),(337,10,137,'41664950526.pdf',NULL,NULL,NULL,'2022-10-05 06:15:26','2022-10-05 06:15:26'),(338,10,139,'51664950526.pdf',NULL,NULL,NULL,'2022-10-05 06:15:26','2022-10-05 06:15:26'),(339,11,73,'/tmp/phpbvw3js',NULL,NULL,NULL,'2022-10-05 10:50:29','2022-10-05 10:50:29'),(340,11,74,'10000000',NULL,NULL,NULL,'2022-10-05 10:50:29','2022-10-05 10:50:29'),(341,11,75,'1',NULL,NULL,NULL,'2022-10-05 10:50:29','2022-10-05 10:50:29'),(342,11,77,'wd',NULL,NULL,NULL,'2022-10-05 10:50:29','2022-10-05 10:50:29'),(343,11,79,'wd',NULL,NULL,NULL,'2022-10-05 10:50:29','2022-10-05 10:50:29'),(344,11,101,'wd',NULL,NULL,NULL,'2022-10-05 10:50:29','2022-10-05 10:50:29'),(345,11,118,'wd',NULL,NULL,NULL,'2022-10-05 10:50:29','2022-10-05 10:50:29'),(346,11,120,'dwa',NULL,NULL,NULL,'2022-10-05 10:50:29','2022-10-05 10:50:29'),(347,11,123,'',NULL,NULL,NULL,'2022-10-05 10:50:29','2022-10-05 10:50:29'),(348,11,124,'10000000',NULL,NULL,NULL,'2022-10-05 10:50:29','2022-10-05 10:50:29'),(349,11,126,'1000000',NULL,NULL,NULL,'2022-10-05 10:50:29','2022-10-05 10:50:29'),(350,11,129,'',NULL,NULL,NULL,'2022-10-05 10:50:29','2022-10-05 10:50:29'),(351,11,130,'1',NULL,NULL,NULL,'2022-10-05 10:50:29','2022-10-05 10:50:29'),(352,11,131,'',NULL,NULL,NULL,'2022-10-05 10:50:29','2022-10-05 10:50:29'),(353,11,25,'',NULL,NULL,NULL,'2022-10-05 10:50:29','2022-10-05 10:50:29'),(354,11,31,'1',NULL,NULL,NULL,'2022-10-05 10:50:29','2022-10-05 10:50:29'),(355,11,39,'200',NULL,NULL,NULL,'2022-10-05 10:50:29','2022-10-05 10:50:29'),(356,11,42,'wdad',NULL,NULL,NULL,'2022-10-05 10:50:29','2022-10-05 10:50:29'),(357,11,44,'dwad',NULL,NULL,NULL,'2022-10-05 10:50:29','2022-10-05 10:50:29'),(358,11,47,'dwad',NULL,NULL,NULL,'2022-10-05 10:50:29','2022-10-05 10:50:29'),(359,11,49,'dwa',NULL,NULL,NULL,'2022-10-05 10:50:29','2022-10-05 10:50:29'),(360,11,54,'1',NULL,NULL,NULL,'2022-10-05 10:50:29','2022-10-05 10:50:29'),(361,11,23,'dwa',NULL,NULL,NULL,'2022-10-05 10:50:29','2022-10-05 10:50:29'),(362,11,89,'',NULL,NULL,NULL,'2022-10-05 10:50:29','2022-10-05 10:50:29'),(363,11,90,'10000000',NULL,NULL,NULL,'2022-10-05 10:50:29','2022-10-05 10:50:29'),(364,11,91,'10',NULL,NULL,NULL,'2022-10-05 10:50:29','2022-10-05 10:50:29'),(365,11,92,'awda',NULL,NULL,NULL,'2022-10-05 10:50:29','2022-10-05 10:50:29'),(366,11,136,'202210111728232',NULL,NULL,NULL,'2022-10-05 10:50:29','2022-10-05 10:50:29'),(367,11,138,'',NULL,NULL,NULL,'2022-10-05 10:50:29','2022-10-05 10:50:29'),(368,11,140,'202210111728232',NULL,NULL,NULL,'2022-10-05 10:50:29','2022-10-05 10:50:29'),(369,11,143,'900000',NULL,NULL,NULL,'2022-10-05 10:50:29','2022-10-05 10:50:29'),(370,11,145,'1451673873533.pdf',NULL,NULL,NULL,'2022-10-05 10:50:29','2022-10-05 10:50:29'),(371,11,146,'11664967029.pdf',NULL,NULL,NULL,'2022-10-05 10:50:29','2022-10-05 10:50:29'),(372,11,148,'1481673873533.',NULL,NULL,NULL,'2022-10-05 10:50:29','2022-10-05 10:50:29'),(373,11,135,'1351673873533.',NULL,NULL,NULL,'2022-10-05 10:50:29','2022-10-05 10:50:29'),(374,11,137,'1371673873533.',NULL,NULL,NULL,'2022-10-05 10:50:29','2022-10-05 10:50:29'),(375,11,139,'10',NULL,NULL,NULL,'2022-10-05 10:50:29','2022-10-05 10:50:29'),(376,12,73,'100000000',NULL,NULL,NULL,'2022-10-11 15:04:03','2022-10-11 15:04:03'),(377,12,74,'0',NULL,NULL,NULL,'2022-10-11 15:04:03','2022-10-11 15:04:03'),(378,12,75,'1',NULL,NULL,NULL,'2022-10-11 15:04:03','2022-10-11 15:04:03'),(379,12,77,'e132',NULL,NULL,NULL,'2022-10-11 15:04:03','2022-10-11 15:04:03'),(380,12,79,'231',NULL,NULL,NULL,'2022-10-11 15:04:03','2022-10-11 15:04:03'),(381,12,101,'dwadwad',NULL,NULL,NULL,'2022-10-11 15:04:03','2022-10-11 15:04:03'),(382,12,118,'Q-04261013',NULL,NULL,NULL,'2022-10-11 15:04:03','2022-10-11 15:04:03'),(383,12,120,'Ananda Dian P L',NULL,NULL,NULL,'2022-10-11 15:04:03','2022-10-11 15:04:03'),(384,12,123,'11500000',NULL,NULL,NULL,'2022-10-11 15:04:03','2022-10-11 15:04:03'),(385,12,124,'5750000',NULL,NULL,NULL,'2022-10-11 15:04:03','2022-10-11 15:04:03'),(386,12,126,'Jamkrida',NULL,NULL,NULL,'2022-10-11 15:04:03','2022-10-11 15:04:03'),(387,12,129,'3750000',NULL,NULL,NULL,'2022-10-11 15:04:03','2022-10-11 15:04:03'),(388,12,130,'1',NULL,NULL,NULL,'2022-10-11 15:04:03','2022-10-11 15:04:03'),(389,12,131,'95',NULL,NULL,NULL,'2022-10-11 15:04:03','2022-10-11 15:04:03'),(390,12,25,'dwda',NULL,NULL,NULL,'2022-10-11 15:04:03','2022-10-11 15:04:03'),(391,12,31,'dwad',NULL,NULL,NULL,'2022-10-11 15:04:03','2022-10-11 15:04:03'),(392,12,39,'dwad',NULL,NULL,NULL,'2022-10-11 15:04:03','2022-10-11 15:04:03'),(393,12,42,'eaea',NULL,NULL,NULL,'2022-10-11 15:04:03','2022-10-11 15:04:03'),(394,12,44,'dwadw',NULL,NULL,NULL,'2022-10-11 15:04:03','2022-10-11 15:04:03'),(395,12,47,'wad',NULL,NULL,NULL,'2022-10-11 15:04:03','2022-10-11 15:04:03'),(396,12,49,'wad',NULL,NULL,NULL,'2022-10-11 15:04:03','2022-10-11 15:04:03'),(397,12,54,'dwad',NULL,NULL,NULL,'2022-10-11 15:04:03','2022-10-11 15:04:03'),(398,12,23,'ead',NULL,NULL,NULL,'2022-10-11 15:04:03','2022-10-11 15:04:03'),(399,12,89,'4550000',NULL,NULL,NULL,'2022-10-11 15:04:03','2022-10-11 15:04:03'),(400,12,90,'5',NULL,NULL,NULL,'2022-10-11 15:04:03','2022-10-11 15:04:03'),(401,12,91,'dawd',NULL,NULL,NULL,'2022-10-11 15:04:03','2022-10-11 15:04:03'),(402,12,92,'dwad',NULL,NULL,NULL,'2022-10-11 15:04:03','2022-10-11 15:04:03'),(403,12,136,'10000000',NULL,NULL,NULL,'2022-10-11 15:04:03','2022-10-11 15:04:03'),(404,12,138,'10',NULL,NULL,NULL,'2022-10-11 15:04:03','2022-10-11 15:04:03'),(405,12,140,'858400',NULL,NULL,NULL,'2022-10-11 15:04:03','2022-10-11 15:04:03'),(406,12,143,'0.04637989282385834',NULL,NULL,NULL,'2022-10-11 15:04:03','2022-10-11 15:04:03'),(407,12,145,'01665500643.jpeg',NULL,NULL,NULL,'2022-10-11 15:04:03','2022-10-11 15:04:03'),(408,12,146,'11665500643.jpeg',NULL,NULL,NULL,'2022-10-11 15:04:03','2022-10-11 15:04:03'),(409,12,148,NULL,NULL,NULL,NULL,'2022-10-11 15:04:03','2022-10-11 15:04:03'),(410,12,135,NULL,NULL,NULL,NULL,'2022-10-11 15:04:03','2022-10-11 15:04:03'),(411,12,137,NULL,NULL,NULL,NULL,'2022-10-11 15:04:03','2022-10-11 15:04:03'),(412,12,139,NULL,NULL,NULL,NULL,'2022-10-11 15:04:03','2022-10-11 15:04:03'),(564,20,73,'10000000',NULL,NULL,NULL,'2022-11-15 06:48:08','2022-11-15 06:48:08'),(565,20,74,'10000000',NULL,NULL,NULL,'2022-11-15 06:48:08','2022-11-15 06:48:08'),(566,20,75,'1',NULL,NULL,NULL,'2022-11-15 06:48:08','2022-11-15 06:48:08'),(567,20,77,'dwad',NULL,NULL,NULL,'2022-11-15 06:48:08','2022-11-15 06:48:08'),(568,20,79,'wad',NULL,NULL,NULL,'2022-11-15 06:48:08','2022-11-15 06:48:08'),(569,20,115,'dwada',NULL,NULL,NULL,'2022-11-15 06:48:08','2022-11-15 06:48:08'),(570,20,120,'dwadwaw',NULL,NULL,NULL,'2022-11-15 06:48:08','2022-11-15 06:48:08'),(571,20,123,'10000000',NULL,NULL,NULL,'2022-11-15 06:48:08','2022-11-15 06:48:08'),(572,20,124,'10000000',NULL,NULL,NULL,'2022-11-15 06:48:08','2022-11-15 06:48:08'),(573,20,126,'dwawd',NULL,NULL,NULL,'2022-11-15 06:48:08','2022-11-15 06:48:08'),(574,20,129,'7500000',NULL,NULL,NULL,'2022-11-15 06:48:08','2022-11-15 06:48:08'),(575,20,130,'1',NULL,NULL,NULL,'2022-11-15 06:48:08','2022-11-15 06:48:08'),(576,20,131,'175',NULL,NULL,NULL,'2022-11-15 06:48:08','2022-11-15 06:48:08'),(577,20,25,'wdaw',NULL,NULL,NULL,'2022-11-15 06:48:08','2022-11-15 06:48:08'),(578,20,31,'dwada',NULL,NULL,NULL,'2022-11-15 06:48:08','2022-11-15 06:48:08'),(579,20,39,'dwdwa',NULL,NULL,NULL,'2022-11-15 06:48:08','2022-11-15 06:48:08'),(580,20,42,'dwda',NULL,NULL,NULL,'2022-11-15 06:48:08','2022-11-15 06:48:08'),(581,20,44,'dwa',NULL,NULL,NULL,'2022-11-15 06:48:08','2022-11-15 06:48:08'),(582,20,47,'dwa',NULL,NULL,NULL,'2022-11-15 06:48:08','2022-11-15 06:48:08'),(583,20,49,'dwa',NULL,NULL,NULL,'2022-11-15 06:48:08','2022-11-15 06:48:08'),(584,20,54,'dwad',NULL,NULL,NULL,'2022-11-15 06:48:08','2022-11-15 06:48:08'),(585,20,23,'wdaw',NULL,NULL,NULL,'2022-11-15 06:48:08','2022-11-15 06:48:08'),(586,20,89,'100000000',NULL,NULL,NULL,'2022-11-15 06:48:08','2022-11-15 06:48:08'),(587,20,90,'10',NULL,NULL,NULL,'2022-11-15 06:48:08','2022-11-15 06:48:08'),(588,20,91,'dwda',NULL,NULL,NULL,'2022-11-15 06:48:08','2022-11-15 06:48:08'),(589,20,92,'dwa',NULL,NULL,NULL,'2022-11-15 06:48:08','2022-11-15 06:48:08'),(590,20,136,'50000000',NULL,NULL,NULL,'2022-11-15 06:48:08','2022-11-15 06:48:08'),(591,20,138,'100',NULL,NULL,NULL,'2022-11-15 06:48:08','2022-11-15 06:48:08'),(592,20,140,'900000',NULL,NULL,NULL,'2022-11-15 06:48:08','2022-11-15 06:48:08'),(593,20,143,'122.22',NULL,NULL,NULL,'2022-11-15 06:48:08','2022-11-15 06:48:08'),(594,20,145,'01668494888.jpg',NULL,NULL,NULL,'2022-11-15 06:48:08','2022-11-15 06:48:08'),(595,20,146,'11668494888.jpg',NULL,NULL,NULL,'2022-11-15 06:48:08','2022-11-15 06:48:08'),(596,20,148,'21668494888.jpg',NULL,NULL,NULL,'2022-11-15 06:48:08','2022-11-15 06:48:08'),(597,20,135,'31668494888.jpg',NULL,NULL,NULL,'2022-11-15 06:48:08','2022-11-15 06:48:08'),(598,20,137,'41668494888.jpg',NULL,NULL,NULL,'2022-11-15 06:48:08','2022-11-15 06:48:08'),(599,20,139,'51668494888.jpg',NULL,NULL,NULL,'2022-11-15 06:48:08','2022-11-15 06:48:08'),(600,21,73,'5000000',NULL,NULL,NULL,'2022-11-17 03:21:24','2022-11-17 03:21:24'),(601,21,74,'5000000',NULL,NULL,NULL,'2022-11-17 03:21:24','2022-11-17 03:21:24'),(602,21,75,'3',NULL,NULL,NULL,'2022-11-17 03:21:24','2022-11-17 03:21:24'),(603,21,77,'nib',NULL,NULL,NULL,'2022-11-17 03:21:24','2022-11-17 03:21:24'),(604,21,79,'npwp',NULL,NULL,NULL,'2022-11-17 03:21:24','2022-11-17 03:21:24'),(605,21,118,'bpkb',NULL,NULL,NULL,'2022-11-17 03:21:24','2022-11-17 03:21:24'),(606,21,120,'an',NULL,NULL,NULL,'2022-11-17 03:21:24','2022-11-17 03:21:24'),(607,21,123,'5000000',NULL,NULL,NULL,'2022-11-17 03:21:24','2022-11-17 03:21:24'),(608,21,124,'5000000',NULL,NULL,NULL,'2022-11-17 03:21:24','2022-11-17 03:21:24'),(609,21,126,'asd',NULL,NULL,NULL,'2022-11-17 03:21:24','2022-11-17 03:21:24'),(610,21,129,'5000000',NULL,NULL,NULL,'2022-11-17 03:21:24','2022-11-17 03:21:24'),(611,21,130,'2',NULL,NULL,NULL,'2022-11-17 03:21:24','2022-11-17 03:21:24'),(612,21,131,'20',NULL,NULL,NULL,'2022-11-17 03:21:24','2022-11-17 03:21:24'),(613,21,25,'Lorem ipsum dolor sit amet, consectetur adipiscing elit, sed do eiusmod tempor incididunt ut labore et dolore magna aliqua',NULL,NULL,NULL,'2022-11-17 03:21:24','2022-11-17 03:21:24'),(614,21,31,'Lorem ipsum dolor sit amet, consectetur adipiscing elit, sed do eiusmod tempor incididunt ut labore et dolore magna aliqua',NULL,NULL,NULL,'2022-11-17 03:21:24','2022-11-17 03:21:24'),(615,21,39,'Lorem ipsum dolor sit amet, consectetur adipiscing elit, sed do eiusmod tempor incididunt ut labore et dolore magna aliqua',NULL,NULL,NULL,'2022-11-17 03:21:24','2022-11-17 03:21:24'),(616,21,42,'Lorem ipsum dolor sit amet, consectetur adipiscing elit, sed do eiusmod tempor incididunt ut labore et dolore magna aliqua',NULL,NULL,NULL,'2022-11-17 03:21:24','2022-11-17 03:21:24'),(617,21,44,'2',NULL,NULL,NULL,'2022-11-17 03:21:24','2022-11-17 03:21:24'),(618,21,47,'Lorem ipsum dolor sit amet, consectetur adipiscing elit, sed do eiusmod tempor incididunt ut labore et dolore magna aliqua',NULL,NULL,NULL,'2022-11-17 03:21:24','2022-11-17 03:21:24'),(619,21,49,'Lorem ipsum dolor sit amet, consectetur adipiscing elit, sed do eiusmod tempor incididunt ut labore et dolore magna aliqua',NULL,NULL,NULL,'2022-11-17 03:21:24','2022-11-17 03:21:24'),(620,21,54,'Lorem ipsum dolor sit amet, consectetur adipiscing elit, sed do eiusmod tempor incididunt ut labore et dolore magna aliqua',NULL,NULL,NULL,'2022-11-17 03:21:24','2022-11-17 03:21:24'),(621,21,23,'Lorem ipsum dolor sit amet, consectetur adipiscing elit, sed do eiusmod tempor incididunt ut labore et dolore magna aliqua',NULL,NULL,NULL,'2022-11-17 03:21:24','2022-11-17 03:21:24'),(622,21,89,'5000000',NULL,NULL,NULL,'2022-11-17 03:21:24','2022-11-17 03:21:24'),(623,21,90,'24',NULL,NULL,NULL,'2022-11-17 03:21:24','2022-11-17 03:21:24'),(624,21,91,'Lorem ipsum dolor sit amet, consectetur adipiscing elit, sed do eiusmod tempor incididunt ut labore et dolore magna aliqua',NULL,NULL,NULL,'2022-11-17 03:21:24','2022-11-17 03:21:24'),(625,21,92,'Lorem ipsum dolor sit amet, consectetur adipiscing elit, sed do eiusmod tempor incididunt ut labore et dolore magna aliqua',NULL,NULL,NULL,'2022-11-17 03:21:24','2022-11-17 03:21:24'),(626,21,136,'5000000',NULL,NULL,NULL,'2022-11-17 03:21:24','2022-11-17 03:21:24'),(627,21,138,'35',NULL,NULL,NULL,'2022-11-17 03:21:24','2022-11-17 03:21:24'),(628,21,140,'5000000',NULL,NULL,NULL,'2022-11-17 03:21:24','2022-11-17 03:21:24'),(629,21,143,'043',NULL,NULL,NULL,'2022-11-17 03:21:24','2022-11-17 03:21:24'),(630,21,145,'1451668687238.png',NULL,NULL,NULL,'2022-11-17 03:21:24','2022-11-17 03:21:24'),(631,21,146,'11668655284.png',NULL,NULL,NULL,'2022-11-17 03:21:24','2022-11-17 03:21:24'),(632,21,148,'1481668687238.jpg',NULL,NULL,NULL,'2022-11-17 03:21:24','2022-11-17 03:21:24'),(633,21,135,'1351668687238.png',NULL,NULL,NULL,'2022-11-17 03:21:24','2022-11-17 03:21:24'),(634,21,137,'1371668687238.png',NULL,NULL,NULL,'2022-11-17 03:21:24','2022-11-17 03:21:24'),(635,21,139,'1391668687238.png',NULL,NULL,NULL,'2022-11-17 03:21:24','2022-11-17 03:21:24'),(636,22,73,'100000',NULL,NULL,NULL,'2023-01-14 15:03:12','2023-01-14 15:03:12'),(637,22,74,'100000',NULL,NULL,NULL,'2023-01-14 15:03:12','2023-01-14 15:03:12'),(638,22,75,'100',NULL,NULL,NULL,'2023-01-14 15:03:12','2023-01-14 15:03:12'),(639,22,77,'Gatau',NULL,NULL,NULL,'2023-01-14 15:03:12','2023-01-14 15:03:12'),(640,22,79,'Gatau',NULL,NULL,NULL,'2023-01-14 15:03:12','2023-01-14 15:03:12'),(641,22,115,'Gatau',NULL,NULL,NULL,'2023-01-14 15:03:12','2023-01-14 15:03:12'),(642,22,116,'Gatau',NULL,NULL,NULL,'2023-01-14 15:03:12','2023-01-14 15:03:12'),(643,22,119,'Gatau',NULL,NULL,NULL,'2023-01-14 15:03:12','2023-01-14 15:03:12'),(644,22,120,'Gatau',NULL,NULL,NULL,'2023-01-14 15:03:12','2023-01-14 15:03:12'),(645,22,123,'100000',NULL,NULL,NULL,'2023-01-14 15:03:12','2023-01-14 15:03:12'),(646,22,124,'100000',NULL,NULL,NULL,'2023-01-14 15:03:12','2023-01-14 15:03:12'),(647,22,126,'Gatau',NULL,NULL,NULL,'2023-01-14 15:03:12','2023-01-14 15:03:12'),(648,22,129,'100000',NULL,NULL,NULL,'2023-01-14 15:03:12','2023-01-14 15:03:12'),(649,22,130,'Gatau',NULL,NULL,NULL,'2023-01-14 15:03:12','2023-01-14 15:03:12'),(650,22,131,'02',NULL,NULL,NULL,'2023-01-14 15:03:12','2023-01-14 15:03:12'),(651,22,25,'Gatau',NULL,NULL,NULL,'2023-01-14 15:03:12','2023-01-14 15:03:12'),(652,22,31,'Gatau',NULL,NULL,NULL,'2023-01-14 15:03:12','2023-01-14 15:03:12'),(653,22,39,'Gatau',NULL,NULL,NULL,'2023-01-14 15:03:12','2023-01-14 15:03:12'),(654,22,42,'Gatau',NULL,NULL,NULL,'2023-01-14 15:03:12','2023-01-14 15:03:12'),(655,22,44,'Gatau',NULL,NULL,NULL,'2023-01-14 15:03:12','2023-01-14 15:03:12'),(656,22,47,'Gatau',NULL,NULL,NULL,'2023-01-14 15:03:12','2023-01-14 15:03:12'),(657,22,49,'Gatau',NULL,NULL,NULL,'2023-01-14 15:03:12','2023-01-14 15:03:12'),(658,22,54,'Gatau',NULL,NULL,NULL,'2023-01-14 15:03:12','2023-01-14 15:03:12'),(659,22,23,'Gatau',NULL,NULL,NULL,'2023-01-14 15:03:12','2023-01-14 15:03:12'),(660,22,89,'100000',NULL,NULL,NULL,'2023-01-14 15:03:12','2023-01-14 15:03:12'),(661,22,90,'100',NULL,NULL,NULL,'2023-01-14 15:03:12','2023-01-14 15:03:12'),(662,22,91,'Gatau',NULL,NULL,NULL,'2023-01-14 15:03:12','2023-01-14 15:03:12'),(663,22,92,'Gatau',NULL,NULL,NULL,'2023-01-14 15:03:12','2023-01-14 15:03:12'),(664,22,136,'100000',NULL,NULL,NULL,'2023-01-14 15:03:12','2023-01-14 15:03:12'),(665,22,138,'100',NULL,NULL,NULL,'2023-01-14 15:03:12','2023-01-14 15:03:12'),(666,22,140,'100',NULL,NULL,NULL,'2023-01-14 15:03:12','2023-01-14 15:03:12'),(667,22,143,'200000',NULL,NULL,NULL,'2023-01-14 15:03:12','2023-01-14 15:03:12'),(668,22,145,'1451673718502.jpg',NULL,NULL,NULL,'2023-01-14 15:03:12','2023-01-14 15:03:12'),(669,22,151,'11673708592.png',NULL,NULL,NULL,'2023-01-14 15:03:12','2023-01-14 15:03:12'),(670,22,152,'21673708592.jpg',NULL,NULL,NULL,'2023-01-14 15:03:12','2023-01-14 15:03:12'),(671,22,146,'31673708592.png',NULL,NULL,NULL,'2023-01-14 15:03:12','2023-01-14 15:03:12'),(672,22,153,'41673708592.png',NULL,NULL,NULL,'2023-01-14 15:03:12','2023-01-14 15:03:12'),(673,22,154,'51673708592.jpg',NULL,NULL,NULL,'2023-01-14 15:03:12','2023-01-14 15:03:12'),(674,22,148,'1481673718502.jpg',NULL,NULL,NULL,'2023-01-14 15:03:12','2023-01-14 15:03:12'),(675,22,135,'1351673718502.png',NULL,NULL,NULL,'2023-01-14 15:03:12','2023-01-14 15:03:12'),(676,22,137,'1371673718502.jpg',NULL,NULL,NULL,'2023-01-14 15:03:12','2023-01-14 15:03:12'),(677,22,139,'1391673718502.jpeg',NULL,NULL,NULL,'2023-01-14 15:03:12','2023-01-14 15:03:12'),(678,24,73,'100000',NULL,NULL,NULL,'2023-01-16 02:25:40','2023-01-16 02:25:40'),(679,24,74,'1000000',NULL,NULL,NULL,'2023-01-16 02:25:40','2023-01-16 02:25:40'),(680,24,75,'Gatau',NULL,NULL,NULL,'2023-01-16 02:25:40','2023-01-16 02:25:40'),(681,24,123,'10000',NULL,NULL,NULL,'2023-01-16 02:25:40','2023-01-16 02:25:40'),(682,24,124,'10000',NULL,NULL,NULL,'2023-01-16 02:25:40','2023-01-16 02:25:40'),(683,24,126,'gatau',NULL,NULL,NULL,'2023-01-16 02:25:40','2023-01-16 02:25:40'),(684,24,129,'10000',NULL,NULL,NULL,'2023-01-16 02:25:40','2023-01-16 02:25:40'),(685,24,130,'Gatau',NULL,NULL,NULL,'2023-01-16 02:25:40','2023-01-16 02:25:40'),(686,24,131,'2',NULL,NULL,NULL,'2023-01-16 02:25:40','2023-01-16 02:25:40'),(687,24,25,'100000',NULL,NULL,NULL,'2023-01-16 02:25:40','2023-01-16 02:25:40'),(688,24,31,'Gatau',NULL,NULL,NULL,'2023-01-16 02:25:40','2023-01-16 02:25:40'),(689,24,39,'100000',NULL,NULL,NULL,'2023-01-16 02:25:40','2023-01-16 02:25:40'),(690,24,42,'Gatau',NULL,NULL,NULL,'2023-01-16 02:25:40','2023-01-16 02:25:40'),(691,24,44,'Gatau',NULL,NULL,NULL,'2023-01-16 02:25:40','2023-01-16 02:25:40'),(692,24,47,'Gatau',NULL,NULL,NULL,'2023-01-16 02:25:40','2023-01-16 02:25:40'),(693,24,49,'Gatau',NULL,NULL,NULL,'2023-01-16 02:25:40','2023-01-16 02:25:40'),(694,24,54,'Gatau',NULL,NULL,NULL,'2023-01-16 02:25:40','2023-01-16 02:25:40'),(695,24,23,'Gatau',NULL,NULL,NULL,'2023-01-16 02:25:40','2023-01-16 02:25:40'),(696,24,89,'Gatau',NULL,NULL,NULL,'2023-01-16 02:25:40','2023-01-16 02:25:40'),(697,24,90,'100',NULL,NULL,NULL,'2023-01-16 02:25:40','2023-01-16 02:25:40'),(698,24,91,'Gatau',NULL,NULL,NULL,'2023-01-16 02:25:40','2023-01-16 02:25:40'),(699,24,92,'Gatau',NULL,NULL,NULL,'2023-01-16 02:25:40','2023-01-16 02:25:40'),(700,24,136,'Gatau',NULL,NULL,NULL,'2023-01-16 02:25:40','2023-01-16 02:25:40'),(701,24,138,'100',NULL,NULL,NULL,'2023-01-16 02:25:41','2023-01-16 02:25:41'),(702,24,140,'Gatau',NULL,NULL,NULL,'2023-01-16 02:25:41','2023-01-16 02:25:41'),(703,24,143,NULL,NULL,NULL,NULL,'2023-01-16 02:25:41','2023-01-16 02:25:41'),(704,24,145,'01673835941.jpg',NULL,NULL,NULL,'2023-01-16 02:25:41','2023-01-16 02:25:41'),(705,24,151,'11673835941.png',NULL,NULL,NULL,'2023-01-16 02:25:41','2023-01-16 02:25:41'),(706,24,152,'21673835941.jpg',NULL,NULL,NULL,'2023-01-16 02:25:41','2023-01-16 02:25:41'),(707,24,146,'31673835941.png',NULL,NULL,NULL,'2023-01-16 02:25:41','2023-01-16 02:25:41'),(708,24,135,'41673835941.jpeg',NULL,NULL,NULL,'2023-01-16 02:25:41','2023-01-16 02:25:41'),(709,24,137,'51673835941.png',NULL,NULL,NULL,'2023-01-16 02:25:41','2023-01-16 02:25:41'),(710,24,139,'61673835941.jpg',NULL,NULL,NULL,'2023-01-16 02:25:41','2023-01-16 02:25:41'),(713,11,156,'1561673873533.pdf',NULL,NULL,NULL,NULL,NULL),(715,25,73,'/tmp/phpllBdN5',NULL,NULL,NULL,'2023-01-16 12:57:50','2023-01-16 12:57:50'),(716,25,74,'900000',NULL,NULL,NULL,'2023-01-16 12:57:50','2023-01-16 12:57:50'),(717,25,75,'2',NULL,NULL,NULL,'2023-01-16 12:57:50','2023-01-16 12:57:50'),(718,25,78,'2132141421',NULL,NULL,NULL,'2023-01-16 12:57:50','2023-01-16 12:57:50'),(719,25,79,'Occaecat quod et Nam',NULL,NULL,NULL,'2023-01-16 12:57:50','2023-01-16 12:57:50'),(720,25,118,'023813912412412',NULL,NULL,NULL,'2023-01-16 12:57:50','2023-01-16 12:57:50'),(721,25,120,'AShdsafsa',NULL,NULL,NULL,'2023-01-16 12:57:50','2023-01-16 12:57:50'),(722,25,123,'100000',NULL,NULL,NULL,'2023-01-16 12:57:50','2023-01-16 12:57:50'),(723,25,124,'100000',NULL,NULL,NULL,'2023-01-16 12:57:50','2023-01-16 12:57:50'),(724,25,126,'Doloremque praesenti',NULL,NULL,NULL,'2023-01-16 12:57:50','2023-01-16 12:57:50'),(725,25,129,'1000000',NULL,NULL,NULL,'2023-01-16 12:57:50','2023-01-16 12:57:50'),(726,25,130,'1',NULL,NULL,NULL,'2023-01-16 12:57:50','2023-01-16 12:57:50'),(727,25,131,'550',NULL,NULL,NULL,'2023-01-16 12:57:50','2023-01-16 12:57:50'),(728,25,25,'Rerum quis Nam offic',NULL,NULL,NULL,'2023-01-16 12:57:50','2023-01-16 12:57:50'),(729,25,31,'Nemo sint architecto',NULL,NULL,NULL,'2023-01-16 12:57:50','2023-01-16 12:57:50'),(730,25,39,'Aut voluptate libero',NULL,NULL,NULL,'2023-01-16 12:57:50','2023-01-16 12:57:50'),(731,25,42,'Ipsa dolorem velit',NULL,NULL,NULL,'2023-01-16 12:57:50','2023-01-16 12:57:50'),(732,25,44,'Quia id ex ut possi',NULL,NULL,NULL,'2023-01-16 12:57:50','2023-01-16 12:57:50'),(733,25,47,'Ut et corrupti numq',NULL,NULL,NULL,'2023-01-16 12:57:50','2023-01-16 12:57:50'),(734,25,49,'Quo quia sunt enim d',NULL,NULL,NULL,'2023-01-16 12:57:50','2023-01-16 12:57:50'),(735,25,54,'Temporibus maxime iu',NULL,NULL,NULL,'2023-01-16 12:57:50','2023-01-16 12:57:50'),(736,25,23,'Ut quia recusandae',NULL,NULL,NULL,'2023-01-16 12:57:50','2023-01-16 12:57:50'),(737,25,89,'',NULL,NULL,NULL,'2023-01-16 12:57:50','2023-01-16 12:57:50'),(738,25,90,'12',NULL,NULL,NULL,'2023-01-16 12:57:50','2023-01-16 12:57:50'),(739,25,91,'Rem Nam asperiores q',NULL,NULL,NULL,'2023-01-16 12:57:50','2023-01-16 12:57:50'),(740,25,92,'Voluptatem eveniet',NULL,NULL,NULL,'2023-01-16 12:57:50','2023-01-16 12:57:50'),(741,25,136,'200000',NULL,NULL,NULL,'2023-01-16 12:57:50','2023-01-16 12:57:50'),(742,25,138,'10',NULL,NULL,NULL,'2023-01-16 12:57:50','2023-01-16 12:57:50'),(743,25,140,'20000',NULL,NULL,NULL,'2023-01-16 12:57:50','2023-01-16 12:57:50'),(744,25,143,'NaN',NULL,NULL,NULL,'2023-01-16 12:57:50','2023-01-16 12:57:50'),(745,25,145,'1451673873978.png',NULL,NULL,NULL,'2023-01-16 12:57:50','2023-01-16 12:57:50'),(746,25,146,'11673873870.png',NULL,NULL,NULL,'2023-01-16 12:57:50','2023-01-16 12:57:50'),(747,25,156,'1561673873978.png',NULL,NULL,NULL,'2023-01-16 12:57:50','2023-01-16 12:57:50'),(748,25,148,'1481673873978.png',NULL,NULL,NULL,'2023-01-16 12:57:50','2023-01-16 12:57:50'),(749,25,135,'1351673873978.png',NULL,NULL,NULL,'2023-01-16 12:57:50','2023-01-16 12:57:50'),(750,25,137,'1371673873978.png',NULL,NULL,NULL,'2023-01-16 12:57:50','2023-01-16 12:57:50'),(751,25,139,'61673873870.png',NULL,NULL,NULL,'2023-01-16 12:57:50','2023-01-16 12:57:50'),(752,26,73,'1000000',NULL,NULL,NULL,'2023-01-19 04:01:29','2023-01-19 04:01:29'),(753,26,74,'100000000',NULL,NULL,NULL,'2023-01-19 04:01:29','2023-01-19 04:01:29'),(754,26,75,'1',NULL,NULL,NULL,'2023-01-19 04:01:29','2023-01-19 04:01:29'),(755,26,78,'SK-123',NULL,NULL,NULL,'2023-01-19 04:01:29','2023-01-19 04:01:29'),(756,26,79,'12345678910',NULL,NULL,NULL,'2023-01-19 04:01:29','2023-01-19 04:01:29'),(757,26,115,'SK-123',NULL,NULL,NULL,'2023-01-19 04:01:29','2023-01-19 04:01:29'),(758,26,116,'SK-123',NULL,NULL,NULL,'2023-01-19 04:01:29','2023-01-19 04:01:29'),(759,26,119,'SK-123',NULL,NULL,NULL,'2023-01-19 04:01:29','2023-01-19 04:01:29'),(760,26,120,'Gatau',NULL,NULL,NULL,'2023-01-19 04:01:29','2023-01-19 04:01:29'),(761,26,123,'1000000',NULL,NULL,NULL,'2023-01-19 04:01:29','2023-01-19 04:01:29'),(762,26,124,'1000000',NULL,NULL,NULL,'2023-01-19 04:01:29','2023-01-19 04:01:29'),(763,26,126,'Gatau',NULL,NULL,NULL,'2023-01-19 04:01:29','2023-01-19 04:01:29'),(764,26,129,'100000000',NULL,NULL,NULL,'2023-01-19 04:01:29','2023-01-19 04:01:29'),(765,26,130,'Gatau',NULL,NULL,NULL,'2023-01-19 04:01:29','2023-01-19 04:01:29'),(766,26,131,'101',NULL,NULL,NULL,'2023-01-19 04:01:29','2023-01-19 04:01:29'),(767,26,25,'Gatau',NULL,NULL,NULL,'2023-01-19 04:01:29','2023-01-19 04:01:29'),(768,26,31,'Gatau',NULL,NULL,NULL,'2023-01-19 04:01:29','2023-01-19 04:01:29'),(769,26,39,'Gatau',NULL,NULL,NULL,'2023-01-19 04:01:29','2023-01-19 04:01:29'),(770,26,42,'Gatau',NULL,NULL,NULL,'2023-01-19 04:01:29','2023-01-19 04:01:29'),(771,26,44,'Gatau',NULL,NULL,NULL,'2023-01-19 04:01:29','2023-01-19 04:01:29'),(772,26,47,'Gatau',NULL,NULL,NULL,'2023-01-19 04:01:29','2023-01-19 04:01:29'),(773,26,49,'Gatau',NULL,NULL,NULL,'2023-01-19 04:01:29','2023-01-19 04:01:29'),(774,26,54,'Gatau',NULL,NULL,NULL,'2023-01-19 04:01:29','2023-01-19 04:01:29'),(775,26,23,'Gatau',NULL,NULL,NULL,'2023-01-19 04:01:29','2023-01-19 04:01:29'),(776,26,89,'1000',NULL,NULL,NULL,'2023-01-19 04:01:29','2023-01-19 04:01:29'),(777,26,90,'100',NULL,NULL,NULL,'2023-01-19 04:01:29','2023-01-19 04:01:29'),(778,26,91,'Gatau',NULL,NULL,NULL,'2023-01-19 04:01:29','2023-01-19 04:01:29'),(779,26,92,'Gatau',NULL,NULL,NULL,'2023-01-19 04:01:29','2023-01-19 04:01:29'),(780,26,136,'10000000',NULL,NULL,NULL,'2023-01-19 04:01:29','2023-01-19 04:01:29'),(781,26,138,'100',NULL,NULL,NULL,'2023-01-19 04:01:29','2023-01-19 04:01:29'),(782,26,140,'1000000',NULL,NULL,NULL,'2023-01-19 04:01:29','2023-01-19 04:01:29'),(783,26,143,'0.00',NULL,NULL,NULL,'2023-01-19 04:01:29','2023-01-19 04:01:29'),(784,26,145,'01674100889.png',NULL,NULL,NULL,'2023-01-19 04:01:29','2023-01-19 04:01:29'),(785,26,151,'11674100889.jpeg',NULL,NULL,NULL,'2023-01-19 04:01:29','2023-01-19 04:01:29'),(786,26,152,'21674100889.jpeg',NULL,NULL,NULL,'2023-01-19 04:01:29','2023-01-19 04:01:29'),(787,26,146,'31674100889.png',NULL,NULL,NULL,'2023-01-19 04:01:29','2023-01-19 04:01:29'),(788,26,157,'41674100889.png',NULL,NULL,NULL,'2023-01-19 04:01:29','2023-01-19 04:01:29'),(789,26,154,'51674100889.png',NULL,NULL,NULL,'2023-01-19 04:01:29','2023-01-19 04:01:29'),(790,26,156,'61674100889.png',NULL,NULL,NULL,'2023-01-19 04:01:29','2023-01-19 04:01:29'),(791,26,148,'71674100889.png',NULL,NULL,NULL,'2023-01-19 04:01:29','2023-01-19 04:01:29'),(792,26,148,'81674100889.jpeg',NULL,NULL,NULL,'2023-01-19 04:01:29','2023-01-19 04:01:29'),(793,26,148,'91674100889.png',NULL,NULL,NULL,'2023-01-19 04:01:29','2023-01-19 04:01:29'),(794,26,135,'101674100889.png',NULL,NULL,NULL,'2023-01-19 04:01:29','2023-01-19 04:01:29'),(795,26,137,'111674100889.jpeg',NULL,NULL,NULL,'2023-01-19 04:01:29','2023-01-19 04:01:29'),(796,26,139,'121674100889.jpg',NULL,NULL,NULL,'2023-01-19 04:01:29','2023-01-19 04:01:29'),(802,27,73,'100000',NULL,NULL,NULL,'2023-01-20 06:22:08','2023-01-20 06:22:08'),(803,27,74,'100000',NULL,NULL,NULL,'2023-01-20 06:22:08','2023-01-20 06:22:08'),(804,27,75,'Gatau',NULL,NULL,NULL,'2023-01-20 06:22:08','2023-01-20 06:22:08'),(805,27,78,'SK123',NULL,NULL,NULL,'2023-01-20 06:22:08','2023-01-20 06:22:08'),(806,27,79,'12345',NULL,NULL,NULL,'2023-01-20 06:22:08','2023-01-20 06:22:08'),(807,27,118,'12345',NULL,NULL,NULL,'2023-01-20 06:22:08','2023-01-20 06:22:08'),(808,27,120,'Gatau',NULL,NULL,NULL,'2023-01-20 06:22:08','2023-01-20 06:22:08'),(809,27,123,'10000',NULL,NULL,NULL,'2023-01-20 06:22:08','2023-01-20 06:22:08'),(810,27,124,'10000',NULL,NULL,NULL,'2023-01-20 06:22:08','2023-01-20 06:22:08'),(811,27,126,'Gatau',NULL,NULL,NULL,'2023-01-20 06:22:08','2023-01-20 06:22:08'),(812,27,129,'10000',NULL,NULL,NULL,'2023-01-20 06:22:08','2023-01-20 06:22:08'),(813,27,130,'1',NULL,NULL,NULL,'2023-01-20 06:22:08','2023-01-20 06:22:08'),(814,27,131,'20',NULL,NULL,NULL,'2023-01-20 06:22:08','2023-01-20 06:22:08'),(815,27,25,'Gatau',NULL,NULL,NULL,'2023-01-20 06:22:08','2023-01-20 06:22:08'),(816,27,31,'Gatau',NULL,NULL,NULL,'2023-01-20 06:22:08','2023-01-20 06:22:08'),(817,27,39,'Gatau',NULL,NULL,NULL,'2023-01-20 06:22:08','2023-01-20 06:22:08'),(818,27,42,'Gatau',NULL,NULL,NULL,'2023-01-20 06:22:08','2023-01-20 06:22:08'),(819,27,44,'Gatau',NULL,NULL,NULL,'2023-01-20 06:22:08','2023-01-20 06:22:08'),(820,27,47,'Gatau',NULL,NULL,NULL,'2023-01-20 06:22:08','2023-01-20 06:22:08'),(821,27,49,'Gatau',NULL,NULL,NULL,'2023-01-20 06:22:08','2023-01-20 06:22:08'),(822,27,54,'Gatau',NULL,NULL,NULL,'2023-01-20 06:22:08','2023-01-20 06:22:08'),(823,27,23,'Gatau',NULL,NULL,NULL,'2023-01-20 06:22:08','2023-01-20 06:22:08'),(824,27,89,'1000',NULL,NULL,NULL,'2023-01-20 06:22:08','2023-01-20 06:22:08'),(825,27,90,'100',NULL,NULL,NULL,'2023-01-20 06:22:08','2023-01-20 06:22:08'),(826,27,91,'Gatau',NULL,NULL,NULL,'2023-01-20 06:22:08','2023-01-20 06:22:08'),(827,27,92,'Gatau',NULL,NULL,NULL,'2023-01-20 06:22:08','2023-01-20 06:22:08'),(828,27,136,'1000',NULL,NULL,NULL,'2023-01-20 06:22:08','2023-01-20 06:22:08'),(829,27,138,'100',NULL,NULL,NULL,'2023-01-20 06:22:08','2023-01-20 06:22:08'),(830,27,140,'1000',NULL,NULL,NULL,'2023-01-20 06:22:08','2023-01-20 06:22:08'),(831,27,143,'200',NULL,NULL,NULL,'2023-01-20 06:22:08','2023-01-20 06:22:08'),(832,27,145,'01674195728.png',NULL,NULL,NULL,'2023-01-20 06:22:08','2023-01-20 06:22:08'),(833,27,151,'11674195728.jpg',NULL,NULL,NULL,'2023-01-20 06:22:08','2023-01-20 06:22:08'),(834,27,152,'21674195728.jpg',NULL,NULL,NULL,'2023-01-20 06:22:08','2023-01-20 06:22:08'),(835,27,146,'31674195728.png',NULL,NULL,NULL,'2023-01-20 06:22:08','2023-01-20 06:22:08'),(836,27,157,'41674195728.png',NULL,NULL,NULL,'2023-01-20 06:22:08','2023-01-20 06:22:08'),(837,27,154,'51674195728.png',NULL,NULL,NULL,'2023-01-20 06:22:08','2023-01-20 06:22:08'),(838,27,156,'61674195728.jpg',NULL,NULL,NULL,'2023-01-20 06:22:08','2023-01-20 06:22:08'),(839,27,156,'71674195728.jpg',NULL,NULL,NULL,'2023-01-20 06:22:08','2023-01-20 06:22:08'),(840,27,148,'81674195728.png',NULL,NULL,NULL,'2023-01-20 06:22:08','2023-01-20 06:22:08'),(841,27,148,'91674195728.png',NULL,NULL,NULL,'2023-01-20 06:22:08','2023-01-20 06:22:08'),(842,27,135,'101674195728.png',NULL,NULL,NULL,'2023-01-20 06:22:08','2023-01-20 06:22:08'),(843,27,137,'111674195728.png',NULL,NULL,NULL,'2023-01-20 06:22:08','2023-01-20 06:22:08'),(844,27,139,'121674195728.png',NULL,NULL,NULL,'2023-01-20 06:22:08','2023-01-20 06:22:08'),(845,27,148,'61674196064.png',NULL,NULL,NULL,'2023-01-20 06:27:44','2023-01-20 06:27:44');
/*!40000 ALTER TABLE `jawaban_text` ENABLE KEYS */;
UNLOCK TABLES;
DROP TABLE IF EXISTS `kabupaten`;
/*!40101 SET @saved_cs_client     = @@character_set_client */;
/*!40101 SET character_set_client = utf8 */;
CREATE TABLE `kabupaten` (
  `id` bigint(20) unsigned NOT NULL AUTO_INCREMENT,
  `kabupaten` varchar(255) COLLATE utf8mb4_unicode_ci NOT NULL,
  `created_at` timestamp NULL DEFAULT NULL,
  `updated_at` timestamp NULL DEFAULT NULL,
  PRIMARY KEY (`id`)
) ENGINE=InnoDB AUTO_INCREMENT=3580 DEFAULT CHARSET=utf8mb4 COLLATE=utf8mb4_unicode_ci;
/*!40101 SET character_set_client = @saved_cs_client */;

LOCK TABLES `kabupaten` WRITE;
/*!40000 ALTER TABLE `kabupaten` DISABLE KEYS */;
INSERT INTO `kabupaten` VALUES (3501,'PACITAN',NULL,NULL),(3502,'PONOROGO',NULL,NULL),(3503,'TRENGGALEK',NULL,NULL),(3504,'TULUNGAGUNG',NULL,NULL),(3505,'BLITAR',NULL,NULL),(3506,'KEDIRI',NULL,NULL),(3507,'MALANG',NULL,NULL),(3508,'LUMAJANG',NULL,NULL),(3509,'JEMBER',NULL,NULL),(3510,'BANYUWANGI',NULL,NULL),(3511,'BONDOWOSO',NULL,NULL),(3512,'SITUBONDO',NULL,NULL),(3513,'PROBOLINGGO',NULL,NULL),(3514,'PASURUAN',NULL,NULL),(3515,'SIDOARJO',NULL,NULL),(3516,'MOJOKERTO',NULL,NULL),(3517,'JOMBANG',NULL,NULL),(3518,'NGANJUK',NULL,NULL),(3519,'MADIUN',NULL,NULL),(3520,'MAGETAN',NULL,NULL),(3521,'NGAWI',NULL,NULL),(3522,'BOJONEGORO',NULL,NULL),(3523,'TUBAN',NULL,NULL),(3524,'LAMONGAN',NULL,NULL),(3525,'GRESIK',NULL,NULL),(3526,'BANGKALAN',NULL,NULL),(3527,'SAMPANG',NULL,NULL),(3528,'PAMEKASAN',NULL,NULL),(3529,'SUMENEP',NULL,NULL),(3571,'KOTA KEDIRI',NULL,NULL),(3572,'KOTA BLITAR',NULL,NULL),(3573,'KOTA MALANG',NULL,NULL),(3574,'KOTA PROBOLINGGO',NULL,NULL),(3575,'KOTA PASURUAN',NULL,NULL),(3576,'KOTA MOJOKERTO',NULL,NULL),(3577,'KOTA MADIUN',NULL,NULL),(3578,'KOTA SURABAYA',NULL,NULL),(3579,'KOTA BATU',NULL,NULL);
/*!40000 ALTER TABLE `kabupaten` ENABLE KEYS */;
UNLOCK TABLES;
DROP TABLE IF EXISTS `kecamatan`;
/*!40101 SET @saved_cs_client     = @@character_set_client */;
/*!40101 SET character_set_client = utf8 */;
CREATE TABLE `kecamatan` (
  `id` bigint(20) unsigned NOT NULL AUTO_INCREMENT,
  `id_kabupaten` bigint(20) NOT NULL,
  `kecamatan` varchar(255) COLLATE utf8mb4_unicode_ci NOT NULL,
  `created_at` timestamp NULL DEFAULT NULL,
  `updated_at` timestamp NULL DEFAULT NULL,
  PRIMARY KEY (`id`)
) ENGINE=InnoDB AUTO_INCREMENT=357904 DEFAULT CHARSET=utf8mb4 COLLATE=utf8mb4_unicode_ci;
/*!40101 SET character_set_client = @saved_cs_client */;

LOCK TABLES `kecamatan` WRITE;
/*!40000 ALTER TABLE `kecamatan` DISABLE KEYS */;
INSERT INTO `kecamatan` VALUES (350101,3501,'DONOROJO',NULL,NULL),(350102,3501,'PRINGKUKU',NULL,NULL),(350103,3501,'PUNUNG',NULL,NULL),(350104,3501,'PACITAN',NULL,NULL),(350105,3501,'KEBONAGUNG',NULL,NULL),(350106,3501,'ARJOSARI',NULL,NULL),(350107,3501,'NAWANGAN',NULL,NULL),(350108,3501,'BANDAR',NULL,NULL),(350109,3501,'TEGALOMBO',NULL,NULL),(350110,3501,'TULAKAN',NULL,NULL),(350111,3501,'NGADIROJO',NULL,NULL),(350112,3501,'SUDIMORO',NULL,NULL),(350201,3502,'SLAHUNG',NULL,NULL),(350202,3502,'NGRAYUN',NULL,NULL),(350203,3502,'BUNGKAL',NULL,NULL),(350204,3502,'SAMBIT',NULL,NULL),(350205,3502,'SAWOO',NULL,NULL),(350206,3502,'SOOKO',NULL,NULL),(350207,3502,'PULUNG',NULL,NULL),(350208,3502,'MLARAK',NULL,NULL),(350209,3502,'JETIS',NULL,NULL),(350210,3502,'SIMAN',NULL,NULL),(350211,3502,'BALONG',NULL,NULL),(350212,3502,'KAUMAN',NULL,NULL),(350213,3502,'BADEGAN',NULL,NULL),(350214,3502,'SAMPUNG',NULL,NULL),(350215,3502,'SUKOREJO',NULL,NULL),(350216,3502,'BABADAN',NULL,NULL),(350217,3502,'PONOROGO',NULL,NULL),(350218,3502,'JENANGAN',NULL,NULL),(350219,3502,'NGEBEL',NULL,NULL),(350220,3502,'JAMBON',NULL,NULL),(350221,3502,'PUDAK',NULL,NULL),(350301,3503,'PANGGUL',NULL,NULL),(350302,3503,'MUNJUNGAN',NULL,NULL),(350303,3503,'PULE',NULL,NULL),(350304,3503,'DONGKO',NULL,NULL),(350305,3503,'TUGU',NULL,NULL),(350306,3503,'KARANGAN',NULL,NULL),(350307,3503,'KAMPAK',NULL,NULL),(350308,3503,'WATULIMO',NULL,NULL),(350309,3503,'BENDUNGAN',NULL,NULL),(350310,3503,'GANDUSARI',NULL,NULL),(350311,3503,'TRENGGALEK',NULL,NULL),(350312,3503,'POGALAN',NULL,NULL),(350313,3503,'DURENAN',NULL,NULL),(350314,3503,'SURUH',NULL,NULL),(350401,3504,'TULUNGAGUNG',NULL,NULL),(350402,3504,'BOYOLANGU',NULL,NULL),(350403,3504,'KEDUNGWARU',NULL,NULL),(350404,3504,'NGANTRU',NULL,NULL),(350405,3504,'KAUMAN',NULL,NULL),(350406,3504,'PAGERWOJO',NULL,NULL),(350407,3504,'SENDANG',NULL,NULL),(350408,3504,'KARANGREJO',NULL,NULL),(350409,3504,'GONDANG',NULL,NULL),(350410,3504,'SUMBERGEMPOL',NULL,NULL),(350411,3504,'NGUNUT',NULL,NULL),(350412,3504,'PUCANGLABAN',NULL,NULL),(350413,3504,'REJOTANGAN',NULL,NULL),(350414,3504,'KALIDAWIR',NULL,NULL),(350415,3504,'BESUKI',NULL,NULL),(350416,3504,'CAMPURDARAT',NULL,NULL),(350417,3504,'BANDUNG',NULL,NULL),(350418,3504,'PAKEL',NULL,NULL),(350419,3504,'TANGGUNGGUNUNG',NULL,NULL),(350501,3505,'WONODADI',NULL,NULL),(350502,3505,'UDANAWU',NULL,NULL),(350503,3505,'SRENGAT',NULL,NULL),(350504,3505,'KADEMANGAN',NULL,NULL),(350505,3505,'BAKUNG',NULL,NULL),(350506,3505,'PONGGOK',NULL,NULL),(350507,3505,'SANANKULON',NULL,NULL),(350508,3505,'WONOTIRTO',NULL,NULL),(350509,3505,'NGLEGOK',NULL,NULL),(350510,3505,'KANIGORO',NULL,NULL),(350511,3505,'GARUM',NULL,NULL),(350512,3505,'SUTOJAYAN',NULL,NULL),(350513,3505,'PANGGUNGREJO',NULL,NULL),(350514,3505,'TALUN',NULL,NULL),(350515,3505,'GANDUSARI',NULL,NULL),(350516,3505,'BINANGUN',NULL,NULL),(350517,3505,'WLINGI',NULL,NULL),(350518,3505,'DOKO',NULL,NULL),(350519,3505,'KESAMBEN',NULL,NULL),(350520,3505,'WATES',NULL,NULL),(350521,3505,'SELOREJO',NULL,NULL),(350522,3505,'SELOPURO',NULL,NULL),(350601,3506,'SEMEN',NULL,NULL),(350602,3506,'MOJO',NULL,NULL),(350603,3506,'KRAS',NULL,NULL),(350604,3506,'NGADILUWIH',NULL,NULL),(350605,3506,'KANDAT',NULL,NULL),(350606,3506,'WATES',NULL,NULL),(350607,3506,'NGANCAR',NULL,NULL),(350608,3506,'PUNCU',NULL,NULL),(350609,3506,'PLOSOKLATEN',NULL,NULL),(350610,3506,'GURAH',NULL,NULL),(350611,3506,'PAGU',NULL,NULL),(350612,3506,'GAMPENGREJO',NULL,NULL),(350613,3506,'GROGOL',NULL,NULL),(350614,3506,'PAPAR',NULL,NULL),(350615,3506,'PURWOASRI',NULL,NULL),(350616,3506,'PLEMAHAN',NULL,NULL),(350617,3506,'PARE',NULL,NULL),(350618,3506,'KEPUNG',NULL,NULL),(350619,3506,'KANDANGAN',NULL,NULL),(350620,3506,'TAROKAN',NULL,NULL),(350621,3506,'KUNJANG',NULL,NULL),(350622,3506,'BANYAKAN',NULL,NULL),(350623,3506,'RINGINREJO',NULL,NULL),(350624,3506,'KAYEN KIDUL',NULL,NULL),(350625,3506,'NGASEM',NULL,NULL),(350626,3506,'BADAS',NULL,NULL),(350701,3507,'DONOMULYO',NULL,NULL),(350702,3507,'PAGAK',NULL,NULL),(350703,3507,'BANTUR',NULL,NULL),(350704,3507,'SUMBERMANJING WETAN',NULL,NULL),(350705,3507,'DAMPIT',NULL,NULL),(350706,3507,'AMPELGADING',NULL,NULL),(350707,3507,'PONCOKUSUMO',NULL,NULL),(350708,3507,'WAJAK',NULL,NULL),(350709,3507,'TUREN',NULL,NULL),(350710,3507,'GONDANGLEGI',NULL,NULL),(350711,3507,'KALIPARE',NULL,NULL),(350712,3507,'SUMBERPUCUNG',NULL,NULL),(350713,3507,'KEPANJEN',NULL,NULL),(350714,3507,'BULULAWANG',NULL,NULL),(350715,3507,'TAJINAN',NULL,NULL),(350716,3507,'TUMPANG',NULL,NULL),(350717,3507,'JABUNG',NULL,NULL),(350718,3507,'PAKIS',NULL,NULL),(350719,3507,'PAKISAJI',NULL,NULL),(350720,3507,'NGAJUM',NULL,NULL),(350721,3507,'WAGIR',NULL,NULL),(350722,3507,'DAU',NULL,NULL),(350723,3507,'KARANG PLOSO',NULL,NULL),(350724,3507,'SINGOSARI',NULL,NULL),(350725,3507,'LAWANG',NULL,NULL),(350726,3507,'PUJON',NULL,NULL),(350727,3507,'NGANTANG',NULL,NULL),(350728,3507,'KASEMBON',NULL,NULL),(350729,3507,'GEDANGAN',NULL,NULL),(350730,3507,'TIRTOYUDO',NULL,NULL),(350731,3507,'KROMENGAN',NULL,NULL),(350732,3507,'WONOSARI',NULL,NULL),(350733,3507,'PAGELARAN',NULL,NULL),(350801,3508,'TEMPURSARI',NULL,NULL),(350802,3508,'PRONOJIWO',NULL,NULL),(350803,3508,'CANDIPURO',NULL,NULL),(350804,3508,'PASIRIAN',NULL,NULL),(350805,3508,'TEMPEH',NULL,NULL),(350806,3508,'KUNIR',NULL,NULL),(350807,3508,'YOSOWILANGUN',NULL,NULL),(350808,3508,'ROWOKANGKUNG',NULL,NULL),(350809,3508,'TEKUNG',NULL,NULL),(350810,3508,'LUMAJANG',NULL,NULL),(350811,3508,'PASRUJAMBE',NULL,NULL),(350812,3508,'SENDURO',NULL,NULL),(350813,3508,'GUCIALIT',NULL,NULL),(350814,3508,'PADANG',NULL,NULL),(350815,3508,'SUKODONO',NULL,NULL),(350816,3508,'KEDUNGJAJANG',NULL,NULL),(350817,3508,'JATIROTO',NULL,NULL),(350818,3508,'RANDUAGUNG',NULL,NULL),(350819,3508,'KLAKAH',NULL,NULL),(350820,3508,'RANUYOSO',NULL,NULL),(350821,3508,'SUMBERSUKO',NULL,NULL),(350901,3509,'JOMBANG',NULL,NULL),(350902,3509,'KENCONG',NULL,NULL),(350903,3509,'SUMBERBARU',NULL,NULL),(350904,3509,'GUMUKMAS',NULL,NULL),(350905,3509,'UMBULSARI',NULL,NULL),(350906,3509,'TANGGUL',NULL,NULL),(350907,3509,'SEMBORO',NULL,NULL),(350908,3509,'PUGER',NULL,NULL),(350909,3509,'BANGSALSARI',NULL,NULL),(350910,3509,'BALUNG',NULL,NULL),(350911,3509,'WULUHAN',NULL,NULL),(350912,3509,'AMBULU',NULL,NULL),(350913,3509,'RAMBIPUJI',NULL,NULL),(350914,3509,'PANTI',NULL,NULL),(350915,3509,'SUKORAMBI',NULL,NULL),(350916,3509,'JENGGAWAH',NULL,NULL),(350917,3509,'AJUNG',NULL,NULL),(350918,3509,'TEMPUREJO',NULL,NULL),(350919,3509,'KALIWATES',NULL,NULL),(350920,3509,'PATRANG',NULL,NULL),(350921,3509,'SUMBERSARI',NULL,NULL),(350922,3509,'ARJASA',NULL,NULL),(350923,3509,'MUMBULSARI',NULL,NULL),(350924,3509,'PAKUSARI',NULL,NULL),(350925,3509,'JELBUK',NULL,NULL),(350926,3509,'MAYANG',NULL,NULL),(350927,3509,'KALISAT',NULL,NULL),(350928,3509,'LEDOKOMBO',NULL,NULL),(350929,3509,'SUKOWONO',NULL,NULL),(350930,3509,'SILO',NULL,NULL),(350931,3509,'SUMBERJAMBE',NULL,NULL),(351001,3510,'PESANGGARAN',NULL,NULL),(351002,3510,'BANGOREJO',NULL,NULL),(351003,3510,'PURWOHARJO',NULL,NULL),(351004,3510,'TEGALDLIMO',NULL,NULL),(351005,3510,'MUNCAR',NULL,NULL),(351006,3510,'CLURING',NULL,NULL),(351007,3510,'GAMBIRAN',NULL,NULL),(351008,3510,'SRONO',NULL,NULL),(351009,3510,'GENTENG',NULL,NULL),(351010,3510,'GLENMORE',NULL,NULL),(351011,3510,'KALIBARU',NULL,NULL),(351012,3510,'SINGOJURUH',NULL,NULL),(351013,3510,'ROGOJAMPI',NULL,NULL),(351014,3510,'KABAT',NULL,NULL),(351015,3510,'GLAGAH',NULL,NULL),(351016,3510,'BANYUWANGI',NULL,NULL),(351017,3510,'GIRI',NULL,NULL),(351018,3510,'WONGSOREJO',NULL,NULL),(351019,3510,'SONGGON',NULL,NULL),(351020,3510,'SEMPU',NULL,NULL),(351021,3510,'KALIPURO',NULL,NULL),(351022,3510,'SILIRAGUNG',NULL,NULL),(351023,3510,'TEGALSARI',NULL,NULL),(351024,3510,'LICIN',NULL,NULL),(351025,3510,'BLIMBINGSARI',NULL,NULL),(351101,3511,'MAESAN',NULL,NULL),(351102,3511,'TAMANAN',NULL,NULL),(351103,3511,'TLOGOSARI',NULL,NULL),(351104,3511,'SUKOSARI',NULL,NULL),(351105,3511,'PUJER',NULL,NULL),(351106,3511,'GRUJUGAN',NULL,NULL),(351107,3511,'CURAHDAMI',NULL,NULL),(351108,3511,'TENGGARANG',NULL,NULL),(351109,3511,'WONOSARI',NULL,NULL),(351110,3511,'TAPEN',NULL,NULL),(351111,3511,'BONDOWOSO',NULL,NULL),(351112,3511,'WRINGIN',NULL,NULL),(351113,3511,'TEGALAMPEL',NULL,NULL),(351114,3511,'KLABANG',NULL,NULL),(351115,3511,'CERMEE',NULL,NULL),(351116,3511,'PRAJEKAN',NULL,NULL),(351117,3511,'PAKEM',NULL,NULL),(351118,3511,'SUMBERWRINGIN',NULL,NULL),(351119,3511,'SEMPOL',NULL,NULL),(351120,3511,'BINAKAL',NULL,NULL),(351121,3511,'TAMAN KROCOK',NULL,NULL),(351122,3511,'BOTOLINGGO',NULL,NULL),(351123,3511,'JAMBESARI DARUS SHOLAH',NULL,NULL),(351201,3512,'JATIBANTENG',NULL,NULL),(351202,3512,'BESUKI',NULL,NULL),(351203,3512,'SUBOH',NULL,NULL),(351204,3512,'MLANDINGAN',NULL,NULL),(351205,3512,'KENDIT',NULL,NULL),(351206,3512,'PANARUKAN',NULL,NULL),(351207,3512,'SITUBONDO',NULL,NULL),(351208,3512,'PANJI',NULL,NULL),(351209,3512,'MANGARAN',NULL,NULL),(351210,3512,'KAPONGAN',NULL,NULL),(351211,3512,'ARJASA',NULL,NULL),(351212,3512,'JANGKAR',NULL,NULL),(351213,3512,'ASEMBAGUS',NULL,NULL),(351214,3512,'BANYUPUTIH',NULL,NULL),(351215,3512,'SUMBERMALANG',NULL,NULL),(351216,3512,'BANYUGLUGUR',NULL,NULL),(351217,3512,'BUNGATAN',NULL,NULL),(351301,3513,'SUKAPURA',NULL,NULL),(351302,3513,'SUMBER',NULL,NULL),(351303,3513,'KURIPAN',NULL,NULL),(351304,3513,'BANTARAN',NULL,NULL),(351305,3513,'LECES',NULL,NULL),(351306,3513,'BANYUANYAR',NULL,NULL),(351307,3513,'TIRIS',NULL,NULL),(351308,3513,'KRUCIL',NULL,NULL),(351309,3513,'GADING',NULL,NULL),(351310,3513,'PAKUNIRAN',NULL,NULL),(351311,3513,'KOTAANYAR',NULL,NULL),(351312,3513,'PAITON',NULL,NULL),(351313,3513,'BESUK',NULL,NULL),(351314,3513,'KRAKSAAN',NULL,NULL),(351315,3513,'KREJENGAN',NULL,NULL),(351316,3513,'PEJARAKAN',NULL,NULL),(351317,3513,'MARON',NULL,NULL),(351318,3513,'GENDING',NULL,NULL),(351319,3513,'DRINGU',NULL,NULL),(351320,3513,'TEGALSIWALAN',NULL,NULL),(351321,3513,'SUMBERASIH',NULL,NULL),(351322,3513,'WONOMERTO',NULL,NULL),(351323,3513,'TONGAS',NULL,NULL),(351324,3513,'LUMBANG',NULL,NULL),(351401,3514,'PURWODADI',NULL,NULL),(351402,3514,'TUTUR',NULL,NULL),(351403,3514,'PUSPO',NULL,NULL),(351404,3514,'LUMBANG',NULL,NULL),(351405,3514,'PASREPAN',NULL,NULL),(351406,3514,'KEJAYAN',NULL,NULL),(351407,3514,'WONOREJO',NULL,NULL),(351408,3514,'PURWOSARI',NULL,NULL),(351409,3514,'SUKOREJO',NULL,NULL),(351410,3514,'PRIGEN',NULL,NULL),(351411,3514,'PANDAAN',NULL,NULL),(351412,3514,'GEMPOL',NULL,NULL),(351413,3514,'BEJI',NULL,NULL),(351414,3514,'BANGIL',NULL,NULL),(351415,3514,'REMBANG',NULL,NULL),(351416,3514,'KRATON',NULL,NULL),(351417,3514,'POHJENTREK',NULL,NULL),(351418,3514,'GONDANGWETAN',NULL,NULL),(351419,3514,'WINONGAN',NULL,NULL),(351420,3514,'GRATI',NULL,NULL),(351421,3514,'NGULING',NULL,NULL),(351422,3514,'LEKOK',NULL,NULL),(351423,3514,'REJOSO',NULL,NULL),(351424,3514,'TOSARI',NULL,NULL),(351501,3515,'TARIK',NULL,NULL),(351502,3515,'PRAMBON',NULL,NULL),(351503,3515,'KREMBUNG',NULL,NULL),(351504,3515,'PORONG',NULL,NULL),(351505,3515,'JABON',NULL,NULL),(351506,3515,'TANGGULANGIN',NULL,NULL),(351507,3515,'CANDI',NULL,NULL),(351508,3515,'SIDOARJO',NULL,NULL),(351509,3515,'TULANGAN',NULL,NULL),(351510,3515,'WONOAYU',NULL,NULL),(351511,3515,'KRIAN',NULL,NULL),(351512,3515,'BALONGBENDO',NULL,NULL),(351513,3515,'TAMAN',NULL,NULL),(351514,3515,'SUKODONO',NULL,NULL),(351515,3515,'BUDURAN',NULL,NULL),(351516,3515,'GEDANGAN',NULL,NULL),(351517,3515,'SEDATI',NULL,NULL),(351518,3515,'WARU',NULL,NULL),(351601,3516,'JATIREJO',NULL,NULL),(351602,3516,'GONDANG',NULL,NULL),(351603,3516,'PACET',NULL,NULL),(351604,3516,'TRAWAS',NULL,NULL),(351605,3516,'NGORO',NULL,NULL),(351606,3516,'PUNGGING',NULL,NULL),(351607,3516,'KUTOREJO',NULL,NULL),(351608,3516,'MOJOSARI',NULL,NULL),(351609,3516,'DLANGGU',NULL,NULL),(351610,3516,'BANGSAL',NULL,NULL),(351611,3516,'PURI',NULL,NULL),(351612,3516,'TROWULAN',NULL,NULL),(351613,3516,'SOOKO',NULL,NULL),(351614,3516,'GEDEG',NULL,NULL),(351615,3516,'KEMLAGI',NULL,NULL),(351616,3516,'JETIS',NULL,NULL),(351617,3516,'DAWARBLANDONG',NULL,NULL),(351618,3516,'MOJOANYAR',NULL,NULL),(351701,3517,'PERAK',NULL,NULL),(351702,3517,'GUDO',NULL,NULL),(351703,3517,'NGORO',NULL,NULL),(351704,3517,'BARENG',NULL,NULL),(351705,3517,'WONOSALAM',NULL,NULL),(351706,3517,'MOJOAGUNG',NULL,NULL),(351707,3517,'MOJOWARNO',NULL,NULL),(351708,3517,'DIWEK',NULL,NULL),(351709,3517,'JOMBANG',NULL,NULL),(351710,3517,'PETERONGAN',NULL,NULL),(351711,3517,'SUMOBITO',NULL,NULL),(351712,3517,'KESAMBEN',NULL,NULL),(351713,3517,'TEMBELANG',NULL,NULL),(351714,3517,'PLOSO',NULL,NULL),(351715,3517,'PLANDAAN',NULL,NULL),(351716,3517,'KABUH',NULL,NULL),(351717,3517,'KUDU',NULL,NULL),(351718,3517,'BANDARKEDUNGMULYO',NULL,NULL),(351719,3517,'JOGOROTO',NULL,NULL),(351720,3517,'MEGALUH',NULL,NULL),(351721,3517,'NGUSIKAN',NULL,NULL),(351801,3518,'SAWAHAN',NULL,NULL),(351802,3518,'NGETOS',NULL,NULL),(351803,3518,'BERBEK',NULL,NULL),(351804,3518,'LOCERET',NULL,NULL),(351805,3518,'PACE',NULL,NULL),(351806,3518,'PRAMBON',NULL,NULL),(351807,3518,'NGRONGGOT',NULL,NULL),(351808,3518,'KERTOSONO',NULL,NULL),(351809,3518,'PATIANROWO',NULL,NULL),(351810,3518,'BARON',NULL,NULL),(351811,3518,'TANJUNGANOM',NULL,NULL),(351812,3518,'SUKOMORO',NULL,NULL),(351813,3518,'NGANJUK',NULL,NULL),(351814,3518,'BAGOR',NULL,NULL),(351815,3518,'WILANGAN',NULL,NULL),(351816,3518,'REJOSO',NULL,NULL),(351817,3518,'GONDANG',NULL,NULL),(351818,3518,'NGLUYU',NULL,NULL),(351819,3518,'LENGKONG',NULL,NULL),(351820,3518,'JATIKALEN',NULL,NULL),(351901,3519,'KEBON SARI',NULL,NULL),(351902,3519,'DOLOPO',NULL,NULL),(351903,3519,'GEGER',NULL,NULL),(351904,3519,'DAGANGAN',NULL,NULL),(351905,3519,'KARE',NULL,NULL),(351906,3519,'GEMARANG',NULL,NULL),(351907,3519,'WUNGU',NULL,NULL),(351908,3519,'MADIUN',NULL,NULL),(351909,3519,'JIWAN',NULL,NULL),(351910,3519,'BALEREJO',NULL,NULL),(351911,3519,'MEJAYAN',NULL,NULL),(351912,3519,'SARADAN',NULL,NULL),(351913,3519,'PILANGKENCENG',NULL,NULL),(351914,3519,'SAWAHAN',NULL,NULL),(351915,3519,'WONOASRI',NULL,NULL),(352001,3520,'PONCOL',NULL,NULL),(352002,3520,'PARANG',NULL,NULL),(352003,3520,'LEMBEYAN',NULL,NULL),(352004,3520,'TAKERAN',NULL,NULL),(352005,3520,'KAWEDANAN',NULL,NULL),(352006,3520,'MAGETAN',NULL,NULL),(352007,3520,'PLAOSAN',NULL,NULL),(352008,3520,'PANEKAN',NULL,NULL),(352009,3520,'SUKOMORO',NULL,NULL),(352010,3520,'BENDO',NULL,NULL),(352011,3520,'MAOSPATI',NULL,NULL),(352012,3520,'BARAT',NULL,NULL),(352013,3520,'KARANGREJO',NULL,NULL),(352014,3520,'KARAS',NULL,NULL),(352015,3520,'KARTOHARJO',NULL,NULL),(352016,3520,'NGARIBOYO',NULL,NULL),(352017,3520,'NGUNTORONADI',NULL,NULL),(352018,3520,'SIDOREJO',NULL,NULL),(352101,3521,'SINE',NULL,NULL),(352102,3521,'NGRAMBE',NULL,NULL),(352103,3521,'JOGOROGO',NULL,NULL),(352104,3521,'KENDAL',NULL,NULL),(352105,3521,'GENENG',NULL,NULL),(352106,3521,'KWADUNGAN',NULL,NULL),(352107,3521,'KARANGJATI',NULL,NULL),(352108,3521,'PADAS',NULL,NULL),(352109,3521,'NGAWI',NULL,NULL),(352110,3521,'PARON',NULL,NULL),(352111,3521,'KEDUNGGALAR',NULL,NULL),(352112,3521,'WIDODAREN',NULL,NULL),(352113,3521,'MANTINGAN',NULL,NULL),(352114,3521,'PANGKUR',NULL,NULL),(352115,3521,'BRINGIN',NULL,NULL),(352116,3521,'PITU',NULL,NULL),(352117,3521,'KARANGANYAR',NULL,NULL),(352118,3521,'GERIH',NULL,NULL),(352119,3521,'KASREMAN',NULL,NULL),(352201,3522,'NGRAHO',NULL,NULL),(352202,3522,'TAMBAKREJO',NULL,NULL),(352203,3522,'NGAMBON',NULL,NULL),(352204,3522,'NGASEM',NULL,NULL),(352205,3522,'BUBULAN',NULL,NULL),(352206,3522,'DANDER',NULL,NULL),(352207,3522,'SUGIHWARAS',NULL,NULL),(352208,3522,'KEDUNGADEM',NULL,NULL),(352209,3522,'KEPOHBARU',NULL,NULL),(352210,3522,'BAURENO',NULL,NULL),(352211,3522,'KANOR',NULL,NULL),(352212,3522,'SUMBEREJO',NULL,NULL),(352213,3522,'BALEN',NULL,NULL),(352214,3522,'KAPAS',NULL,NULL),(352215,3522,'BOJONEGORO',NULL,NULL),(352216,3522,'KALITIDU',NULL,NULL),(352217,3522,'MALO',NULL,NULL),(352218,3522,'PURWOSARI',NULL,NULL),(352219,3522,'PADANGAN',NULL,NULL),(352220,3522,'KASIMAN',NULL,NULL),(352221,3522,'TEMAYANG',NULL,NULL),(352222,3522,'MARGOMULYO',NULL,NULL),(352223,3522,'TRUCUK',NULL,NULL),(352224,3522,'SUKOSEWU',NULL,NULL),(352225,3522,'KEDEWAN',NULL,NULL),(352226,3522,'GONDANG',NULL,NULL),(352227,3522,'SEKAR',NULL,NULL),(352228,3522,'GAYAM',NULL,NULL),(352301,3523,'KENDURUAN',NULL,NULL),(352302,3523,'JATIROGO',NULL,NULL),(352303,3523,'BANGILAN',NULL,NULL),(352304,3523,'BANCAR',NULL,NULL),(352305,3523,'SENORI',NULL,NULL),(352306,3523,'TAMBAKBOYO',NULL,NULL),(352307,3523,'SINGGAHAN',NULL,NULL),(352308,3523,'KEREK',NULL,NULL),(352309,3523,'PARENGAN',NULL,NULL),(352310,3523,'MONTONG',NULL,NULL),(352311,3523,'SOKO',NULL,NULL),(352312,3523,'JENU',NULL,NULL),(352313,3523,'MERAKURAK',NULL,NULL),(352314,3523,'RENGEL',NULL,NULL),(352315,3523,'SEMANDING',NULL,NULL),(352316,3523,'TUBAN',NULL,NULL),(352317,3523,'PLUMPANG',NULL,NULL),(352318,3523,'PALANG',NULL,NULL),(352319,3523,'WIDANG',NULL,NULL),(352320,3523,'GRABAGAN',NULL,NULL),(352401,3524,'SUKORAME',NULL,NULL),(352402,3524,'BLULUK',NULL,NULL),(352403,3524,'MODO',NULL,NULL),(352404,3524,'NGIMBANG',NULL,NULL),(352405,3524,'BABAT',NULL,NULL),(352406,3524,'KEDUNGPRING',NULL,NULL),(352407,3524,'BRONDONG',NULL,NULL),(352408,3524,'LAREN',NULL,NULL),(352409,3524,'SEKARAN',NULL,NULL),(352410,3524,'MADURAN',NULL,NULL),(352411,3524,'SAMBENG',NULL,NULL),(352412,3524,'SUGIO',NULL,NULL),(352413,3524,'PUCUK',NULL,NULL),(352414,3524,'PACIRAN',NULL,NULL),(352415,3524,'SOLOKURO',NULL,NULL),(352416,3524,'MANTUP',NULL,NULL),(352417,3524,'SUKODADI',NULL,NULL),(352418,3524,'KARANGGENENG',NULL,NULL),(352419,3524,'KEMBANGBAHU',NULL,NULL),(352420,3524,'KALITENGAH',NULL,NULL),(352421,3524,'TURI',NULL,NULL),(352422,3524,'LAMONGAN',NULL,NULL),(352423,3524,'TIKUNG',NULL,NULL),(352424,3524,'KARANGBINANGUN',NULL,NULL),(352425,3524,'DEKET',NULL,NULL),(352426,3524,'GLAGAH',NULL,NULL),(352427,3524,'SARIREJO',NULL,NULL),(352501,3525,'DUKUN',NULL,NULL),(352502,3525,'BALONGPANGGANG',NULL,NULL),(352503,3525,'PANCENG',NULL,NULL),(352504,3525,'BENJENG',NULL,NULL),(352505,3525,'DUDUKSAMPEYAN',NULL,NULL),(352506,3525,'WRINGINANOM',NULL,NULL),(352507,3525,'UJUNGPANGKAH',NULL,NULL),(352508,3525,'KEDAMEAN',NULL,NULL),(352509,3525,'SIDAYU',NULL,NULL),(352510,3525,'MANYAR',NULL,NULL),(352511,3525,'CERME',NULL,NULL),(352512,3525,'BUNGAH',NULL,NULL),(352513,3525,'MENGANTI',NULL,NULL),(352514,3525,'KEBOMAS',NULL,NULL),(352515,3525,'DRIYOREJO',NULL,NULL),(352516,3525,'GRESIK',NULL,NULL),(352517,3525,'SANGKAPURA',NULL,NULL),(352518,3525,'TAMBAK',NULL,NULL),(352601,3526,'BANGKALAN',NULL,NULL),(352602,3526,'SOCAH',NULL,NULL),(352603,3526,'BURNEH',NULL,NULL),(352604,3526,'KAMAL',NULL,NULL),(352605,3526,'AROSBAYA',NULL,NULL),(352606,3526,'GEGER',NULL,NULL),(352607,3526,'KLAMPIS',NULL,NULL),(352608,3526,'SEPULU',NULL,NULL),(352609,3526,'TANJUNG BUMI',NULL,NULL),(352610,3526,'KOKOP',NULL,NULL),(352611,3526,'KWANYAR',NULL,NULL),(352612,3526,'LABANG',NULL,NULL),(352613,3526,'TANAH MERAH',NULL,NULL),(352614,3526,'TRAGAH',NULL,NULL),(352615,3526,'BLEGA',NULL,NULL),(352616,3526,'MODUNG',NULL,NULL),(352617,3526,'KONANG',NULL,NULL),(352618,3526,'GALIS',NULL,NULL),(352701,3527,'SRESEH',NULL,NULL),(352702,3527,'TORJUN',NULL,NULL),(352703,3527,'SAMPANG',NULL,NULL),(352704,3527,'CAMPLONG',NULL,NULL),(352705,3527,'OMBEN',NULL,NULL),(352706,3527,'KEDUNGDUNG',NULL,NULL),(352707,3527,'JRENGIK',NULL,NULL),(352708,3527,'TAMBELANGAN',NULL,NULL),(352709,3527,'BANYUATES',NULL,NULL),(352710,3527,'ROBATAL',NULL,NULL),(352711,3527,'SOKOBANAH',NULL,NULL),(352712,3527,'KETAPANG',NULL,NULL),(352713,3527,'PANGARENGAN',NULL,NULL),(352714,3527,'KARANGPENANG',NULL,NULL),(352801,3528,'TLANAKAN',NULL,NULL),(352802,3528,'PADEMAWU',NULL,NULL),(352803,3528,'GALIS',NULL,NULL),(352804,3528,'PAMEKASAN',NULL,NULL),(352805,3528,'PROPPO',NULL,NULL),(352806,3528,'PALENGGAAN',NULL,NULL),(352807,3528,'PEGANTENAN',NULL,NULL),(352808,3528,'LARANGAN',NULL,NULL),(352809,3528,'PAKONG',NULL,NULL),(352810,3528,'WARU',NULL,NULL),(352811,3528,'BATUMARMAR',NULL,NULL),(352812,3528,'KADUR',NULL,NULL),(352813,3528,'PASEAN',NULL,NULL),(352901,3529,'KOTA SUMENEP',NULL,NULL),(352902,3529,'KALIANGET',NULL,NULL),(352903,3529,'MANDING',NULL,NULL),(352904,3529,'TALANGO',NULL,NULL),(352905,3529,'BLUTO',NULL,NULL),(352906,3529,'SARONGGI',NULL,NULL),(352907,3529,'LENTENG',NULL,NULL),(352908,3529,'GILIGINTING',NULL,NULL),(352909,3529,'GULUK-GULUK',NULL,NULL),(352910,3529,'GANDING',NULL,NULL),(352911,3529,'PRAGAAN',NULL,NULL),(352912,3529,'AMBUNTEN',NULL,NULL),(352913,3529,'PASONGSONGAN',NULL,NULL),(352914,3529,'DASUK',NULL,NULL),(352915,3529,'RUBARU',NULL,NULL),(352916,3529,'BATANG BATANG',NULL,NULL),(352917,3529,'BATUPUTIH',NULL,NULL),(352918,3529,'DUNGKEK',NULL,NULL),(352919,3529,'GAPURA',NULL,NULL),(352920,3529,'GAYAM',NULL,NULL),(352921,3529,'NONGGUNONG',NULL,NULL),(352922,3529,'RAAS',NULL,NULL),(352923,3529,'MASALEMBU',NULL,NULL),(352924,3529,'ARJASA',NULL,NULL),(352925,3529,'SAPEKEN',NULL,NULL),(352926,3529,'BATUAN',NULL,NULL),(352927,3529,'KANGAYAN',NULL,NULL),(357101,3571,'MOJOROTO',NULL,NULL),(357102,3571,'KOTA',NULL,NULL),(357103,3571,'PESANTREN',NULL,NULL),(357201,3572,'KEPANJENKIDUL',NULL,NULL),(357202,3572,'SUKOREJO',NULL,NULL),(357203,3572,'SANANWETAN',NULL,NULL),(357301,3573,'BLIMBING',NULL,NULL),(357302,3573,'KLOJEN',NULL,NULL),(357303,3573,'KEDUNGKANDANG',NULL,NULL),(357304,3573,'SUKUN',NULL,NULL),(357305,3573,'LOWOKWARU',NULL,NULL),(357401,3574,'KADEMANGAN',NULL,NULL),(357402,3574,'WONOASIH',NULL,NULL),(357403,3574,'MAYANGAN',NULL,NULL),(357404,3574,'KANIGARAN',NULL,NULL),(357405,3574,'KEDOPOK',NULL,NULL),(357501,3575,'GADINGREJO',NULL,NULL),(357502,3575,'PURWOREJO',NULL,NULL),(357503,3575,'BUGUL KIDUL',NULL,NULL),(357504,3575,'PANGGUNGREJO',NULL,NULL),(357601,3576,'PRAJURITKULON',NULL,NULL),(357602,3576,'MAGERSARI',NULL,NULL),(357603,3576,'KRANGGAN',NULL,NULL),(357701,3577,'KARTOHARJO',NULL,NULL),(357702,3577,'MANGUHARJO',NULL,NULL),(357703,3577,'TAMAN',NULL,NULL),(357801,3578,'KARANG PILANG',NULL,NULL),(357802,3578,'WONOCOLO',NULL,NULL),(357803,3578,'RUNGKUT',NULL,NULL),(357804,3578,'WONOKROMO',NULL,NULL),(357805,3578,'TEGALSARI',NULL,NULL),(357806,3578,'SAWAHAN',NULL,NULL),(357807,3578,'GENTENG',NULL,NULL),(357808,3578,'GUBENG',NULL,NULL),(357809,3578,'SUKOLILO',NULL,NULL),(357810,3578,'TAMBAKSARI',NULL,NULL),(357811,3578,'SIMOKERTO',NULL,NULL),(357812,3578,'PABEAN CANTIAN',NULL,NULL),(357813,3578,'BUBUTAN',NULL,NULL),(357814,3578,'TANDES',NULL,NULL),(357815,3578,'KREMBANGAN',NULL,NULL),(357816,3578,'SEMAMPIR',NULL,NULL),(357817,3578,'KENJERAN',NULL,NULL),(357818,3578,'LAKARSANTRI',NULL,NULL),(357819,3578,'BENOWO',NULL,NULL),(357820,3578,'WIYUNG',NULL,NULL),(357821,3578,'DUKUH PAKIS',NULL,NULL),(357822,3578,'GAYUNGAN',NULL,NULL),(357823,3578,'JAMBANGAN',NULL,NULL),(357824,3578,'TENGGILIS MEJOYO',NULL,NULL),(357825,3578,'GUNUNG ANYAR',NULL,NULL),(357826,3578,'MULYOREJO',NULL,NULL),(357827,3578,'SUKOMANUNGGAL',NULL,NULL),(357828,3578,'ASEM ROWO',NULL,NULL),(357829,3578,'BULAK',NULL,NULL),(357830,3578,'PAKAL',NULL,NULL),(357831,3578,'SAMBIKEREP',NULL,NULL),(357901,3579,'BATU',NULL,NULL),(357902,3579,'BUMIAJI',NULL,NULL),(357903,3579,'JUNREJO',NULL,NULL);
/*!40000 ALTER TABLE `kecamatan` ENABLE KEYS */;
UNLOCK TABLES;
DROP TABLE IF EXISTS `komentar`;
/*!40101 SET @saved_cs_client     = @@character_set_client */;
/*!40101 SET character_set_client = utf8 */;
CREATE TABLE `komentar` (
  `id` bigint(20) unsigned NOT NULL AUTO_INCREMENT,
  `id_pengajuan` bigint(20) unsigned NOT NULL,
  `komentar_pincab` text COLLATE utf8mb4_unicode_ci DEFAULT NULL,
  `created_at` timestamp NULL DEFAULT NULL,
  `updated_at` timestamp NULL DEFAULT NULL,
  `id_pincab` bigint(20) DEFAULT NULL,
  `komentar_staff` text COLLATE utf8mb4_unicode_ci DEFAULT NULL,
  `id_staff` bigint(20) DEFAULT NULL,
  `komentar_penyelia` text COLLATE utf8mb4_unicode_ci DEFAULT NULL,
  `id_penyelia` bigint(20) DEFAULT NULL,
  `komentar_pbp` text COLLATE utf8mb4_unicode_ci DEFAULT NULL,
  `id_pbp` bigint(20) DEFAULT NULL,
  PRIMARY KEY (`id`),
  KEY `komentar_id_pengajuan_foreign` (`id_pengajuan`)
) ENGINE=InnoDB AUTO_INCREMENT=14 DEFAULT CHARSET=utf8mb4 COLLATE=utf8mb4_unicode_ci;
/*!40101 SET character_set_client = @saved_cs_client */;

LOCK TABLES `komentar` WRITE;
/*!40000 ALTER TABLE `komentar` DISABLE KEYS */;
INSERT INTO `komentar` VALUES (1,1,NULL,'2022-09-21 04:52:23','2022-09-21 04:52:23',NULL,'dwadaw',5,NULL,NULL,NULL,NULL),(2,2,NULL,'2022-09-21 13:37:32','2022-09-21 14:00:28',NULL,'hkjhkl',5,'dwadawawd',4,NULL,NULL),(3,9,NULL,'2022-09-30 14:21:17','2022-10-11 04:10:04',NULL,'oke',5,'Oke oke',4,'oke',3),(4,10,NULL,'2022-10-05 06:15:26','2022-10-11 04:03:55',NULL,'dwdaww',5,'dwada',4,NULL,NULL),(5,11,NULL,'2022-10-05 10:50:29','2022-10-05 10:50:29',NULL,'dwadwa',5,NULL,NULL,NULL,NULL),(6,12,NULL,'2022-10-11 15:04:03','2022-10-11 15:04:03',NULL,'dwadw',5,NULL,NULL,NULL,NULL),(7,20,NULL,'2022-11-15 06:48:08','2022-11-15 06:48:08',NULL,'wdwad',5,NULL,NULL,NULL,NULL),(8,21,NULL,'2022-11-17 03:21:24','2022-11-17 03:21:24',NULL,'Lorem ipsum dolor sit amet, consectetur adipiscing elit, sed do eiusmod tempor incididunt ut labore et dolore magna aliqua',5,NULL,NULL,NULL,NULL),(9,22,NULL,'2023-01-14 15:03:12','2023-01-14 15:03:12',NULL,'Gatau',5,NULL,NULL,NULL,NULL),(10,24,NULL,'2023-01-16 02:25:41','2023-01-16 02:25:41',NULL,'Gatau',5,NULL,NULL,NULL,NULL),(11,25,NULL,'2023-01-16 12:57:50','2023-01-16 12:57:50',NULL,'Manapppp',5,NULL,NULL,NULL,NULL),(12,26,NULL,'2023-01-19 04:01:29','2023-01-19 04:01:29',NULL,'Gatau',5,NULL,NULL,NULL,NULL),(13,27,NULL,'2023-01-20 06:22:08','2023-01-20 06:22:08',NULL,'Gatau',5,NULL,NULL,NULL,NULL);
/*!40000 ALTER TABLE `komentar` ENABLE KEYS */;
UNLOCK TABLES;
DROP TABLE IF EXISTS `migrations`;
/*!40101 SET @saved_cs_client     = @@character_set_client */;
/*!40101 SET character_set_client = utf8 */;
CREATE TABLE `migrations` (
  `id` int(10) unsigned NOT NULL AUTO_INCREMENT,
  `migration` varchar(255) COLLATE utf8mb4_unicode_ci NOT NULL,
  `batch` int(11) NOT NULL,
  PRIMARY KEY (`id`)
) ENGINE=InnoDB AUTO_INCREMENT=61 DEFAULT CHARSET=utf8mb4 COLLATE=utf8mb4_unicode_ci;
/*!40101 SET character_set_client = @saved_cs_client */;

LOCK TABLES `migrations` WRITE;
/*!40000 ALTER TABLE `migrations` DISABLE KEYS */;
INSERT INTO `migrations` VALUES (1,'2014_10_12_000000_create_users_table',1),(2,'2014_10_12_100000_create_password_resets_table',1),(3,'2019_08_19_000000_create_failed_jobs_table',1),(4,'2019_12_14_000001_create_personal_access_tokens_table',1),(5,'2022_03_04_054355_add_role_at_users_table',1),(6,'2022_03_04_061440_create_table_kabupaten',1),(7,'2022_03_04_061535_create_table_kecamatan',1),(8,'2022_03_04_062233_create_table_cabang',1),(9,'2022_03_04_063627_create_table_desa',1),(10,'2022_03_04_065949_add_field_cabang',1),(11,'2022_03_04_084814_add_id_cabang_at_user',1),(12,'2022_03_14_042057_add_kode_cabang_at_cabang_table',1),(13,'2022_03_14_043153_drop_column_id_kabupate_at_cabang_table',1),(14,'2022_03_14_054714_create_calon_nasabah_table',1),(15,'2022_03_14_063409_add_column_sektor_kredit_at_calon_nasabah_table',1),(16,'2022_03_14_131725_add_column_daerah_table',1),(17,'2022_03_25_104246_create_item_table',1),(18,'2022_03_25_104522_create_option_table',1),(19,'2022_03_30_132451_create_pengajuan_table',1),(20,'2022_03_30_141707_create_jawaban_table',1),(21,'2022_03_30_141905_add_id_pengajuan_on_calon_nasabah_table',1),(22,'2022_04_01_182115_create_komentar_table',1),(23,'2022_04_01_182137_create_detail_komentar_table',1),(24,'2022_04_04_020857_add_skor_penyelia_on_jawaban_table',1),(25,'2022_04_07_185651_progress_pengajuan_data',1),(26,'2022_04_09_165934_update_progress_pengajuan_pengajuan_table',1),(27,'2022_04_09_202743_add_rentang_pengajuan_pengajuan_table',1),(28,'2022_04_11_070739_delete_rentang_on_pengajuan_table',2),(29,'2022_04_20_145027_add_komentar_pincab_on_komentar_table',3),(30,'2022_04_20_172628_add_opsi_jawaban_item_table',3),(31,'2022_04_20_172811_create_jawaban_text_table',3),(32,'2022_04_22_215817_update_posisi_on_pengajuan_table',4),(34,'2022_05_12_055450_add_is_commentable_on_item_table',5),(35,'2022_05_13_071405_add_komentar_on_komentar_table',6),(38,'2022_05_15_213118_add_sub_column_on_option_table',7),(39,'2022_05_15_214621_create_jawaban_sub_column_table',8),(40,'2022_05_18_232615_add_status_skor_on_item_table',9),(41,'2022_05_19_020954_alter_skor_on_option_table',10),(44,'2022_05_19_040450_create_pendapat_dan_usulan_per_aspek',11),(45,'2022_05_19_060242_change_skor_on_jawaban_table',12),(46,'2022_05_25_001305_add_tenor_yang_diminta_on_calon_nasabah_table',13),(48,'2022_05_25_115342_add_enum_opsi_jawaban_on_item_table',14),(49,'2022_07_22_233958_add_cascadeontableitem',15),(50,'2022_07_22_235601_add_cascadeontablejawabantext',16),(51,'2022_10_10_192829_add_enum_value_to_posisi',17),(53,'2022_10_10_194056_add_column_tanggal_review_pbp',18),(54,'2022_10_11_083919_edit_role_pbp',19),(55,'2022_10_11_091352_add_average_by_pbp',20),(56,'2022_10_11_091703_add_id_pbp_on_pendapat_dan_usulan_per_aspek_table',20),(57,'2022_10_11_091949_add_komentar_pbp_and_id_pbp_to_komentar',20),(58,'2022_10_11_103555_add_skor_pbp_to_jawaban',21),(59,'2022_10_11_103725_add_skor_pbp_to_jawaban_text',21),(60,'2022_10_31_151952_add_enum_value_to_field_posisi',22);
/*!40000 ALTER TABLE `migrations` ENABLE KEYS */;
UNLOCK TABLES;
DROP TABLE IF EXISTS `option`;
/*!40101 SET @saved_cs_client     = @@character_set_client */;
/*!40101 SET character_set_client = utf8 */;
CREATE TABLE `option` (
  `id` bigint(20) unsigned NOT NULL AUTO_INCREMENT,
  `id_item` bigint(20) unsigned NOT NULL,
  `option` varchar(255) COLLATE utf8mb4_unicode_ci NOT NULL,
  `skor` int(11) DEFAULT NULL,
  `created_at` timestamp NULL DEFAULT NULL,
  `updated_at` timestamp NULL DEFAULT NULL,
  `sub_column` varchar(255) COLLATE utf8mb4_unicode_ci DEFAULT NULL,
  PRIMARY KEY (`id`),
  KEY `option_id_item_foreign` (`id_item`)
) ENGINE=InnoDB AUTO_INCREMENT=187 DEFAULT CHARSET=utf8mb4 COLLATE=utf8mb4_unicode_ci;
/*!40101 SET character_set_client = @saved_cs_client */;

LOCK TABLES `option` WRITE;
/*!40000 ALTER TABLE `option` DISABLE KEYS */;
INSERT INTO `option` VALUES (11,14,'<1Tahun',1,'2022-05-16 11:31:52','2022-05-16 11:31:52',NULL),(12,14,'1 - 3 Tahun',2,'2022-05-16 11:31:52','2022-05-16 11:31:52',NULL),(13,14,'4 - 5 Tahun',3,'2022-05-16 11:31:52','2022-05-16 11:31:52',NULL),(14,14,'>6 Tahun',4,'2022-05-16 11:31:52','2022-05-16 11:31:52',NULL),(25,24,'-',0,'2022-05-16 11:36:17','2022-05-16 11:36:17',NULL),(31,29,'Milik Sendiri',4,'2022-05-16 11:38:06','2022-05-16 11:38:06',NULL),(32,29,'Saudara Kandung',3,'2022-05-16 11:38:06','2022-05-16 11:38:06',NULL),(33,29,'Sewa',2,'2022-05-16 11:38:06','2022-05-16 11:38:06',NULL),(43,34,'0 - 5 KM',4,'2022-05-16 11:39:30','2022-05-16 11:39:30',NULL),(44,34,'5 - 10 KM',3,'2022-05-16 11:39:30','2022-05-16 11:39:30',NULL),(45,34,'10 - 15 KM',2,'2022-05-16 11:39:30','2022-05-16 11:39:30',NULL),(46,34,'>15 KM',1,'2022-05-16 11:39:30','2022-05-16 11:39:30',NULL),(49,37,'-',0,'2022-05-16 11:39:46','2022-05-16 11:39:46',NULL),(51,45,'-',0,'2022-05-16 11:40:53','2022-05-16 11:40:53',NULL),(63,56,'5 - 10 Tahun',4,'2022-05-16 11:42:57','2022-05-16 11:42:57',NULL),(64,56,'3 - 5 Tahun',3,'2022-05-16 11:42:57','2022-05-16 11:42:57',NULL),(65,56,'1 - 3 Tahun',2,'2022-05-16 11:42:57','2022-05-16 11:42:57',NULL),(66,56,'<1 Tahun',1,'2022-05-16 11:42:57','2022-05-16 11:42:57',NULL),(71,60,'Pernah Macet / Hapus Buku',1,'2022-05-16 11:44:21','2022-05-16 11:44:21',NULL),(72,60,'Lancar dan / atau Pernah Menunggak >30 Hari',2,'2022-05-16 11:44:21','2022-05-16 11:44:21',NULL),(73,60,'Lancar dan / atau Pernah Menunggak 1 - 30 Hari',3,'2022-05-16 11:44:21','2022-05-16 11:44:21',NULL),(74,60,'Lancar',4,'2022-05-16 11:44:21','2022-05-16 11:44:21',NULL),(89,72,'-',0,'2022-05-16 12:43:15','2022-05-16 12:43:15',NULL),(90,76,'-',0,'2022-05-16 12:43:15','2022-05-16 12:43:15',NULL),(91,80,'Commanditaire Vennootschap (CV)',NULL,'2022-05-18 19:17:52','2022-05-18 19:17:52',NULL),(92,80,'Perorangan',NULL,'2022-05-18 19:17:52','2022-05-18 19:17:52',NULL),(93,80,'Persereoan Terbatas (PT)',NULL,'2022-05-18 19:17:52','2022-05-18 19:17:52',NULL),(94,80,'Yayasan',NULL,'2022-05-18 19:17:52','2022-05-18 19:17:52',NULL),(112,86,'Langsung',NULL,'2022-05-24 17:53:05','2022-05-24 17:53:05',NULL),(113,86,'Melalui Agen',NULL,'2022-05-24 17:53:05','2022-05-24 17:53:05',NULL),(114,86,'Melalui Pengecer',NULL,'2022-05-24 17:53:05','2022-05-24 17:53:05',NULL),(115,88,'DP + Pembayaran full',4,'2022-05-24 17:55:16','2022-05-24 17:55:16',NULL),(116,88,'Tunai / COD',4,'2022-05-24 17:55:16','2022-05-24 17:55:16',NULL),(117,88,'Termin 1 - 30 Hari',3,'2022-05-24 17:55:16','2022-05-24 17:55:16',NULL),(118,88,'Termin >30 Hari',2,'2022-05-24 17:55:16','2022-05-24 17:55:16',NULL),(119,87,'<=1',4,'2022-05-24 17:56:03','2022-05-24 17:56:03',NULL),(120,87,'2',3,'2022-05-24 17:56:03','2022-05-24 17:56:03',NULL),(121,87,'3',2,'2022-05-24 17:56:03','2022-05-24 17:56:03',NULL),(122,87,'>=4',1,'2022-05-24 17:56:03','2022-05-24 17:56:03',NULL),(123,93,'Iklan Berbayar',NULL,'2022-05-24 17:58:19','2022-05-24 17:58:19',NULL),(124,93,'Pemasaran Transaksional',NULL,'2022-05-24 17:58:19','2022-05-24 17:58:19',NULL),(125,93,'Pemasaran Media Sosial',NULL,'2022-05-24 17:58:19','2022-05-24 17:58:19',NULL),(126,93,'Pemasaran Interaktif',NULL,'2022-05-24 17:58:19','2022-05-24 17:58:19',NULL),(127,93,'Pemasaran Konten',NULL,'2022-05-24 17:58:19','2022-05-24 17:58:19',NULL),(128,93,'Earned Media(Public Relation)',NULL,'2022-05-24 17:58:19','2022-05-24 17:58:19',NULL),(129,93,'Telemarketing',NULL,'2022-05-24 17:58:19','2022-05-24 17:58:19',NULL),(130,94,'-',NULL,'2022-05-24 18:44:24','2022-05-24 18:44:24',NULL),(131,95,'-',NULL,'2022-05-24 18:44:46','2022-05-24 18:44:46',NULL),(132,96,'-',NULL,'2022-05-24 18:45:05','2022-05-24 18:45:05',NULL),(133,97,'SKMHT',NULL,'2022-05-24 18:45:44','2022-05-24 18:45:44',NULL),(134,97,'APHT',NULL,'2022-05-24 18:45:44','2022-05-24 18:45:44',NULL),(135,97,'Fidusia/FEO',NULL,'2022-05-24 18:45:44','2022-05-24 18:45:44',NULL),(136,98,'Marketable (Mempunyai nilai jual tinggi & Mudah)',4,'2022-05-24 19:54:31','2022-05-24 19:54:31',NULL),(137,98,'Tidak Markertable',0,'2022-05-24 19:54:31','2022-05-24 19:54:31',NULL),(138,99,'Layak Pakai & Nilai Jual Tinggi',4,'2022-05-24 19:55:14','2022-05-24 19:55:14',NULL),(139,99,'Layak Pakai & Nilai Jual Rendah',2,'2022-05-24 19:55:14','2022-05-24 19:55:14',NULL),(140,99,'Tidak Layak Pakai',0,'2022-05-24 19:55:14','2022-05-24 19:55:14',NULL),(141,100,'Marketable (Mempunyai nilai jual tinggi & Mudah)',4,'2022-05-24 19:55:49','2022-05-24 19:55:49',NULL),(142,100,'Tidak Markertable',0,'2022-05-24 19:55:49','2022-05-24 19:55:49',NULL),(143,109,'-',NULL,'2022-05-24 20:00:55','2022-05-24 20:00:55',NULL),(144,110,'-',NULL,'2022-05-24 20:01:25','2022-05-24 20:01:25',NULL),(145,111,'Marketable (Mempunyai nilai jual tinggi & Mudah)',4,'2022-05-24 20:04:13','2022-05-24 20:04:13',NULL),(146,111,'Tidak Markertable',0,'2022-05-24 20:04:13','2022-05-24 20:04:13',NULL),(147,112,'Layak Pakai & Nilai Jual Tinggi',4,'2022-05-24 20:04:51','2022-05-24 20:04:51',NULL),(148,112,'Layak Pakai & Nilai Jual Rendah',2,'2022-05-24 20:04:51','2022-05-24 20:04:51',NULL),(149,112,'Tidak Layak Pakai',0,'2022-05-24 20:04:51','2022-05-24 20:04:51',NULL),(150,113,'Marketable (Mempunyai nilai jual tinggi & Mudah)',4,'2022-05-24 20:05:29','2022-05-24 20:05:29',NULL),(151,113,'Tidak Markertable',0,'2022-05-24 20:05:29','2022-05-24 20:05:29',NULL),(152,114,'-',NULL,'2022-05-24 20:07:23','2022-05-24 20:07:23',NULL),(153,121,'SKMHT',NULL,'2022-05-25 03:35:23','2022-05-25 03:35:23',NULL),(154,121,'APHT',NULL,'2022-05-25 03:35:23','2022-05-25 03:35:23',NULL),(155,121,'Fidusia/FEO',NULL,'2022-05-25 03:35:23','2022-05-25 03:35:23',NULL),(156,122,'-',NULL,'2022-05-25 03:35:53','2022-05-25 03:35:53',NULL),(157,125,'-',NULL,'2022-05-25 18:59:12','2022-05-25 18:59:12',NULL),(158,132,'>150%',4,'2022-05-25 19:22:13','2022-05-25 19:22:13',NULL),(159,132,'131% - 150%',3,'2022-05-25 19:22:13','2022-05-25 19:22:13',NULL),(160,132,'110% - 130%',2,'2022-05-25 19:22:13','2022-05-25 19:22:13',NULL),(161,132,'<110%',1,'2022-05-25 19:22:13','2022-05-25 19:22:13',NULL),(162,134,'>200%',4,'2022-05-25 19:24:11','2022-05-25 19:24:11',NULL),(163,134,'150% - 200%',3,'2022-05-25 19:24:11','2022-05-25 19:24:11',NULL),(164,134,'100% - 149%',2,'2022-05-25 19:24:11','2022-05-25 19:24:11',NULL),(165,134,'<100%',1,'2022-05-25 19:24:11','2022-05-25 19:24:11',NULL),(166,142,'>80%',4,'2022-05-27 11:41:21','2022-05-27 11:41:21',NULL),(167,142,'80%-89%',3,'2022-05-27 11:41:21','2022-05-27 11:41:21',NULL),(168,142,'90%-100%',2,'2022-05-27 11:41:21','2022-05-27 11:41:21',NULL),(169,142,'>100%',1,'2022-05-27 11:41:21','2022-05-27 11:41:21',NULL),(170,144,'>2',4,'2022-05-27 11:46:58','2022-07-22 16:27:39',NULL),(171,144,'1,5 - 2',3,'2022-05-27 11:46:58','2022-07-22 16:27:39',NULL),(172,144,'1,25 - 1,5',2,'2022-05-27 11:46:58','2022-07-22 16:27:39',NULL),(173,144,'<1,25',1,'2022-05-27 11:46:58','2022-07-22 16:27:39',NULL),(174,52,'DP + Pembayaran full',2,'2022-05-27 15:34:10','2022-05-27 15:34:10',NULL),(175,52,'Tunai / COD',3,'2022-05-27 15:34:50','2022-05-27 15:34:50',NULL),(176,52,'Termin 1 - 30 Hari',4,'2022-05-27 15:34:50','2022-05-27 15:34:50',NULL),(177,52,'Termin >30 Hari',4,'2022-05-27 15:34:50','2022-05-27 15:34:50',NULL),(178,97,'Cessie',NULL,'2022-05-24 18:45:44','2022-05-24 18:45:44',NULL),(179,121,'Cessie',NULL,'2022-05-24 18:45:44','2022-05-24 18:45:44',NULL),(180,144,'tes',2,'2022-07-22 16:27:39','2022-07-22 16:27:39',NULL),(181,97,'Tidak Ada',NULL,'2022-10-06 05:03:42','2022-10-06 05:03:42',NULL),(182,121,'Tidak Ada',NULL,'2022-10-06 05:04:56','2022-10-06 05:04:56',NULL),(183,149,'Layak',NULL,'2022-11-14 03:57:42','2022-11-14 03:57:42',NULL),(184,149,'Tidak Layak',NULL,'2022-11-14 03:57:42','2022-11-14 03:57:42',NULL);
/*!40000 ALTER TABLE `option` ENABLE KEYS */;
UNLOCK TABLES;
DROP TABLE IF EXISTS `password_resets`;
/*!40101 SET @saved_cs_client     = @@character_set_client */;
/*!40101 SET character_set_client = utf8 */;
CREATE TABLE `password_resets` (
  `email` varchar(255) COLLATE utf8mb4_unicode_ci NOT NULL,
  `token` varchar(255) COLLATE utf8mb4_unicode_ci NOT NULL,
  `created_at` timestamp NULL DEFAULT NULL,
  KEY `password_resets_email_index` (`email`(191))
) ENGINE=InnoDB DEFAULT CHARSET=utf8mb4 COLLATE=utf8mb4_unicode_ci;
/*!40101 SET character_set_client = @saved_cs_client */;

LOCK TABLES `password_resets` WRITE;
/*!40000 ALTER TABLE `password_resets` DISABLE KEYS */;
/*!40000 ALTER TABLE `password_resets` ENABLE KEYS */;
UNLOCK TABLES;
DROP TABLE IF EXISTS `pendapat_dan_usulan_per_aspek`;
/*!40101 SET @saved_cs_client     = @@character_set_client */;
/*!40101 SET character_set_client = utf8 */;
CREATE TABLE `pendapat_dan_usulan_per_aspek` (
  `id` bigint(20) unsigned NOT NULL AUTO_INCREMENT,
  `id_pengajuan` bigint(20) unsigned NOT NULL,
  `id_staf` bigint(20) DEFAULT NULL,
  `id_penyelia` bigint(20) DEFAULT NULL,
  `id_pincab` bigint(20) DEFAULT NULL,
  `id_pbp` bigint(20) DEFAULT NULL,
  `id_aspek` bigint(20) unsigned NOT NULL,
  `pendapat_per_aspek` text COLLATE utf8mb4_unicode_ci DEFAULT NULL,
  `created_at` timestamp NULL DEFAULT NULL,
  `updated_at` timestamp NULL DEFAULT NULL,
  PRIMARY KEY (`id`),
  KEY `pendapat_dan_usulan_per_aspek_id_pengajuan_foreign` (`id_pengajuan`),
  KEY `pendapat_dan_usulan_per_aspek_id_aspek_foreign` (`id_aspek`)
) ENGINE=InnoDB AUTO_INCREMENT=163 DEFAULT CHARSET=utf8mb4 COLLATE=utf8mb4_unicode_ci;
/*!40101 SET character_set_client = @saved_cs_client */;

LOCK TABLES `pendapat_dan_usulan_per_aspek` WRITE;
/*!40000 ALTER TABLE `pendapat_dan_usulan_per_aspek` DISABLE KEYS */;
INSERT INTO `pendapat_dan_usulan_per_aspek` VALUES (1,1,5,NULL,NULL,NULL,1,'wad','2022-09-21 04:52:23','2022-09-21 04:52:23'),(2,1,5,NULL,NULL,NULL,7,'dwad','2022-09-21 04:52:23','2022-09-21 04:52:23'),(3,1,5,NULL,NULL,NULL,9,'dwa','2022-09-21 04:52:23','2022-09-21 04:52:23'),(4,1,5,NULL,NULL,NULL,10,'dwadwa','2022-09-21 04:52:23','2022-09-21 04:52:23'),(5,1,5,NULL,NULL,NULL,11,'dwadw','2022-09-21 04:52:23','2022-09-21 04:52:23'),(6,1,5,NULL,NULL,NULL,12,'dwad','2022-09-21 04:52:23','2022-09-21 04:52:23'),(7,2,5,NULL,NULL,NULL,1,'hjkh','2022-09-21 13:37:31','2022-09-21 13:37:31'),(8,2,5,NULL,NULL,NULL,7,'gjhgj','2022-09-21 13:37:31','2022-09-21 13:37:31'),(9,2,5,NULL,NULL,NULL,9,'ghjgjh','2022-09-21 13:37:31','2022-09-21 13:37:31'),(10,2,5,NULL,NULL,NULL,10,'ghjgjh','2022-09-21 13:37:31','2022-09-21 13:37:31'),(11,2,5,NULL,NULL,NULL,11,'jkjl','2022-09-21 13:37:31','2022-09-21 13:37:31'),(12,2,5,NULL,NULL,NULL,12,'hjhjk','2022-09-21 13:37:32','2022-09-21 13:37:32'),(13,2,NULL,4,NULL,NULL,1,'wdadaw','2022-09-21 14:00:28','2022-09-21 14:00:28'),(14,2,NULL,4,NULL,NULL,7,'dwadaw','2022-09-21 14:00:28','2022-09-21 14:00:28'),(15,2,NULL,4,NULL,NULL,9,'dwadw','2022-09-21 14:00:28','2022-09-21 14:00:28'),(16,2,NULL,4,NULL,NULL,10,'dwaadw','2022-09-21 14:00:28','2022-09-21 14:00:28'),(17,2,NULL,4,NULL,NULL,11,'dwadaw','2022-09-21 14:00:28','2022-09-21 14:00:28'),(18,2,NULL,4,NULL,NULL,12,'dwadawaw','2022-09-21 14:00:28','2022-09-21 14:00:28'),(19,9,5,NULL,NULL,NULL,1,'oke','2022-09-30 14:21:17','2022-09-30 14:21:17'),(20,9,5,NULL,NULL,NULL,7,'oke','2022-09-30 14:21:17','2022-09-30 14:21:17'),(21,9,5,NULL,NULL,NULL,9,'oke','2022-09-30 14:21:17','2022-09-30 14:21:17'),(22,9,5,NULL,NULL,NULL,10,'oke','2022-09-30 14:21:17','2022-09-30 14:21:17'),(23,9,5,NULL,NULL,NULL,11,'oke','2022-09-30 14:21:17','2022-09-30 14:21:17'),(24,9,5,NULL,NULL,NULL,12,'oke','2022-09-30 14:21:17','2022-09-30 14:21:17'),(31,10,5,NULL,NULL,NULL,1,'wdadw','2022-10-05 06:15:26','2022-10-05 06:15:26'),(32,10,5,NULL,NULL,NULL,7,'dwad','2022-10-05 06:15:26','2022-10-05 06:15:26'),(33,10,5,NULL,NULL,NULL,9,'dwadaw','2022-10-05 06:15:26','2022-10-05 06:15:26'),(34,10,5,NULL,NULL,NULL,10,'dwada','2022-10-05 06:15:26','2022-10-05 06:15:26'),(35,10,5,NULL,NULL,NULL,11,'wdad','2022-10-05 06:15:26','2022-10-05 06:15:26'),(36,10,5,NULL,NULL,NULL,12,'dwdaw','2022-10-05 06:15:26','2022-10-05 06:15:26'),(37,10,NULL,4,NULL,NULL,1,'','2022-10-05 06:31:15','2022-10-11 04:03:55'),(38,10,NULL,4,NULL,NULL,7,'','2022-10-05 06:31:15','2022-10-11 04:03:55'),(39,10,NULL,4,NULL,NULL,9,'','2022-10-05 06:31:15','2022-10-11 04:03:55'),(40,10,NULL,4,NULL,NULL,10,'','2022-10-05 06:31:15','2022-10-11 04:03:55'),(41,10,NULL,4,NULL,NULL,11,'','2022-10-05 06:31:15','2022-10-11 04:03:55'),(42,10,NULL,4,NULL,NULL,12,'','2022-10-05 06:31:15','2022-10-11 04:03:55'),(43,11,5,NULL,NULL,NULL,1,'dwaddwad','2022-10-05 10:50:29','2022-10-05 10:50:29'),(44,11,5,NULL,NULL,NULL,7,'wda','2022-10-05 10:50:29','2022-10-05 10:50:29'),(45,11,5,NULL,NULL,NULL,9,'dwa','2022-10-05 10:50:29','2022-10-05 10:50:29'),(46,11,5,NULL,NULL,NULL,10,'dwa','2022-10-05 10:50:29','2022-10-05 10:50:29'),(47,11,5,NULL,NULL,NULL,11,'dwa','2022-10-05 10:50:29','2022-10-05 10:50:29'),(48,11,5,NULL,NULL,NULL,12,'dwada','2022-10-05 10:50:29','2022-10-05 10:50:29'),(85,9,NULL,4,NULL,NULL,1,'dwaddwad','2022-10-10 10:12:54','2022-10-10 10:15:42'),(86,9,NULL,4,NULL,NULL,7,'dwad','2022-10-10 10:12:54','2022-10-10 10:12:54'),(87,9,NULL,4,NULL,NULL,9,'dwdaw','2022-10-10 10:12:54','2022-10-10 10:12:54'),(88,9,NULL,4,NULL,NULL,10,'dwdaw','2022-10-10 10:12:54','2022-10-10 10:12:54'),(89,9,NULL,4,NULL,NULL,11,'dwdaw','2022-10-10 10:12:54','2022-10-10 10:12:54'),(90,9,NULL,4,NULL,NULL,12,'dwdwa','2022-10-10 10:12:54','2022-10-10 10:12:54'),(97,9,NULL,NULL,NULL,3,1,'wda','2022-10-11 04:10:04','2022-10-11 04:10:04'),(98,9,NULL,NULL,NULL,3,7,'okdwqad','2022-10-11 04:10:04','2022-10-11 04:10:04'),(99,9,NULL,NULL,NULL,3,9,'iojke','2022-10-11 04:10:04','2022-10-11 04:10:04'),(100,9,NULL,NULL,NULL,3,10,'wdad','2022-10-11 04:10:04','2022-10-11 04:10:04'),(101,9,NULL,NULL,NULL,3,11,'okewad','2022-10-11 04:10:04','2022-10-11 04:10:04'),(102,9,NULL,NULL,NULL,3,12,'kwdlad','2022-10-11 04:10:04','2022-10-11 04:10:04'),(103,12,5,NULL,NULL,NULL,1,'dwda','2022-10-11 15:04:03','2022-10-11 15:04:03'),(104,12,5,NULL,NULL,NULL,7,'dwad','2022-10-11 15:04:03','2022-10-11 15:04:03'),(105,12,5,NULL,NULL,NULL,9,'dwadw','2022-10-11 15:04:03','2022-10-11 15:04:03'),(106,12,5,NULL,NULL,NULL,10,'dwadw','2022-10-11 15:04:03','2022-10-11 15:04:03'),(107,12,5,NULL,NULL,NULL,11,'dwa','2022-10-11 15:04:03','2022-10-11 15:04:03'),(108,12,5,NULL,NULL,NULL,12,'1dwad','2022-10-11 15:04:03','2022-10-11 15:04:03'),(109,12,5,NULL,NULL,NULL,11,'dwa','2022-10-13 02:29:49',NULL),(110,12,5,NULL,NULL,NULL,11,'dwa','2022-10-13 02:30:02',NULL),(111,12,5,NULL,NULL,NULL,11,'dwa','2022-10-14 03:32:04',NULL),(112,12,5,NULL,NULL,NULL,11,'dwa','2022-10-14 03:48:48',NULL),(113,20,5,NULL,NULL,NULL,1,'dwada','2022-11-15 06:48:08','2022-11-15 06:48:08'),(114,20,5,NULL,NULL,NULL,7,'dwa','2022-11-15 06:48:08','2022-11-15 06:48:08'),(115,20,5,NULL,NULL,NULL,9,'dwa','2022-11-15 06:48:08','2022-11-15 06:48:08'),(116,20,5,NULL,NULL,NULL,10,'dwada','2022-11-15 06:48:08','2022-11-15 06:48:08'),(117,20,5,NULL,NULL,NULL,11,'dwad','2022-11-15 06:48:08','2022-11-15 06:48:08'),(118,20,5,NULL,NULL,NULL,12,'dwdaw','2022-11-15 06:48:08','2022-11-15 06:48:08'),(119,21,5,NULL,NULL,NULL,1,'Lorem ipsum dolor sit amet, consectetur adipiscing elit, sed do eiusmod tempor incididunt ut labore et dolore magna aliqua','2022-11-17 03:21:24','2022-11-17 03:21:24'),(120,21,5,NULL,NULL,NULL,7,'Lorem ipsum dolor sit amet, consectetur adipiscing elit, sed do eiusmod tempor incididunt ut labore et dolore magna aliqua','2022-11-17 03:21:24','2022-11-17 03:21:24'),(121,21,5,NULL,NULL,NULL,9,'Lorem ipsum dolor sit amet, consectetur adipiscing elit, sed do eiusmod tempor incididunt ut labore et dolore magna aliqua','2022-11-17 03:21:24','2022-11-17 03:21:24'),(122,21,5,NULL,NULL,NULL,10,'Lorem ipsum dolor sit amet, consectetur adipiscing elit, sed do eiusmod tempor incididunt ut labore et dolore magna aliqua','2022-11-17 03:21:24','2022-11-17 03:21:24'),(123,21,5,NULL,NULL,NULL,11,'Lorem ipsum dolor sit amet, consectetur adipiscing elit, sed do eiusmod tempor incididunt ut labore et dolore magna aliqua','2022-11-17 03:21:24','2022-11-17 03:21:24'),(124,21,5,NULL,NULL,NULL,12,'Lorem ipsum dolor sit amet, consectetur adipiscing elit, sed do eiusmod tempor incididunt ut labore et dolore magna aliqua','2022-11-17 03:21:24','2022-11-17 03:21:24'),(125,21,5,NULL,NULL,NULL,11,'Lorem ipsum dolor sit amet, consectetur adipiscing elit, sed do eiusmod tempor incididunt ut labore et dolore magna aliqua','2022-11-17 12:13:58',NULL),(126,22,5,NULL,NULL,NULL,1,'Gatau','2023-01-14 15:03:12','2023-01-14 15:03:12'),(127,22,5,NULL,NULL,NULL,7,'Gatau','2023-01-14 15:03:12','2023-01-14 15:03:12'),(128,22,5,NULL,NULL,NULL,9,'Gatau','2023-01-14 15:03:12','2023-01-14 15:03:12'),(129,22,5,NULL,NULL,NULL,10,'Gatau','2023-01-14 15:03:12','2023-01-14 15:03:12'),(130,22,5,NULL,NULL,NULL,11,'Gatau','2023-01-14 15:03:12','2023-01-14 15:03:12'),(131,22,5,NULL,NULL,NULL,12,'Gatau','2023-01-14 15:03:12','2023-01-14 15:03:12'),(132,22,5,NULL,NULL,NULL,11,'Gatau','2023-01-14 17:48:22',NULL),(133,24,5,NULL,NULL,NULL,1,'Gatau','2023-01-16 02:25:41','2023-01-16 02:25:41'),(134,24,5,NULL,NULL,NULL,7,'Gatau','2023-01-16 02:25:41','2023-01-16 02:25:41'),(135,24,5,NULL,NULL,NULL,9,'Gatau','2023-01-16 02:25:41','2023-01-16 02:25:41'),(136,24,5,NULL,NULL,NULL,10,'Gatau','2023-01-16 02:25:41','2023-01-16 02:25:41'),(137,24,5,NULL,NULL,NULL,11,'Gatau','2023-01-16 02:25:41','2023-01-16 02:25:41'),(138,24,5,NULL,NULL,NULL,12,'Gatau','2023-01-16 02:25:41','2023-01-16 02:25:41'),(139,11,5,NULL,NULL,NULL,11,'dwa','2023-01-16 12:52:13',NULL),(140,25,5,NULL,NULL,NULL,1,'Veniam blanditiis q','2023-01-16 12:57:50','2023-01-16 12:57:50'),(141,25,5,NULL,NULL,NULL,7,'Reprehenderit error','2023-01-16 12:57:50','2023-01-16 12:57:50'),(142,25,5,NULL,NULL,NULL,9,'Obcaecati cumque quo','2023-01-16 12:57:50','2023-01-16 12:57:50'),(143,25,5,NULL,NULL,NULL,10,'Deserunt voluptatem','2023-01-16 12:57:50','2023-01-16 12:57:50'),(144,25,5,NULL,NULL,NULL,11,'Aut ipsum neque labo','2023-01-16 12:57:50','2023-01-16 12:57:50'),(145,25,5,NULL,NULL,NULL,12,'Sed beatae temporibu','2023-01-16 12:57:50','2023-01-16 12:57:50'),(146,25,5,NULL,NULL,NULL,10,'Deserunt voluptatem','2023-01-16 12:59:38',NULL),(147,26,5,NULL,NULL,NULL,1,'Gatau','2023-01-19 04:01:29','2023-01-19 04:01:29'),(148,26,5,NULL,NULL,NULL,7,'Gatau','2023-01-19 04:01:29','2023-01-19 04:01:29'),(149,26,5,NULL,NULL,NULL,9,'Gatau','2023-01-19 04:01:29','2023-01-19 04:01:29'),(150,26,5,NULL,NULL,NULL,10,'Gatau','2023-01-19 04:01:29','2023-01-19 04:01:29'),(151,26,5,NULL,NULL,NULL,11,'Gatau','2023-01-19 04:01:29','2023-01-19 04:01:29'),(152,26,5,NULL,NULL,NULL,12,'Gatau','2023-01-19 04:01:29','2023-01-19 04:01:29'),(153,27,5,NULL,NULL,NULL,1,'Gatau Mantap','2023-01-20 06:22:08','2023-01-20 06:22:08'),(154,27,5,NULL,NULL,NULL,7,'Gatau','2023-01-20 06:22:08','2023-01-20 06:22:08'),(155,27,5,NULL,NULL,NULL,9,'Gatau','2023-01-20 06:22:08','2023-01-20 06:22:08'),(156,27,5,NULL,NULL,NULL,10,'Gatau','2023-01-20 06:22:08','2023-01-20 06:22:08'),(157,27,5,NULL,NULL,NULL,11,'Gatau','2023-01-20 06:22:08','2023-01-20 06:22:08'),(158,27,5,NULL,NULL,NULL,12,'Gatau','2023-01-20 06:22:08','2023-01-20 06:22:08'),(159,27,5,NULL,NULL,NULL,10,'Gatau','2023-01-20 06:26:22',NULL),(160,27,5,NULL,NULL,NULL,10,'Gatau','2023-01-20 06:26:54',NULL),(161,27,5,NULL,NULL,NULL,10,'Gatau','2023-01-20 06:27:44',NULL),(162,27,5,NULL,NULL,NULL,10,'Gatau','2023-01-20 06:28:24',NULL);
/*!40000 ALTER TABLE `pendapat_dan_usulan_per_aspek` ENABLE KEYS */;
UNLOCK TABLES;
DROP TABLE IF EXISTS `pengajuan`;
/*!40101 SET @saved_cs_client     = @@character_set_client */;
/*!40101 SET character_set_client = utf8 */;
CREATE TABLE `pengajuan` (
  `id` bigint(20) unsigned NOT NULL AUTO_INCREMENT,
  `tanggal` date NOT NULL,
  `posisi` enum('Proses Input Data','Review Penyelia','PBP','Pincab','Selesai','Ditolak') COLLATE utf8mb4_unicode_ci DEFAULT NULL,
  `progress_pengajuan_data` int(11) DEFAULT NULL,
  `tanggal_review_penyelia` date DEFAULT NULL,
  `tanggal_review_pbp` date DEFAULT NULL,
  `tanggal_review_pincab` date DEFAULT NULL,
  `status_by_sistem` enum('hijau','kuning','merah') COLLATE utf8mb4_unicode_ci DEFAULT NULL,
  `status` enum('hijau','kuning','merah') COLLATE utf8mb4_unicode_ci DEFAULT NULL,
  `average_by_sistem` decimal(4,2) DEFAULT NULL,
  `average_by_penyelia` decimal(4,2) DEFAULT NULL,
  `average_by_pbp` decimal(4,2) DEFAULT NULL,
  `id_cabang` int(11) DEFAULT NULL,
  `created_at` timestamp NULL DEFAULT NULL,
  `updated_at` timestamp NULL DEFAULT NULL,
  PRIMARY KEY (`id`)
) ENGINE=InnoDB AUTO_INCREMENT=28 DEFAULT CHARSET=utf8mb4 COLLATE=utf8mb4_unicode_ci;
/*!40101 SET character_set_client = @saved_cs_client */;

LOCK TABLES `pengajuan` WRITE;
/*!40000 ALTER TABLE `pengajuan` DISABLE KEYS */;
INSERT INTO `pengajuan` VALUES (1,'2022-09-21','Review Penyelia',98,NULL,NULL,NULL,'kuning',NULL,2.50,NULL,NULL,1,'2022-09-21 04:52:23','2022-09-21 04:54:23'),(2,'2022-09-21','Pincab',98,'2022-09-21',NULL,'2022-09-21','kuning','kuning',3.00,3.00,NULL,1,'2022-09-21 13:37:31','2022-09-21 14:00:45'),(9,'2022-09-30','Pincab',98,'2022-09-30','2022-10-10','2022-10-11','kuning','kuning',2.75,2.91,2.91,1,'2022-09-30 14:21:17','2022-10-11 07:04:52'),(10,'2022-10-05','Review Penyelia',97,'2022-10-05',NULL,NULL,'kuning','hijau',2.92,4.00,NULL,1,'2022-10-05 06:15:26','2022-10-11 04:03:55'),(11,'2022-10-11','Proses Input Data',83,NULL,NULL,NULL,'kuning',NULL,2.55,NULL,NULL,1,'2022-10-05 10:50:29','2023-01-16 12:52:13'),(12,'2022-10-13','Proses Input Data',92,NULL,NULL,NULL,'kuning',NULL,2.75,NULL,NULL,1,'2022-10-11 15:04:03','2022-10-14 03:32:04'),(20,'2022-11-15','Proses Input Data',100,'2022-11-17',NULL,NULL,'hijau',NULL,3.42,NULL,NULL,1,'2022-11-15 06:48:08','2022-11-17 02:39:19'),(21,'2022-11-17','Proses Input Data',100,NULL,NULL,NULL,'kuning',NULL,2.50,NULL,NULL,1,'2022-11-17 03:21:24','2022-11-17 12:13:58'),(22,'2023-01-14','Review Penyelia',100,'2023-01-19',NULL,NULL,'hijau',NULL,3.18,NULL,NULL,1,'2023-01-14 15:03:12','2023-01-19 03:50:34'),(24,'2023-01-16','Proses Input Data',96,NULL,NULL,NULL,'kuning',NULL,2.70,NULL,NULL,1,'2023-01-16 02:25:40','2023-01-16 02:25:41'),(25,'2023-01-16','Proses Input Data',100,NULL,NULL,NULL,'kuning',NULL,2.91,NULL,NULL,1,'2023-01-16 12:57:50','2023-01-16 12:59:38'),(26,'2023-01-19','Proses Input Data',97,'2023-01-19',NULL,NULL,'kuning',NULL,2.82,NULL,NULL,1,'2023-01-19 04:01:29','2023-01-20 06:25:12'),(27,'2023-01-20','Proses Input Data',100,'2023-01-20',NULL,NULL,'kuning',NULL,3.00,NULL,NULL,1,'2023-01-20 06:22:07','2023-01-20 06:28:24');
/*!40000 ALTER TABLE `pengajuan` ENABLE KEYS */;
UNLOCK TABLES;
DROP TABLE IF EXISTS `personal_access_tokens`;
/*!40101 SET @saved_cs_client     = @@character_set_client */;
/*!40101 SET character_set_client = utf8 */;
CREATE TABLE `personal_access_tokens` (
  `id` bigint(20) unsigned NOT NULL AUTO_INCREMENT,
  `tokenable_type` varchar(255) COLLATE utf8mb4_unicode_ci NOT NULL,
  `tokenable_id` bigint(20) unsigned NOT NULL,
  `name` varchar(255) COLLATE utf8mb4_unicode_ci NOT NULL,
  `token` varchar(64) COLLATE utf8mb4_unicode_ci NOT NULL,
  `abilities` text COLLATE utf8mb4_unicode_ci DEFAULT NULL,
  `last_used_at` timestamp NULL DEFAULT NULL,
  `created_at` timestamp NULL DEFAULT NULL,
  `updated_at` timestamp NULL DEFAULT NULL,
  PRIMARY KEY (`id`)
) ENGINE=InnoDB DEFAULT CHARSET=utf8mb4 COLLATE=utf8mb4_unicode_ci;
/*!40101 SET character_set_client = @saved_cs_client */;

LOCK TABLES `personal_access_tokens` WRITE;
/*!40000 ALTER TABLE `personal_access_tokens` DISABLE KEYS */;
/*!40000 ALTER TABLE `personal_access_tokens` ENABLE KEYS */;
UNLOCK TABLES;
DROP TABLE IF EXISTS `users`;
/*!40101 SET @saved_cs_client     = @@character_set_client */;
/*!40101 SET character_set_client = utf8 */;
CREATE TABLE `users` (
  `id` bigint(20) unsigned NOT NULL AUTO_INCREMENT,
  `name` varchar(255) COLLATE utf8mb4_unicode_ci NOT NULL,
  `email` varchar(255) COLLATE utf8mb4_unicode_ci NOT NULL,
  `email_verified_at` timestamp NULL DEFAULT NULL,
  `password` varchar(255) COLLATE utf8mb4_unicode_ci NOT NULL,
  `remember_token` varchar(100) COLLATE utf8mb4_unicode_ci DEFAULT NULL,
  `created_at` timestamp NULL DEFAULT NULL,
  `updated_at` timestamp NULL DEFAULT NULL,
  `role` enum('Administrator','Pincab','PBP','Penyelia Kredit','Staf Analis Kredit') COLLATE utf8mb4_unicode_ci DEFAULT NULL,
  `id_cabang` bigint(20) DEFAULT NULL,
  PRIMARY KEY (`id`)
) ENGINE=InnoDB AUTO_INCREMENT=6 DEFAULT CHARSET=utf8mb4 COLLATE=utf8mb4_unicode_ci;
/*!40101 SET character_set_client = @saved_cs_client */;

LOCK TABLES `users` WRITE;
/*!40000 ALTER TABLE `users` DISABLE KEYS */;
INSERT INTO `users` VALUES (1,'Administrator','admin@mail.com',NULL,'$2y$10$n0EthCJkxqCFgwrmEN28h.0dXgi9RvSSigL5wntuC0P7HMUAFCvmq',NULL,'2022-04-10 23:47:05','2022-04-10 23:47:05','Administrator',NULL),(2,'Pincab','pincab@mail.com',NULL,'$2y$10$Bbg6LRQ46J75AspW3TG21OLL.0927UWQ6lFc.7g8nfN5XI9zx58cm',NULL,'2022-04-10 23:47:05','2022-04-11 02:22:17','Pincab',1),(3,'PBP','pbp@mail.com',NULL,'$2y$10$/zd7oneKr5sW0fHLXIXoZOYZxVj.WGojGa8ezjJbgxV9dU9SD95se',NULL,'2022-04-10 23:47:05','2022-04-10 23:47:05','PBP',1),(4,'Penyelia Kredit','penyelia@mail.com',NULL,'$2y$10$.EPwDPStVjUTMuNHmb8tHOfIgWn/lsnz07N/EVHK7FCNs0Vlzc8im',NULL,'2022-04-10 23:47:05','2022-04-10 23:59:10','Penyelia Kredit',1),(5,'Staf Analis Kredit','stafkredit@mail.com',NULL,'$2y$10$Mvjq8EcWPnBomfYL5T3ciOE0WlMm0KRVK7pEjrFPUl7NAoWPO4sRi',NULL,'2022-04-10 23:47:06','2022-04-11 00:22:35','Staf Analis Kredit',1);
/*!40000 ALTER TABLE `users` ENABLE KEYS */;
UNLOCK TABLES;
/*!40103 SET TIME_ZONE=@OLD_TIME_ZONE */;

/*!40101 SET SQL_MODE=@OLD_SQL_MODE */;
/*!40014 SET FOREIGN_KEY_CHECKS=@OLD_FOREIGN_KEY_CHECKS */;
/*!40014 SET UNIQUE_CHECKS=@OLD_UNIQUE_CHECKS */;
/*!40101 SET CHARACTER_SET_CLIENT=@OLD_CHARACTER_SET_CLIENT */;
/*!40101 SET CHARACTER_SET_RESULTS=@OLD_CHARACTER_SET_RESULTS */;
/*!40101 SET COLLATION_CONNECTION=@OLD_COLLATION_CONNECTION */;
/*!40111 SET SQL_NOTES=@OLD_SQL_NOTES */;

